:020000040800F2
:1000000020FE01205902000827940208338F0208BD
:1000100025940208F710000895C2020800000000AD
:10002000000000000000000000000000A101000826
:100030004D12000800000000F5010008419C020874
:1000400073020008730200087302000873020008BC
:1000500073020008730200087302000873020008AC
:10006000A5750208730200087302000873020008F5
:10007000730200087302000873020008730200088C
:10008000730200087302000873020008730200087C
:10009000730200087302000873020008730200086C
:1000A00073020008159D020873020008730200081D
:1000B000730200087302000873020008730200084C
:1000C000730200087302000873020008730200083C
:1000D0007302000895A202081DA30208A5A3020846
:1000E000730200087302000873020008730200081C
:1000F000730200087302000873020008730200080C
:1001000073020008730200087302000873020008FB
:1001100073020008730200087302000873020008EB
:1001200073020008730200087302000873020008DB
:1001300073020008730200087302000873020008CB
:1001400073020008730200087302000873020008BB
:1001500073020008730200087302000873020008AB
:10016000730200087302000873020008730200089B
:100170007302000873020008730200080000000008
:100180007302000873020008DFF810D000F00EFFC1
:1001900000480047E1E20208AFF3008020FE0120A2
:1001A0002A4B19680868B0E8F04F80F30988BFF35C
:1001B0006F8F4FF0000080F311887047000000003F
:1001C00006480068006880F3088862B661B6BFF32D
:1001D0004F8FBFF36F8F00DF00BF00BF08ED00E05F
:1001E000DFF80C00016841F470010160704700BF46
:1001F00088ED00E0EFF30980BFF36F8F134B1A68AF
:100200001EF0100F08BF20ED108A20E9F04F10609B
:1002100008B44FF0500080F31188BFF34F8FBFF345
:100220006F8F30F0FFFF4FF0000080F3118808BCA3
:1002300019680868B0E8F04F1EF0100F08BFB0EC66
:10024000108A80F30988BFF36F8F704758350020FC
:10025000EFF30580704700000648804706480047D6
:10026000FEE7FEE7FEE7FEE7FEE7FEE7FEE7FEE766
:10027000FEE7FEE7059D0208890100082DE9F05F11
:100280000546002092469B46884606468146402405
:100290001BE0284641464746224600F051F85346A7
:1002A0005A46C01A914110D311461846224600F012
:1002B0004BFB2D1A67EB01084F4622460120002117
:1002C00000F042FB17EB00094E41201EA4F101048F
:1002D000DFDC484631462A464346BDE8F09F2DE91B
:1002E000F0410024061B254671F1000605DA0124C1
:1002F0000027D0EB070067EB0101161E73F1000623
:1003000005DA0027D2EB0702012567EB0303FFF7AD
:10031000B5FF86460E4617469C46AC4204D00025E3
:10032000D0EB050E65EB010624B10020D2EB0007EF
:1003300060EB030C704631463A466346BDE8F081F7
:10034000202A04DB203A21FA02F00021704721FA2A
:1003500002F3D040C2F12002914008431946704791
:10036000A0F14101192900D8203070470649074AF9
:100370000868504343F2390210440860400870474F
:1003800001490860704700009CC301206D4EC641C2
:1003900010B540EA01040346A40703D009E010C9E0
:1003A000121F10C3042AFAD203E011F8014B03F81C
:1003B000014B521EF9D210BDD2B201E000F8012B60
:1003C000491EFBD270470022F6E710B513460A46D5
:1003D00004461946FFF7F0FF204610BD30B505462C
:1003E0002A460B4612F8010B13F8014B08B1A04244
:1003F000F8D01CB1002802D06D1CF1E7284630BDB2
:1004000010B5044604E00B7800F8013B03B1491C29
:10041000521EF8D2204610BD421C10F8011B0029C4
:10042000FBD1801A704710B5002200E0521C835C9B
:100430008C5CA34201D1002BF8D1D8B2E1B2401AB2
:1004400010BD30B504460020034600E05B1C93421B
:1004500003D2E05CCD5C401BF8D030BD034611F800
:10046000012B00F8012B002AF9D11846704730B54E
:1004700005460020034600E05B1C934205D2EC5C7D
:10048000C85C201A01D1002CF6D130BD70B50646EB
:100490002CF052F8046805460A220021304600F08C
:1004A000A1FC2C6070BD2DE9FE4F804681EA03005F
:1004B000C00F0C46009021F0004123F00045B8EB3E
:1004C0000200A94105D24046214690461C460B46F3
:1004D000024623F00040104347D0270DC7F30A001F
:1004E000C3F30A510290401A019040286BDAC3F31B
:1004F000130040F4801B0098924620B10023D2EBF9
:10050000030A63EB0B0B01985946C0F140025046B9
:1005100000F01AFA06460D4650465946019A00F078
:1005200022FA10EB08006141002487EA115284EAA4
:10053000E7731A4340D0009A62B3019A012A4FEA46
:10054000075215DC001B61EB02014FF0004202EA8A
:100550000752CDE90042001C41F5801132462B467E
:1005600000F0BEFC03B0BDE8F08F40462146F9E73D
:10057000001B61EB0201001C41F5801300185B4178
:100580002018A2F5001747EB030140EAD570B61911
:100590006D4111E06D084FEA360645EAC0754FEA35
:1005A0000752001B61EB0201001C41F58011490854
:1005B0004FEA30000019514132462B4603B0BDE8E6
:1005C000F04F00F07EBC0098012240000023D0EBE9
:1005D000020263EBE073009821464FEAE074B8EB47
:1005E000000061EB0401E9E783F000435BE781F081
:1005F000004158E72DE9FE4F81EA030404F000446E
:1006000021F0004100944FF0000B23F0004350EA2A
:1006100001045ED052EA03045BD0C3F30A54C1F371
:100620000A552C44A4F2F3340194A0FB0254C1F304
:10063000130141F48011C3F3130343F4801301FB4E
:10064000024400FB034E840A970A44EA815447EAB5
:100650008357A4FB076802958D0A05FB07854FEABF
:10066000932C04FB0C542705029D4FEA065847EAD9
:100670001637B5EB08056EEB070C870E920E47EAAE
:10068000811742EA8312A7FB0201B6EB0B0164EB70
:1006900000042B0D43EA0C335E1844EB1C50DA4681
:1006A0005146E7FB0201C5F313044FEA0B3343EA5B
:1006B00014534FEA0432019C43EA0603A4F10C04EC
:1006C0000294009CCDE900B400F00AFC03B0BDE840
:1006D000F08F00200146F9E72DE9F04D81EA03048F
:1006E00004F0004B21F0004514464FF0000A23F0BF
:1006F000004150EA050220D054EA01021DD0C5F3A2
:100700000A570246C5F31303C1F31300C1F30A5697
:1007100040F4801543F48013A7EB0608101BD6465F
:1007200008F2FD3873EB050002D308F1010801E07F
:1007300092185B41B8F1000F03DA00200146BDE8D2
:10074000F08D00204FF48011064684460EE0171B02
:1007500073EB050705D3121B63EB050306434CEA55
:10076000010C49084FEA300092185B4150EA01073A
:10077000EDD152EA030012D082EA040083EA0501B7
:10078000084305D0101BAB4106D20122002306E02E
:1007900000224FF0004302E06FF0010253101AEB09
:1007A00006004CEB085110EB0A0041EB0B01BDE8D1
:1007B000F04D00F086BB0EB540F2334102910021AE
:1007C000CDE900110A460B4600F08AFB03B000BDDC
:1007D00010B500F0004420F00040C20DC0F3160038
:1007E00040F400007F2A02DA0020014610BD0021FB
:1007F000962A03DCC2F19602D04002E0963A00F05D
:10080000A3F8002CF2D00023D0EB030063EB01012E
:1008100010BD70B5C1F30A5201F000450024C1F3C8
:10082000130140F2FF3341F480119A4201DA0020B3
:1008300070BD40F233439A42A2F2334203DC52428B
:10084000FFF77EFD00E090402C43F1D0404270BDA8
:10085000C1F30A5210B5C1F3130140F2FF3341F462
:1008600080119A4201DA002010BD40F233439A42CF
:10087000A2F2334203DC5242FFF762FD10BD90400A
:1008800010BD000030B5041E71F1000404DB4FF010
:100890000044404264EB0101141E73F1000405DBC7
:1008A0001C464FF00043524263EB04038B4208BFE7
:1008B000824230BD30B5041E71F1000404DB4FF0FC
:1008C0000044404264EB0101141E73F1000405DB97
:1008D0001C464FF00043524263EB0403994208BFA9
:1008E000904230BD01F0004330B421F0004150EAA5
:1008F000010206D00A0DA2F56072C1F31301002AAD
:1009000002DC30BC00207047440F44EAC104C1003F
:10091000E01830BC00EBC25000F09CBA30B50B467A
:10092000014600202022012409E021FA02F59D421F
:1009300005D303FA02F5491B04FA02F52844151EF3
:10094000A2F10102F1DC30BD202A04DB203A00FADA
:1009500002F1002070479140C2F1200320FA03F316
:10096000194390407047202A06DBCB17203A41FA02
:1009700002F043EAE07306E041FA02F3D040C2F12C
:10098000200291400843194670473A2800D2303877
:1009900020F02002412A01D3A2F13700884201D37E
:1009A0004FF0FF30704700002DE9FF4F087883B00B
:1009B0009946FF2805D0491C2D2804D0002400208A
:1009C00008E000200BE00124F9E700EB800003EBD6
:1009D0004000491C0B78FF2BF7D104B140420023A3
:1009E0000293147819461D462D2C01D02B2C04D1CE
:1009F000521C2D2C13D000240294AA461478FF2CEC
:100A00000FD00A25A3FB057801FB05814FF0000CF0
:100A100003FB0C11521CE3194AEB0101EEE7012420
:100A2000EAE7814453EA010002D019F5C87F06DAEB
:100A300003980021C0E9001107B0BDE8F08F002540
:100A4000AE4E2F46DFF8B882184600F01DFBCDE908
:100A50000001B9F1000002DAC9F1000400E0044627
:100A60000023A74A1AEB030B42EB045A12E0E007FB
:100A700007D02A46334638464146FFF7BBFD0746B6
:100A800088462A46334610461946FFF7B3FD054609
:100A90000E466410002CEAD1DDE90001B9F1000F27
:100AA0005A46534606DAFFF717FE3A464346FFF723
:100AB00013FE05E0FFF79EFD3A464346FFF79AFD19
:100AC000029A0AB181F00041039AC2E90001B3E73A
:100AD0002DE9FF4F1F468DB0D7E901464FF0FF3893
:100AE0002E2045464FF000090B90B9696D1C0E98F9
:100AF0008847396A824688470028F6D1BAF1FF3F15
:100B00000AD024F4D064002E11DDBAF12B0F08D0E6
:100B1000BAF12D0F0BD102E0404611B08DE744F43D
:100B20008064B9696D1C0E9888478246761E6946B6
:100B3000600501D52D2000E02B208DF8000001F18B
:100B4000010B0DF1200809E0B9696D1C0E9888476A
:100B500082460F9844F40074761E0560002E02DD74
:100B6000BAF1300FF0D00B998A453ED144F08004A1
:100B700006E00F99681CA9F1010944F400740860AB
:100B8000B9696D1C761E0E98884782463028F0D0D1
:100B90002BE00B998A4505D1200603D444F080044C
:100BA000761E18E050462BF001FE08B30DF113013C
:100BB000761E44F400748B4508D2AAF130000BF87D
:100BC000010B200607D5A9F1010003E0200602D49D
:100BD00009F101008146A00502D50F99681C086043
:100BE000B9696D1C0E9888478246002ED1DC53E00F
:100BF000002E51DDBAF1650F02D0BAF1450F4BD18D
:100C0000A00549D5B9696D1C24F44074761E0E9870
:100C100088478246002E0CDD2B2804D0BAF12D0F18
:100C200007D144F48074B9696D1C0E9888478246D8
:100C3000761EE00501D52D2100E02B2108F8011BCF
:100C4000CDF82C8021E00DF12901761E44F40074CA
:100C500088450CD2AAF1300010F0FF0088F800009F
:100C600002D10B99884509D908F1010806E0E00591
:100C700001D5244801E042F20F708146B9696D1C2C
:100C80000E98884782460F980560002E04DD504676
:100C90002BF08CFD0028D6D1F9690E988847FF20EB
:100CA0008BF8000088F800000020069007904B4663
:100CB0006A4608A906A8FFF777FEA00502D46FF0E0
:100CC00001002AE714F0240F0AD0E00714D1DDE96F
:100CD00006123868031D3B600068C0E900120BE093
:100CE000DDE90601FFF7FEFD0146E00704D13868A3
:100CF000021D3A600068016028460EE700001440BB
:100D00000000F03FF1D8FFFF426842B1016811F8DE
:100D1000013B23B1521EC0E9001218467047012161
:100D2000C160881E704742685AB1C368016843B900
:100D300083688B4205D0491E521CC0E90012002076
:100D400070474FF0FF3070470FB4002300B589B0F3
:100D50000CA900910B996FF00042CB601E4B0693DB
:100D60001E4B07930423CDE901321D4A0892024627
:100D70006B460020FFF7ACFE09B05DF814FB70B5C0
:100D800086B006464FF0FF300091CDE9010100200A
:100D900015460C4604903246694604A8FFF7D4FF76
:100DA00002460498211825B108B1084600E0204603
:100DB0002860049800280DD0002A02DD009888429F
:100DC00008D0081B0094CDE901043246694604A806
:100DD000FFF7BAFF06B070BD090D0008270D000827
:100DE000D90F00082DE9F04791460F46804604468A
:100DF000002614F8015B2DB100F0EAF80068405DB0
:100E0000C007F6D12B2D02D02D2D18D0641E4A46D6
:100E10003946204600F0E9F827B13968A14201D1EE
:100E2000C7F8008071054FF002040BD5404200283E
:100E300003DD2BF081FB0460A007BDE8F08746F4DA
:100E40008066E4E70028F8DA2BF076FB04606FF0A8
:100E50000040F2E70029A8BF7047401C490008BFC6
:100E600020F00100704710B4B0FA80FC00FA0CF0DA
:100E700050EA010404BF10BC704749B1CCF1200412
:100E800021FA04F411FA0CF118BF0121214308439F
:100E9000A3EB0C01CB1D4FEA00614FEA102042BFCB
:100EA000002010BC704700EBC35010440029A4BFC1
:100EB00010BC7047401C490008BF20F0010010BC66
:100EC000704710B5141E73F1000408DA401C41F19C
:100ED000000192185B411A4301D120F0010010BDBE
:100EE0002DE9F04D92469B4611B1B1FA81F202E034
:100EF000B0FA80F220329046FFF726FD04460F46F6
:100F000040EA0A0041EA0B0153465A46084313D00F
:100F1000114653EA010019D0C8F140025046FFF7CC
:100F20000FFA05460E46504659464246FFF70CFD5D
:100F3000084305D0012004E020463946BDE8F08D85
:100F40000020054346EAE0762C4337430A986305C0
:100F5000E40AA0EB08000022FD0A44EA47540A30E4
:100F600002D500200146E9E7010510196941DDE9D4
:100F7000084500196941BDE8F04DA2E7C1F30A52E6
:100F8000C1F3130140F2FF3341F480119A4202DAB7
:100F900000200146704740F233439A42A2F23342A6
:100FA00002DC5242FFF7CCB9FFF7CEBC064C074D2E
:100FB00006E0E06840F0010394E807009847103429
:100FC000AC42F6D3FFF7E4F83C9004087C900408A8
:100FD00000487047BC12040810B50446FFF7F8FF3C
:100FE0000068005D00F0010010BD2DE9F05F824651
:100FF0000078002715468B460AF10104B9463028CF
:1010000001D09DB113E014F8010B0127782803D01B
:10101000582801D045B10AE00DB1102D07D10027A5
:10102000102514F8010B02E0082500E00A2500262F
:10103000B0460EE005FB080005FB06F1012701EBB9
:1010400010461FFA80F8B6F5803F00D3B94614F871
:10105000010B2946FFF799FC0028EBDABBF1000FE2
:1010600005D00FB1641E00E05446CBF80040B9F142
:10107000000F06D02BF060FA02210160C81EBDE807
:10108000F09F48EA0640FAE70EB540F2334202927A
:101090000022CDE900221346FFF722FF03B000BD76
:1010A00070B58C1810F8015B15F0070301D110F82A
:1010B000013B2A1106D110F8012B03E010F8016B57
:1010C00001F8016B5B1EF9D12B0705D40023521EDA
:1010D0000DD401F8013BFAE710F8013BCB1A921C42
:1010E00003E013F8015B01F8015B521EF9D5A14240
:1010F000D8D3002070BDFEE770B50546D0F898053E
:101100000426C46994F84E0003281AD0042820D17C
:10111000217B28462AF0DCF801281AD1217B2846B9
:101120002AF0C1F8A16A814214D0628B824211D2A6
:10113000091AA162216A08442062032084F84E0043
:101140000EE0237B628B2846216A29F08BF984F814
:101150004E6070BD002084F84E00284629F0A8FBA0
:10116000C5F8FC653146D5F8F405BDE870400022AD
:101170002DF002BFF8B50546D0F898050127C469DF
:1011800094F84D0001280ED002281AD1617B284620
:101190002AF09EF80426012814D0022811D100BF9D
:1011A00084F84D7020E0228B606A0097637B904248
:1011B00000D882B22846E16929F064F9022084F857
:1011C0004D00F8BD208B616A0022814206D9091AC0
:1011D0006162E3691844E061E2D100E0626284F890
:1011E0004D20284629F09FFBC5F8FC653146D5F80F
:1011F000F405BDE8F84000222DF0BEBE10B5002277
:101200004FEA020100EB8203521CC3F8A0150F2A1B
:10121000F8D300224FF400738418521C84F81C1178
:101220009A42F9D30170417001228270C0F8E01532
:10123000027640238371417680F81C1380F81D23C9
:1012400080F81F1380F81E13002010BD70470000A7
:101250000021074A12F81130834203D102EB41000A
:1012600040787047491C0B29F4D3012070470000D7
:10127000748603082DE9FF4FADF28C7D98461FF070
:101280007FFB0646002750210DF5E760FFF79BF82E
:10129000B946CDF82893CDF82C93CDF83093CDF8FE
:1012A0003493CDF81893CDF81C93CDF82093CDF856
:1012B0002493342113A8FFF786F820A809F05CF8DE
:1012C000C4A8FFF7E3F805460020724951F8202032
:1012D000AA4202D0401C0528F8D3052841D002209C
:1012E0008DF87C008DF829938DF82A038DF828035A
:1012F000CA218DF82B1303218DF82C138DF82D1393
:10130000FD228DF82E23CDF834930B02CDE9041283
:1013100040F2066140F60624CDE90010CDE9024313
:101320005D4B5EA203216CA019F06AFC16950DF5C9
:10133000E76113A819F0CAF850EA010215D0CDE907
:10134000020140F20F600090534B65A2002162A0A1
:1013500019F056FC4FF4807000210DF29C7DBDE821
:10136000F08F4FF480700021F7E700240DF5E9605D
:101370000DF54A7A0DF54E7BCDF88807ADF8304370
:10138000CDE910A940226846DDF88817FFF700F87C
:101390000DF5E7600FC819F0F1FA50EA01020AD022
:1013A000CDE9020140F2166000903B4B55A20021AE
:1013B00049A019F025FCC6A8CDE9100B40226846CB
:1013C000DDF88817FEF7E4FF0DF5E7600FC819F0A8
:1013D000E3F9084336D19DF81B039DF82C1388428E
:1013E00030D19DF81C039DF82B1388422AD19DF81B
:1013F0001903012826D19DF81D039DF82D1388425D
:1014000020D19DF81E039DF82E1388421AD19DF815
:10141000380304F075F888F8000070B1DDF88C0727
:101420000560DDF890079DF828130170DDF894073A
:101430009DF82B13017001270AE0B1684FF47A7010
:10144000884702E0B16814208847641C052C95DBAE
:1014500040226846DDF88817FEF79AFF0DF5E76031
:101460000FC818F055FF50EA01020AD0CDE9020179
:1014700040F232600090084B2CA2002116A019F017
:10148000BFFB17B10020014667E74FF480700021D1
:1014900063E70000088603080A8803085B25733A9F
:1014A000256429205472792028702C20732C2072F6
:1014B0002C206329203D202825642C2030782530DD
:1014C00034782C203078253034782C203078253032
:1014D0003278253032782900616461707465720059
:1014E0005B25733A25642920446A694C696E6B65F3
:1014F000725F496E69742C20737461743A256C6C48
:10150000640000005B25733A25642920446A694C15
:10151000696E6B65725F53656E644D73672C2073E3
:101520007461743A256C6C64000000005B25733AAA
:1015300025642920446A694C696E6B65725F446555
:10154000496E69742C20737461743A256C6C640064
:10155000024949780170002001467047403600205A
:101560000021074A12F83130834203D102EBC10057
:1015700040687047491C0B29F4D302A07047000053
:101580001C860308556E6B6E6F776E0001484068CD
:1015900070470000403600202DE9F04F8DB08046A6
:1015A0000F46164600251FF0CDF918B31FF0B8F905
:1015B00010B91FF0D3F948B11FF0B2F910B11FF004
:1015C000CDF928B11FF0ACF920B108E0012429E0E1
:1015D000022427E01FF0C2F908B1032422E040F200
:1015E0004D6000905C4B5DA2002163A019F008FBE8
:1015F000002417E01FF094F920B91FF0AFF908B1EB
:1016000005240FE01FF08CF910B11FF0A7F920B3EB
:1016100040F256600090504B50A2002156A019F0A5
:10162000EFFA002434700020554EC0EBC002B15CCC
:1016300041450DD191194978B94209D1012C0ED0FB
:10164000022C11D0032C14D0052C17D0042C1AD046
:10165000401C0F28E9D3DDB178E00424E2E7C0EBB9
:10166000C00188198578F6E7C0EBC0018819C578F4
:10167000F1E7C0EBC00188190579ECE7C0EBC001C8
:1016800088198579E7E7C0EBC00188194579E2E759
:10169000384600F0B5F881464046FFF761FF8246C4
:1016A000204600F08FF840F27B61CDE90010CDE9D3
:1016B00002A9294B33A201212FA019F0A1FA00247D
:1016C0002F49C4EBC4000A5C424536D146187078F5
:1016D000B84232D1307923F0A9F98146032000F0D5
:1016E00071F88246F07823F0A1F90C90022000F006
:1016F00069F80B90B07823F099F90646012000F0C4
:1017000061F80A90384600F07BF883464046FFF7C0
:1017100027FFDDE90B12CDE907A9CDE905120A99EA
:101720000190CDE902B140F28360009004960A4B2B
:10173000234A012110A019F063FA641C0F2CBFD3B7
:101740001FF01EF981684FF4FA7088470DB02846E3
:101750000021BDE8F08F0000428803085B25733A42
:10176000256429204572726F72206C696E6B20634C
:101770006F6E666967000000616461707465720075
:10178000DC8603085B25733A256429204E6F74209C
:10179000737570706F7274205B25735D206C696E59
:1017A0006B20636F6E666967206F6E205B25735DCB
:1017B00020616E64205B25735D2E0D0A0000000021
:1017C000B02204080021074A12F83130834203D1C5
:1017D00002EBC10040687047491C0529F4D302A000
:1017E00070470000B4860308556E6B6E6F776E000D
:1017F0000249897801700020014670474036002078
:101800000021074A12F83130834203D102EBC100B4
:1018100040687047491C0529F4D302A070470000B6
:101820008C860308556E6B6E6F776E0070B594B042
:10183000002610961196129613960C960D960E96FB
:101840000F96202104A8FEF7BEFD8DF8416002200E
:101850008DF842008DF84000CA208DF84300C32067
:101860008DF844008DF8456001208DF84600FFF7A3
:101870008DFE03214FF4FA721E2304ACCDE9022140
:10188000CDE900430CAB002210A908F0A7F90446EB
:101890000D469DF8100058B13546044640F2B2613D
:1018A000CDE90010044B05A2002110A019F0A8F901
:1018B00014B02046294670BD658803085B25733A3D
:1018C000256429204661696C656420746F20676512
:1018D000742076657273696F6E2C206572726F72F8
:1018E00020636F64652025640000000061646170FE
:1018F000746572002DE9FF4FADF2045D9B46DDF883
:1019000038551FF03DF807464FF0000950210DF5FE
:101910009560FEF758FD002026902790289029908A
:10192000229023902490259021908DF850001EF055
:10193000F7FF0DF59761CDF8001510B11FF00EF807
:1019400020B11EF0EDFF002879D0D8E100201390DF
:101950000DF59F621BA916A803C2FE48139900EB60
:101960000114E06800286BD020788DF880004FF0DB
:10197000000C8DF899C002218DF89A108DF898000E
:1019800061788DF89B10A2788DF89C20E3788DF813
:101990009D3026798DF89E60CDF8A4C04FEAC26CC8
:1019A0004FEADC4C4CEA52124FEAC16C4FEADC4C75
:1019B0004CEA5111CDE90212CDE904364FF48E61A3
:1019C000CDE90010E44BE5A20321F3A019F018F9CA
:1019D0004FF000080EE11EF0A3FF824602208DF8B2
:1019E0005400E06808EBC806102101EB8601405A5C
:1019F0001A90E068222101EB8601405A1F90E068AE
:101A000000EB8601DDF8F804FEF728FD1221E068FE
:101A100001EB86010144DDF8FC04FEF71FFDDAF856
:101A200000300022DEA1DDF8F804984750EA0102F8
:101A30000DD0CDE9020140F28140C74B01E0E7E063
:101A4000DCE00090D9A20021D3A019F0D9F80DF55F
:101A5000956114A818F03AFD50EA01020AD0CDE9C8
:101A6000020140F286400090BB4BD8A20021CAA0E0
:101A700019F0C6F80026ADF8A060002026A9CDE92F
:101A8000101040226846DDF80015FEF781FC0DF5C8
:101A900095600FC818F072FF50EA01020AD0CDE934
:101AA000020140F28E400090AB4BD1A20021BAA0BF
:101AB00019F0A6F8B968142088470DF1A80A22A8E1
:101AC000CDE9100A40226846DDF80015FEF760FCFB
:101AD0000DF595600FC818F05FFE084362D19DF8C0
:101AE0008B009DF89C1088425CD19DF88C009DF87D
:101AF0009B10884256D19DF88900012852D19DF84B
:101B00008D009DF89D1088424CD19DF88E009DF867
:101B10009E10884246D10AF1020A40F29C40CDE96B
:101B2000000A8D4BBCA203219BA019F069F8504616
:101B300003F0CCFC8BF8000038B3DDF808059DF805
:101B400098100170DDF80C059DF89B1001709DF850
:101B5000980028709DF89B0068709BF80000A870A2
:101B6000022028711A98A8611F98E86205F1080000
:101B7000DDF8F814FEF772FC05F11C00DDF8FC142A
:101B8000FEF76CFC4FF0010910E04FF494600090F8
:101B9000714BA8A2012180A019F032F8B9684FF466
:101BA0007A708847761C052EFFF665AF402268469E
:101BB000DDF80015FEF7ECFB0DF595600FC818F089
:101BC000A7FB50EA01020AD0CDE9020140F2B7407A
:101BD0000090614B9FA200216FA019F011F8B9F19C
:101BE000000F05D0002001460DF2145DBDE8F08F16
:101BF00008F10108A06840453FF7EDAE1398401C7E
:101C0000139013980228FFF4A8AEEC200021EBE714
:101C10001EF0A4FE002872D001208DF8540000258B
:101C20008DF8585042F6A341ADF85A104FF2010119
:101C3000ADF85C10ADF85E508121ADF86010ADF8E4
:101C4000620002218DF880108DF899508DF89A105D
:101C50008DF8981065228DF89B2028228DF89C2005
:101C60008DF89D508DF89E00299502AC40F6010339
:101C700040F203522CC4059040F2DA40CDE9000155
:101C8000354B36A2032144A018F0BAFF0DF595613B
:101C900014A818F01BFC50EA01020AD0CDE9020199
:101CA00040F2E24000902C4B48A200213AA018F0EC
:101CB000A7FF002426AE0DF1880A2AADADF8A0409A
:101CC0000020CDE9106040226846DDF80015FEF7DF
:101CD0005FFB0DF595600FC818F050FECDE910A51B
:101CE00040226846DDF80015FEF752FB0DF59560C1
:101CF0000FC818F051FD08430DD0FBE0FFE740F29C
:101D0000CB400090144B5CA2002123A018F078FF78
:101D1000EC20002168E79DF88B009DF89C1088421C
:101D200016D19DF88C009DF89B10884210D19DF82B
:101D3000890001280CD19DF88D009DF89D108842E6
:101D400006D19DF88E009DF89E10884200D1ABE030
:101D5000D0E00000E8850308A78703085B25733AF5
:101D6000256429205472792028702C20732C20722D
:101D70002C206329203D202825642C203078253014
:101D800034782C203078253034782C203078253069
:101D90003278253032782900616461707465720090
:101DA0003235352E3235352E302E30005B25733AE4
:101DB000256429206E6574776F726B20696E697473
:101DC000206572726F723A256C6C64005B25733A01
:101DD00025642920446A694C696E6B65725F496E9F
:101DE00069742C20737461743A256C6C6400000073
:101DF0005B25733A25642920446A694C696E6B65DA
:101E0000725F53656E644D73672C20737461743A0E
:101E1000256C6C64000000005B25733A2564292062
:101E20004169726372616674207365726965733AA1
:101E3000202573005B25733A25642920556E6B6E4F
:101E40006F7720616972637261667420736572696D
:101E500065732E005B25733A25642920446A694C1A
:101E6000696E6B65725F4465496E69742C2073748A
:101E700061743A256C6C64005B25733A25642920F3
:101E80004E6574776F726B20616E64207573626249
:101E9000756C6B206C696E6B20636F6E6669672072
:101EA0006572726F722E000005F102088D4B40F2D0
:101EB000F740AFF29C02CDE900080321AFF22810F1
:101EC00018F09EFE404603F001FB8BF8000060B165
:101ED000DDF808059DF898100170DDF80C059DF8F7
:101EE0009B1001704FF001090CE0B9684FF47A7053
:101EF000884702E0B96814208847641CB4F5FA7F6B
:101F0000FFF6DCAE40226846DDF80015FEF740FA29
:101F10000DF595600FC818F0FBF950EA01020CD0DE
:101F2000CDE902016F4B40F20B50AFF2D802002115
:101F30000090AFF29C1018F063FEB9F1000F02D0D0
:101F40000020014650E602208DF880004FF0000886
:101F50008DF899808DF89A008DF8980065218DF89C
:101F60009B1027218DF89C108DF89D8001218DF804
:101F70009E10CDF8A48040F20173CDE9033840F201
:101F800003520591574B029240F21C51AFF234229A
:101F9000CDE900100321AFF2002018F031FE0DF55D
:101FA000956114A818F092FA50EA01020CD0CDE91C
:101FB00002014C4B40F22450AFF2F012002100908D
:101FC000AFF22C2018F01CFE0024ADF8A040002039
:101FD000CDE9106040226846DDF80015FEF7D8F91B
:101FE0000DF595600FC818F0C9FCCDE910A5402289
:101FF0006846DDF80015FEF7CBF90DF595600FC8C2
:1020000018F0CAFB084341D19DF88B009DF89C1045
:1020100088423BD19DF88C009DF89B10884235D1B9
:102020009DF88900012831D19DF88D009DF89D1003
:1020300088422BD19DF88E009DF89E10884225D1B4
:1020400005F10208274B40F23950AFF23422CDE9B6
:1020500000080321AFF2C02018F0D2FD404603F083
:1020600035FA8BF8000060B1DDF808059DF898108E
:102070000170DDF80C059DF89B1001704FF001090F
:102080000BE0B9684FF47A70884702E0B968142011
:102090008847641CB4F5FA7F97DB40226846DDF878
:1020A0000015FEF775F90DF595600FC818F030F9B9
:1020B00050EA01020CD0CDE902010A4B40F24D502A
:1020C000AFF2702200210090AFF2343018F098FD8A
:1020D000B9F1000F02D00020014685E54FF4807071
:1020E000002181E5A78703082DE9FF4FADF2445D8C
:1020F00082468B4698461EF043FC06460027502138
:102100000DF2EC40FEF75FF9B946CDF8DC90CDF862
:10211000E090CDF8E490CDF8E890CDF8CC90CDF8F3
:10212000D090CDF8D490CDF8D890CDF8C890342187
:1021300013A8FEF748F9434659465046DDF84C25AA
:10214000FFF798F804460D462C434AD002208DF83C
:102150007C0000238DF8DD308DF8DE008DF8DC008A
:10216000E5218DF8DF1065218DF8E01003228DF850
:10217000E120FD218DF8E2103A93CDE9042140F2EF
:10218000035340F2C5211C1DCDE90010CDE90243E7
:10219000EF4BF0A20321FEA018F032FD0020CDF895
:1021A0003C050DF2FC40CDF84005FB48DDF83C1540
:1021B00050F8210016900DF2EC4113A818F086F9A2
:1021C00004460D4654EA050011D040F2CF2000909D
:1021D000DF4BF2A20021CDE90245EDA018F010FD81
:1021E0009DE0002001460DF2545DBDE8F08F4FF0F8
:1021F0000009ADF8E490002037A9CDE91010402285
:102200006846DDF84015FEF7C3F80DF2EC400FC844
:1022100018F0B4FB0D46044654EA05000AD040F21B
:10222000D6200090CA4BE6A20021CDE90245D8A0F5
:1022300018F0E6FC3BA833A9CDE91010402268460F
:10224000DDF84015FEF7A4F80DF2EC400FC818F0C9
:10225000A3FA04460D4654EA050039D19DF8CF0093
:102260009DF8E010884233D19DF8D0009DF8DF1032
:1022700088422DD19DF8CD00012829D19DF8D100AB
:102280009DF8E110884223D19DF8D2009DF8E2101C
:1022900088421DD19DF8EC0003F032F988F8000067
:1022A00088B1BD48DDF83C1550F82100CAF800009F
:1022B0009DF8DC008BF80000DDF84C059DF8DF1080
:1022C000017001270CE0B1684FF47A70884702E092
:1022D000B1681420884709F10109B9F1050F88DBBD
:1022E00040226846DDF84015FEF752F80DF2EC404A
:1022F0000FC818F00DF804460D4654EA05000AD040
:1023000040F2F1200090924BB7A20021CDE90245A6
:102310009FA018F075FC17B10020014663E7DDF8B7
:102320003C05401CCDF83C05DDF83C050528FFF4D4
:102330003CAF02208DF87C0000238DF8DD308DF855
:10234000DE008DF8DC00CA218DF8DF1003218DF846
:10235000E0108DF8E110FD228DF8E2203A930B0297
:10236000CDE90412191D40F60624CDE90010CDE98F
:102370000243774B77A2032185A018F041FC00208F
:10238000CDF83C058448DDF83C1550F82100169046
:102390000DF2EC4113A818F099F80D46044654EAE2
:1023A00005000BD040F20E300090694B7BA200215B
:1023B000CDE9024576A018F023FC97E04FF0000924
:1023C000ADF8E490002037A9CDE91010402268460E
:1023D000DDF84015FDF7DCFF0DF2EC400FC818F0FA
:1023E000CDFA04460D4654EA05000AD040F21530F5
:1023F0000090574B72A20021CDE9024564A018F06D
:10240000FFFB3BA833A9CDE9101040226846DDF858
:102410004015FDF7BDFF0DF2EC400FC818F0BCF9F8
:102420000D46044654EA050039D19DF8CF009DF8C9
:10243000E010884233D19DF8D0009DF8DF1088422B
:102440002DD19DF8CD00012829D19DF8D1009DF80E
:10245000E110884223D19DF8D2009DF8E210884215
:102460001DD19DF8EC0003F04BF888F8000088B10E
:102470004948DDF83C1550F82100CAF800009DF8E5
:10248000DC008BF80000DDF84C059DF8DF100170D2
:1024900001270CE0B1684FF47A70884702E0B16818
:1024A0001420884709F10109B9F1050F88DB4022A2
:1024B0006846DDF84015FDF76BFF0DF2EC400FC8E4
:1024C00017F026FF0D46044654EA05000AD040F2F4
:1024D000313000901E4B44A20021CDE902452CA0D2
:1024E00018F08EFB17B1002001467CE6DDF83C05B4
:1024F000401CCDF83C05DDF83C050528FFF442AF53
:1025000002208DF87C0000218DF8DD108DF8DE00B2
:102510008DF8DC0065228DF8DF2028228DF8E02080
:102520008DF8E11001228DF8E2203A91CDE90412F4
:102530004FF4517140F6010440F20353CDE900100D
:10254000CDE90234024B03A2032111A05EE000009A
:10255000738703085B25733A256429205472792018
:1025600028702C20732C20722C206329203D2028D9
:1025700025642C203078253034782C203078253094
:1025800034782C2030782530327825303278290084
:102590006164617074657200088603085B25733A94
:1025A00025642920446A694C696E6B65725F496EC7
:1025B00069742C20737461743A256C6C640000009B
:1025C0005B25733A25642920446A694C696E6B6502
:1025D000725F53656E644D73672C20737461743A37
:1025E000256C6C64000000005B25733A256429208B
:1025F000446A694C696E6B65725F4465496E6974C3
:102600002C20737461743A256C6C640018F0F8FA2D
:102610000020CDF83C05FE48DDF83C1550F82100BF
:1026200016900DF2EC4113A817F050FF04460D462A
:1026300054EA05000DD0F74B40F24E30AFF2A40241
:102640000021CDE902450090AFF2BC0018F0D8FAA5
:10265000A8E04FF00009ADF8E490002037A9CDE9DB
:10266000101040226846DDF84015FDF791FE0DF28E
:10267000EC400FC818F082F90D46044654EA0500F4
:102680000CD0E44B40F25530AFF2CC020021CDE942
:1026900002450090AFF2081018F0B2FA3BA833A937
:1026A000CDE9101040226846DDF84015FDF770FEB8
:1026B0000DF2EC400FC818F06FF804460D4654EACE
:1026C000050045D19DF8CF009DF8E01088423FD12C
:1026D0009DF8D0009DF8DF10884239D19DF8CD00DB
:1026E000012835D19DF8D1009DF8E11088422FD105
:1026F0009DF8D2009DF8E210884229D10DF1EE0438
:102700004FF45870CDE90004C24BC3A20321AFF2CD
:10271000801018F075FA204602F0D8FE88F8000004
:1027200088B1BB48DDF83C1550F82100CAF800001C
:102730009DF8DC008BF80000DDF84C059DF8DF10FB
:10274000017001270DE0B1684FF47A70884702E00C
:10275000B1681420884709F10109B9F1050FFFF6A6
:102760007AAF40226846DDF84015FDF711FE0DF204
:10277000EC400FC817F0CCFD04460D4654EA0500A6
:102780000CD0A44B4FF45D70AFF2A4120021CDE940
:1027900002450090AFF2082018F032FA17B100207D
:1027A000014620E5DDF83C05401CCDF83C05DDF890
:1027B0003C050528FFF42FAF02208DF87C00002196
:1027C0008DF8DD108DF8DE008DF8DC0065228DF8C7
:1027D000DF2027228DF8E0208DF8E11001228DF80E
:1027E000E2203A9140F2017440F20353CDE9023401
:1027F000CDE90412874B40F28731AFF2A822CDE930
:1028000000100321AFF2782018F0FAF90020CDF87B
:102810003C057F48DDF83C1550F8210016900DF27C
:10282000EC4113A817F052FE0D46044654EA050089
:102830000DD0784B40F29130AFF2A0220021CDE9CB
:1028400002450090AFF2B82018F0DAF9A8E04FF096
:102850000009ADF8E490002037A9CDE9101040221E
:102860006846DDF84015FDF793FD0DF2EC400FC80A
:1028700018F084F80D46044654EA05000CD0654B68
:102880004FF46670AFF2C8220021CDE902450090F6
:10289000AFF2043018F0B4F93BA833A9CDE9101019
:1028A00040226846DDF84015FDF772FD0DF2EC4060
:1028B0000FC817F071FF04460D4654EA050045D1D4
:1028C0009DF8CF009DF8E01088423FD19DF8D000E0
:1028D0009DF8DF10884239D19DF8CD00012835D10F
:1028E0009DF8D1009DF8E11088422FD19DF8D200CB
:1028F0009DF8E210884229D10DF1EE0440F2A33098
:10290000CDE90004434B44A20321AFF27C3018F020
:1029100077F9204602F0DAFD88F8000088B13C48DB
:10292000DDF83C1550F82100CAF800009DF8DC00E5
:102930008BF80000DDF84C059DF8DF1001700127D1
:102940000DE0B1684FF47A70884702E0B168142056
:10295000884709F10109B9F1050FFFF67AAF402266
:102960006846DDF84015FDF713FD0DF2EC400FC889
:1029700017F0CEFC0D46044654EA05000CD0254B5A
:1029800040F2B730AFF2A0320021CDE9024500900D
:10299000AFF2044018F034F917B10020014622E4E8
:1029A000DDF83C05401CCDF83C05DDF83C0505286C
:1029B000FFF42FAF02208DF87C0000238DF8DD306E
:1029C0008DF8DE008DF8DC00EA218DF8DF100321A0
:1029D0008DF8E0108DF8E110FD228DF8E2203A9399
:1029E0000B0240F60724CDE90243CDE90412094B5E
:1029F00040F2CA31AFF2A442CDE900100321AFF298
:102A0000704018F0FDF80020CDF83C05004811E0BA
:102A100008860308738703085B25733A2564292019
:102A20004169726372616674207365726965733A95
:102A300020257300DDF83C1550F8210016900DF2AA
:102A4000EC4113A817F042FD04460D4654EA050078
:102A50000DD0E24B4FF47570AFF2C0420021CDE9CA
:102A600002450090AFF2D84018F0CAF8A6E04FF047
:102A70000009ADF8E490002037A9CDE910104022FC
:102A80006846DDF84015FDF783FC0DF2EC400FC8F9
:102A900017F074FF0D46044654EA05000CD0CF4BE6
:102AA00040F2DB30AFF2E8420021CDE90245009070
:102AB000AFF2245018F0A4F83BA833A9CDE91010C8
:102AC00040226846DDF84015FDF762FC0DF2EC404F
:102AD0000FC817F061FE04460D4654EA050043D1C5
:102AE0009DF8CF009DF8E01088423DD19DF8D000C0
:102AF0009DF8DF10884237D19DF8CD00012833D1F1
:102B00009DF8D1009DF8E11088422DD19DF8D200AA
:102B10009DF8E210884227D19DF8EC0002F0F0FC0D
:102B200088F80000D8B198F80000012825D00228C4
:102B300023D0032821D005281FD0A948DDF83C1553
:102B400050F82100CAF800009DF8DC008BF8000066
:102B5000DDF84C059DF8DF10017001270DE0B1682C
:102B60004FF47A70884702E0B1681420884709F171
:102B70000109B9F1050FFFF67CAF40226846DDF888
:102B80004015FDF705FC0DF2EC400FC817F0C0FB37
:102B900004460D4654EA05000CD0904B40F2FF303D
:102BA000AFF2BC520021CDE902450090AFF22060A7
:102BB00018F026F817B10020014696E4DDF83C0530
:102BC000401CCDF83C05DDF83C050528FFF41EAFA0
:102BD00001218DF87C1000208DF8DD0002228DF897
:102BE000DE208DF8DC100A228DF8DF2003228DF81C
:102BF000E0208DF8E1008DF8E2003A911202CDE973
:102C000003204FF4206302930590744B40F212406E
:102C1000AFF2C062CDE900010321AFF28C6017F082
:102C2000EFFF0020CDF83C056D48DDF83C1550F86D
:102C3000210016900DF2EC4113A817F047FC044652
:102C40000D4654EA05000DD0644B40F21C40AFF233
:102C5000B4620021CDE902450090AFF2CC6017F0DC
:102C6000CFFFADE04FF00009ADF8E49032A837A9EE
:102C7000CDE9101040226846DDF84015FDF788FBCD
:102C80000DF2EC400FC817F079FE04460D4654EAE9
:102C900005000CD0514B40F22440AFF2DC62002121
:102CA000CDE902450090AFF2187017F0A9FF3BA8DC
:102CB00033A9CDE9101040226846DDF84015FDF734
:102CC00067FB0DF2EC400FC817F066FD04460D4699
:102CD00054EA05004AD19DF8CD00012846D19DF85F
:102CE000CF009DF8E010884240D19DF8D0009DF8BB
:102CF000DF1088423AD19DF8D1009DF8E11088425A
:102D000034D19DF8D2009DF8E21088422ED120A93E
:102D10003BA820F063FD04460D4654EA05000ED0A2
:102D200040F22F402D4B2FA20021CDE9024500900B
:102D3000AFF2A47017F064FF2046294631E526A8BB
:102D400002F0AEFB88F800002548DDF83C1550F88D
:102D50002100CAF800009DF8DC008BF80000DDF8C7
:102D60004C059DF8DF100170012708E0B1681420C0
:102D7000884709F10109B9F1050FFFF675AF402247
:102D80006846DDF84015FDF703FB0DF2EC400FC877
:102D900017F0BEFA0D46044654EA05000CD00F4B5E
:102DA00040F23E40AFF2C0720021CDE902450090F2
:102DB000AFF6240017F024FF17B100200146F0E41D
:102DC000DDF83C05401CCDF83C05DDF83C05052848
:102DD000FFF42AAF4FF480700021E2E47387030808
:102DE000088603085B25733A2564292050617273B5
:102DF000652073646B2076657273696F6E41636BD7
:102E0000206572726F722C2072657475726E436FDA
:102E10006465203D20256C6C640000002DE9F14FB5
:102E2000ECB04FF00008CDF89C814FF4827126A8D9
:102E3000FDF7C9FA142121A8FDF7C5FA002020905A
:102E4000CDF86080CDF86480CDF86880CDF86C80D6
:102E5000CDF85080CDF85480CDF85880CDF85C8006
:102E6000CDF84C80CDF848800026CDF84480CDF8D0
:102E70004080302104A8FDF7A6FADFF8F0A3CAF8D5
:102E800004808AF801808AF802804FF0020B4FF02C
:102E900001096C9F1DF056FD00287AD068A900201A
:102EA00000F072FD04460D4654EA05000FD040F2D2
:102EB00003100090EE4BEFA20021CDE90245FCA0EB
:102EC00017F09EFEEC2000216DB0BDE8F08F9DF85C
:102ED000A00100285DD140F207100090E44BF64AB3
:102EE0000021F3A017F08CFEEC200021ECE7DF4B73
:102EF00012AA5B1C6AA96BA8FFF7F6F804460D46F8
:102F000054EA05004AD040F215100090D84BEB4A25
:102F10000221E7A017F074FE761CB6B2142E33D946
:102F20004FF48D700090D24BE54A0021E0A017F0DD
:102F300067FEE1200021C7E704A8CC4B00905B1C92
:102F400012AA6AA911A8FEF7D5FC0D46044654EA58
:102F5000050023D04FF493700090C54BD94A02214D
:102F6000D3A017F04DFE761CB6B2142E0CD940F249
:102F70002B100090BE4BD44A0021CDA017F040FE8C
:102F8000E1200021A0E704E01DF0FAFC8168322076
:102F900088471DF0D7FC0028CED0A8E79AF801009A
:102FA000D0B1FEF7DDFA40F23911CDE90010B04B97
:102FB000C6A20221BEA017F023FE9AF80100012844
:102FC00016D09DF8A81101293DD003283BD0042834
:102FD00039D006281ED021E04FF49E700090A44BFB
:102FE000C44A0021B2A017F00BFEFF2000216BE7BE
:102FF0004FF4A17000909E4BBF4A0021BFA017F074
:10300000FFFD1DF0BDFC81684FF4FA608847E020A9
:10301000002159E79DF84820CA2A14D0082803D176
:103020009DF84820CA2A0ED0092803D19DF84820CF
:10303000CA2A08D0052803D19DF84820CA2A02D000
:10304000062803D006E08AF802B029E09DF848205F
:10305000EA2A06D0072808D0082806D0092804D074
:1030600007E003208AF802001AE09DF84800EA28E9
:1030700002D0022904D007E003208AF802000FE002
:103080009DF84800E52802D0022903D006E08AF81E
:10309000029005E09DF8480065281BD08AF8028060
:1030A0009AF80200D0B1FEF7ABFB4FF4B071CDE956
:1030B00000106F4B93A202217DA017F0A1FD10AA72
:1030C0009AF802109AF80100FEF766FA084311D048
:1030D000012010E004208AF80200E1E740F26310CA
:1030E0000090634B924A002171A017F089FDFF20E8
:1030F0000021E9E60020A8B19DF8A801022814D01B
:1031000001284FD09DF8A8014FF4D471CDE90010EB
:10311000574B88A2002166A017F072FD4FF4807013
:103120000021D1E6E3200021CEE601248DF898802D
:103130009DF8401005290AD004291ED08DF8C8003A
:103140008DF89C806B9829908DF8A08079E08DF89F
:10315000C8008DF89C908DF8A08042F6A340ADF891
:10316000A2004FF20100ADF8A400ADF8A6808120C6
:10317000ADF8A800ADF8AA9063E09DF810008DF8B6
:10318000C8009DF814008DF89C000A982C900F98A8
:10319000319006A928A8FDF761F90BA92DA8FDF724
:1031A0005DF94EE08DF898808DF8C8008DF89C8010
:1031B0006B9829908DF8A0801DF0C4FBC0B11DF064
:1031C000C1FB026967A90120904704460D4654EAF5
:1031D00005000DD04FF4C9700090254B63A200216B
:1031E000CDE9024532A017F00BFDEC2000216BE683
:1031F0009DF89C01012801D0012422E069A9012049
:1032000000F0C2FB0D46044654EA05000DD04FF411
:10321000CD700090164B17A20021CDE9024524A0E5
:1032200017F0EEFCEC2000214EE68DF8CC908DF8E6
:10323000FCB08DF8D0804FF4612036908DF8D4909A
:10324000022426A81E90ADF87C40084800221EA942
:10325000001D05F013FB04460D4654EA050003D09B
:103260004FF4D870024B9BE0A6E0000040360020EF
:10327000458703085B25733A25642920446A694120
:103280006363657373416461707465725F497355FC
:10329000617274436F6E6E6563742C207265747511
:1032A000726E436F6465203D20256C6C64000000E5
:1032B0006164617074657200DC25040808270408E5
:1032C0008827040808280408A02804085B25733A06
:1032D000256429204964656E746966792061697284
:1032E0006372616674207365726965732069732007
:1032F000257300007C2A0408C0230408636F7265EC
:10330000000000005B25733A256429204964656E3E
:1033100074696679206D6F756E7420706F7369744F
:10332000696F6E20747970652069732025730000C1
:10333000182A04085B25733A256429204E6F7420EF
:10334000737570706F72742070726F746F636F6CCE
:103350002074797065206F6E2055415254302C20B6
:1033600074797065203D2025640000005B25733A68
:103370002564292047657420756172742073746117
:10338000747573206572726F722C20726574757219
:103390006E436F6465203D20256C6C640000000066
:1033A000FCA20021CDE902450090AFF2FC0017F02D
:1033B00027FC2046294687E5B7F5E13F18D0B7F549
:1033C000613F15D0B7F5E12F12D0B7F5612F0FD0BF
:1033D000FD4887420CD040F2B910FC4BFC4A00215A
:1033E0000090AFF2341017F00BFCE32000216BE5E6
:1033F0001DF0A8FAC8B19AF80100FDF729FF40B105
:103400006B98874205D09AF80210022936D003291A
:1034100034D06B9840F2DB11CDE90010EB4BEDA2FC
:103420000221AFF2741017F0EBFB8DF84E909AF872
:1034300001008DF84C009AF802008DF84D008DF8CF
:103440004F9013A9DAF804001BF00AF80D46044661
:1034500054EA050075D09AF80100032865D04FF4AE
:10346000F670DA4BE6A20021CDE902450090AFF2FA
:10347000C01017F0C5FB2046294625E5CDE9010718
:103480004FF4E271D14B0091EAA20221AFF2E010B9
:1034900017F0B6FB9AF80100022804D0072802D0E2
:1034A000032815D028E0384600F08AFA04460D4675
:1034B00054EA050020D04FF4E570C44BEAA2002185
:1034C000CDE902450090AFF2182017F099FB13E008
:1034D000384600F0DBFA04460D4654EA05000BD0EE
:1034E00040F2CF10B94BE0A20021CDE90245009097
:1034F000AFF2442017F084FBDAF8040004F07EFEFB
:103500000D46044654EA05003FF4C4AC40F2D51021
:10351000AE4BE1A20021CDE902450090AFF2702050
:1035200017F06EFB20462946CEE44FF4F470A74B0B
:10353000E54A00210090AFF2882017F061FB9AE77E
:10354000FFE79DF8A801022811D0012879D09F4BF0
:103550004FF40F71AFF22422CDE900100021AFF239
:10356000B02017F04DFB4FF480700021ACE41DF04B
:103570001BFA01248DF898801DF0E4F948B19DF8FC
:10358000A8018DF8C8008DF89C806B9829908DF863
:10359000A0801DF0D7F9002851D01DF0C1F90028F6
:1035A000FAD018A81AF084FE0D46044654EA050025
:1035B0000ED040F20220854BC4A20021CDE9024585
:1035C0000090AFF2143017F01BFB204629467BE435
:1035D00014A81AF0E7FD0D46044654EA05000ED083
:1035E0004FF40270794BB9A20021CDE90245009059
:1035F000AFF2443017F004FB2046294664E48DF80E
:10360000CC909DF8A8018DF8FC008DF8D0B018A9D9
:103610003AA8FCF723FF14A935A8FCF71FFF45F6CD
:10362000DC103E9039908DF887B08DF8848027208B
:103630008DF885008DF8869001202090022453E0BB
:10364000FFE78DF898808DF8C8008DF89C806B9806
:1036500029908DF8A0801DF075F9D0B11DF072F998
:10366000026967A9012090470D46044654EA050007
:103670000FD0564B40F22620AFF210320021CDE998
:1036800002450090AFF2D83017F0BAFAEC200021D2
:103690001AE49DF89C01012801D0012424E069A9C5
:1036A000012000F071F904460D4654EA05000FD0E0
:1036B000464B40F22E20AFF244420021CDE90245B4
:1036C0000090AFF2144017F09BFAEC2000210DE4BB
:1036D0008DF8CC908DF8FCB08DF8D0804FF461203F
:1036E00036908DF8D490022426A81E90ADF87C4028
:1036F0009AF80100032834D05146052802D1897870
:1037000002292ED004282CD006282AD0082828D018
:10371000092826D00A2824D021A81C902098ADF88A
:1037200074009DF84000052820D004281ED01CAA53
:103730001EA9DAF8040006F037FC0D46044654EAE8
:1037400005001DD040F25620204B12A20021CDE9E9
:1037500002450090AFF2A84017F052FA20462946E1
:1037600010E4CDF87080ADF87480DAE740F25220B2
:10377000164B644A02210090AFF2CC4017F040FA99
:103780009AF80100042804D1FEF750F804460D46CB
:10379000BAE0CBE05B25733A25642920446A69438B
:1037A0006F6D6D616E645F496E6974206572726FD2
:1037B000722C2072657475726E436F6465203D20B3
:1037C000256C6C640000000040420F004587030830
:1037D000D42404085B25733A256429204964656E66
:1037E00074697479207561727430206261756472D5
:1037F0006174652069732025642062707300000085
:103800005B25733A256429205061796C6F616420CF
:103810006E65676F7469617465206572726F722C72
:103820002072657475726E436F6465203D20256C4F
:103830006C6400005B25733A256429204E6F772065
:103840006175746F207265636F6E66696775726506
:103850002062617564726174652066726F6D2025E7
:103860006420746F202564005B25733A2564292049
:10387000536574206261756420726174652065729D
:10388000726F722C2072657475726E436F6465205E
:103890003D20256C6C6400005B25733A256429206B
:1038A000436F6D6D616E64206465696E6974206537
:1038B00072726F722C2072657475726E436F6465DC
:1038C000203D20256C6C6400102304085B25733AAE
:1038D000256429204765742072656D6F74652069C1
:1038E000702061646472657373206572726F722CEC
:1038F0002072657475726E436F6465203D20256C7F
:103900006C6400008425040854EA05000ED040F2DF
:103910006120094B09A20021CDE902450090AFF2D8
:10392000706017F06DF92046294660E48AF800902F
:10393000002001465BE40000458703085B25733ADD
:10394000256429204661696C6520746F2068616E6A
:10395000647368616B65207769746820616972635C
:1039600072616674204D332E204572726F7220632F
:103970006F646520307825303858000001480078A1
:10398000704700004036002038B505460C461CF054
:10399000D9FF03686A464FF4E1312846984750EA58
:1039A000010202D00022227038BD1CF0CBFF41681A
:1039B00000988847012020700020014638BD000093
:1039C00030B58BB000240A940494059406940794AF
:1039D0001D490891099001258DF810500A208DF895
:1039E000130003208DF81400FDF7D0FD04F0EEFE67
:1039F000ADF818008DF8114002208DF812008DF8F6
:103A0000155042208DF8160008200790FDF7BEFDE6
:103A100008AA04A905F006FC04460D4654EA050070
:103A20000ED040F27E500090084B09A20021CDE953
:103A3000024514A017F0E4F8204629460BB030BD2B
:103A400000200146FAE70000E38F4C8ECF87030881
:103A50005B25733A25642920577269746520666373
:103A600020706172616D2073656E642073796E637E
:103A7000206572726F723A30782530386C6C582E2F
:103A800000000000616461707465720030B593B02D
:103A9000054600240F941094119412940B940C94E6
:103AA0000D940E94142106A8FCF78DFC0594CDF816
:103AB00019508DF8184002258DF83C50CA208DF819
:103AC0003F0028208DF84000FDF760FD04F07EFEE9
:103AD000ADF844008DF83D408DF83E503C208DF807
:103AE000410014208DF8420011201290FDF74EFD88
:103AF00001214FF47A7205ABCDE90031CDE9022105
:103B00000BAB06AA0FA906F069F804460D4654EA65
:103B100005000ED04FF4B46000900F4B0FA20021AF
:103B2000CDE9024518A017F06BF82046294613B0DE
:103B300030BD9DF8140060B140F2A551CDE90010F0
:103B4000054B13A2002110A017F05AF8FF20002106
:103B5000EDE700200146EAE7EC8703085B25733AAE
:103B60002564292053657420636F6D6D2070617228
:103B7000616D2073796E63206572726F723A30786E
:103B80002530386C6C582E00616461707465720069
:103B90005B25733A2564292053657420636F6D6D2E
:103BA00020706172616D2061636B20636F646520BA
:103BB0006572726F723A30782530386C6C582E000E
:103BC000F0B58DB00746002609960A960B960C961E
:103BD00003A800F0C3FA04460D462C430BD04E2038
:103BE0000090264B26A2022131A017F009F8E3200D
:103BF00000210DB0F0BD01208DF824000A208DF8C1
:103C000027009DF821008DF82800FDF7BFFC04F087
:103C1000DDFDADF82C008DF8256002208DF8260022
:103C20008DF82960FC208DF82A000E200C90FDF7FD
:103C3000ADFC4FF47A71CDE900711F4B1F4A02961B
:103C400009A905F0CDFC04460D4654EA050008D04C
:103C500060200090094B1AA2002115A016F0D0FF99
:103C60003E7038786421CDE90010044B20A2032176
:103C70000FA016F0C5FF20462946BAE7888803083A
:103C80005B25733A2564292043616E27742067659C
:103C90007420616972637261667420696E666F2058
:103CA000706172616D20636F6E666967000000006D
:103CB000696E666F720000005D420008D0C001208E
:103CC0005B25733A25642920636865636B20636F05
:103CD0006E6E65637420737461747573206173799B
:103CE0006E632073656E64206572726F72000000EF
:103CF0005B25733A25642920636865636B20636FD5
:103D00006E6E656374207374617475733A25640014
:103D1000F0B58DB00746002609960A960B960C96CC
:103D200003A800F01BFA04460D462C430BD0942048
:103D30000090254B25A2022130A016F061FFE32060
:103D400000210DB0F0BD02248DF82440FDF71EFCCB
:103D500004F03CFDADF82C009DF80F008DF8270015
:103D60009DF821008DF828008DF825608DF82640FB
:103D70008DF829608DF82A600C96FDF707FC4FF44A
:103D80007A71CDE900711F4B0022029609A905F056
:103D900027FC04460D4654EA050008D0A6200090F2
:103DA000094B19A2002115A016F02AFF3E703878A1
:103DB000AA21CDE90010044B1FA203210FA016F089
:103DC0001FFF20462946BCE7FF8803085B25733A9E
:103DD0002564292043616E2774206765742061691A
:103DE00072637261667420696E666F2070617261C1
:103DF0006D20636F6E66696700000000696E666F14
:103E000072000000694400085B25733A256429208C
:103E1000636865636B20636F6E6E65637420737493
:103E200061747573206173796E632073656E6420AD
:103E30006572726F720000005B25733A2564292059
:103E4000636865636B20636F6E6E65637420737463
:103E5000617475733A256400F0B58DB0074600268D
:103E600009960A960B960C9603A800F077F904467B
:103E70000D462C430BD071200090254B25A202212A
:103E800030A016F0BDFEE32000210DB0F0BD0224ED
:103E90008DF82440FDF77AFB04F098FCADF82C0077
:103EA00013208DF827009DF821008DF828008DF84B
:103EB00025608DF826408DF829608DF82A600C96D3
:103EC000FDF764FB4FF47A71CDE900711F4B0022BE
:103ED000029609A905F084FB04460D4654EA050044
:103EE00008D0832000900A4B19A2002115A016F0DB
:103EF00087FE3E7038788721CDE90010044B20A260
:103F0000032110A016F07CFE20462946BDE70000E4
:103F1000CB8803085B25733A2564292043616E270B
:103F200074206765742061697263726166742069C8
:103F30006E666F20706172616D20636F6E66696777
:103F400000000000696E666F72000000694400089E
:103F50005B25733A25642920636865636B20636F72
:103F60006E6E656374207374617475732061737908
:103F70006E632073656E64206572726F720000005C
:103F80005B25733A25642920636865636B20636F42
:103F90006E6E656374207374617475733A25640082
:103FA0008B899BB205F034BA70B592B005460E46C7
:103FB00020210AA8FCF707FA1F4806ACD0E918230D
:103FC000C16D806E0EC4099000248DF828409DF8C4
:103FD000290020F0F000303020F00F008DF829008B
:103FE000102206A90DF12A00FCF7D2F9059403204E
:103FF0008DF841008DF84040BDF81400ADF83E004A
:104000001E230AAA3146284605F002FA04460D4648
:1040100054EA05000BD04FF4B670074B00902B33D9
:1040200006A20021CDE902450EA016F0E9FD12B06E
:104030002046294670BD0000888A03085B25733A34
:10404000256429206765742076657273696F6E2018
:1040500061636B206572726F723A30782530386C0C
:104060006C580000696E666F7200000030B59DB03C
:1040700015A800F073F804460D462C430BD0B7206A
:104080000090264B26A2022131A016F0B9FDE320B4
:1040900000211DB030BD50222049373101A8FCF766
:1040A00077F99DF857008DF805008DF815008DF80B
:1040B00025008DF835008DF8450015A800F04EF864
:1040C00004460D4654EA05000AD0C8200090134B60
:1040D00013A202211EA016F093FDE3200021D8E7D1
:1040E00001A81B900520ADF87000FDF74FFA1BA941
:1040F00004F002FE04460D4654EA05000AD0D22020
:104100000090064B144A002111A016F079FD2046BC
:104110002946BEE720462946BBE70000418903083F
:104120005B25733A2564292043616E2774206765F7
:104130007420616972637261667420696E666F20B3
:10414000706172616D20636F6E66696700000000C8
:10415000696E666F72000000DC2B040870B586B0D3
:10416000044605A8FDF7F4F950EA010220D104A89D
:10417000FDF73EFB50EA01021AD100209DF8142001
:10418000154D9DF8103000EB400115F83160964256
:1041900010D105EBC101497899420BD100EB4000E9
:1041A00005EBC00118222046FCF7F2F8002001467A
:1041B00006B070BD401C1128E5D340F215108DE803
:1041C0000D00064B064A002106A016F019FD4FF41B
:1041D00080700021ECE70000F48A03088C8C03084F
:1041E0002C2C04087574696C7300000038B50A48FB
:1041F00001690A48884704460D4654EA050008D07C
:1042000040F275300090064B06A2002111A016F076
:10421000F7FC2046294638BD14A40120C8350020EB
:10422000377703085B25733A256429206368656343
:104230006B20616972637261667420636F6E6E6574
:104240006374696F6E207374617475732065727224
:104250006F720000696E666F720000002DE9FE4308
:10426000164600242546002E23D0364FA046386837
:10427000401C002B29D0012B55D0386040F2431050
:10428000CDE90003304B31A200213FA016F0B8FC6D
:104290003868052808D940F2471000902A4B3CA204
:1042A000002139A016F0ACFC2046294603B0BDE839
:1042B000F0834FF494700090234B40A2002132A071
:1042C00016F09EFCEC200021F0E7DFF87890D1F8A2
:1042D000021009F10409D9F80220914213D1C7F85C
:1042E000008040F23110CDE90001174B43A20321B9
:1042F00025A016F085FCD9F80200401CC9F8020080
:1043000001203070C4E7386040F237108DE80700B4
:104310000D4B484A00211CA016F072FC86F8008064
:10432000EC240025B4E738604FF49F700090064BF2
:1043300041A2002114A016F063FC86F80080E1245D
:104340000025A5E7CCC001207D8A03085B25733AD0
:1043500025642920436865636B2068656172746217
:1043600065617420737461747573206173796E6311
:10437000206661696C6564203A2063625F747970BD
:104380006528256429000000696E666F72000000D0
:104390005B25733A25642920436865636B206C6F45
:1043A000737420636F6E6E656374696F6E207769D6
:1043B00074682044726F6E65210000005B25733ABB
:1043C00025642920636865636B20636F6E6E656387
:1043D00074696F6E206F757470757420666C616798
:1043E00020707472206973206120696E76616C6937
:1043F000642076616C75652E000000005B25733AC1
:1044000025642920436865636B2068656172746266
:1044100065617420737461747573206173796E6360
:10442000207375636573732C20736571203A2025A2
:1044300064000000982B04085B25733A256429204A
:10444000436865636B20686561727462656174209E
:10445000737461747573206173796E632074696D10
:10446000656F757400000000F8B5164600242546F7
:10447000002E03D073B1012B18D024E04FF48570C7
:104480000090124B12A2002121A016F0B9FBEC20E3
:104490000021F8BD40F20F1000900C4B1EA203212A
:1044A0001BA016F0ADFB012030700CE040F21310A1
:1044B0000090064B21A2012115A016F0A1FB0020BF
:1044C0003070E124002520462946F8BD508A0308B3
:1044D0005B25733A25642920636865636B20636FED
:1044E0006E6E656374696F6E206F7574707574207D
:1044F000666C616720707472206973206120696E38
:1045000076616C69642076616C75652E0000000030
:10451000696E666F720000005B25733A256429207E
:10452000636F6E6E6563742073746174757320615C
:1045300073796E6320737563657373005B25733ADB
:1045400025642920636F6E6E6563742073746174D3
:104550007573206173796E632074696D656F75740E
:10456000000000000148407870470000C835002076
:104570000021074A12F83130834203D102EBC10017
:1045800040687047491C0629F4D302A07047000018
:10459000AC740308556E6B6E6F776E002DE9F047B3
:1045A00096B0002412941394149415940E940F94BE
:1045B000109411940D94242104A8FBF704FF1CF01F
:1045C000DFF9064601200D9002218DF84810E52202
:1045D0008DF84B2065228DF84C208DF849408DF8E0
:1045E0004A108DF84D4051218DF84E10159004AFB2
:1045F0004FF003084FF47A794FF0230AFCF7C6FF17
:1046000004F0E4F8ADF85000FCF7C0FFCDE901A9D3
:104610000EAB0DAA12A9CDF80C80009705F0DEFABA
:104620000D46044654EA05000DD040F26530009076
:10463000154B164A002116A016F0E2FAB1684FF4A5
:10464000FA708847DAE79DF8100070B140F25E31E9
:10465000CDE900100C4B10A200210DA016F0D0FAED
:10466000FF20002116B0BDE8F0870DF1130040F2E5
:104670005A31CDE90010044B13A2022104A016F018
:10468000BFFA20462946EDE71077030864170408AF
:10469000696E666F720000005B25733A25642920FD
:1046A0004765742073657269616C206E756D626513
:1046B000722061636B206572726F722C207374615B
:1046C000743A256C6C6400005B25733A25642920DC
:1046D0004765742073657269616C206E756D6265E3
:1046E00072206F6620536B79706F7274205632207F
:1046F0006F7220582D506F727420697320257300DB
:104700000021074A32F83130834203D102EBC10065
:1047100040687047491C1229F4D302A0704700007A
:10472000B4730308556E6B6E6F776E00F0B58DB085
:104730000746002609960A960B960C96059606964D
:10474000079608960496384C20780A283CD0022513
:104750008DF82450FCF71AFF04F038F8ADF82C005F
:10476000E0788DF8270020798DF828008DF82560F5
:104770008DF8265003248DF82940FD208DF82A005D
:104780000C96FCF703FF012204AB4FF47A71CDE9DC
:104790000032CDE9021405AB002209A905F01EFA8A
:1047A00004460D4654EA050013D040F2CE20009096
:1047B0001E4B1FA20021CDE9024528A016F020FAC9
:1047C000204629460DB0F0BD672038800020014604
:1047D000F8E79DF810004D281FD00CDC2E281AD0C9
:1047E00004DC2C2817D02D2811D114E03C2812D03D
:1047F00043280CD111E05B280FD004DC4E280AD0EE
:10480000592804D107E0632807D0642805D03E80EA
:1048100020462946D6E73880FAE7384600F022F8E5
:1048200004460D46F4E7000014A40120C6760308F0
:104830005B25733A2564292067657420616972637A
:10484000726166742074797065206572726F723A55
:104850002030782530386C6C582E0000696E666FF9
:10486000720000002DE9F04798B006460027149723
:10487000159716971797109711971297139720214E
:1048800008A8FBF7A0FD02258DF850507648C078A7
:104890008DF8530001248DF85440FCF777FE03F0A7
:1048A00095FFADF858008DF851708DF852508DF885
:1048B00055708DF856401797FCF768FE4FF47A79DB
:1048C0001E22CDE9012903210DF12008039110AB2F
:1048D000CDF80080002214A905F080F904460D46A9
:1048E00054EA050029D040F2892000905F4B60A275
:1048F0000021CDE902456EA016F082F92046294636
:1049000012F01AFC00287ED122462B4602A812F093
:1049100057FB02A805AB07C807C3DDE905210798C7
:1049200040F28A23CDE90032CDE902104F4B62A25A
:1049300000215FA016F064F965E09DF8200070B1D9
:1049400040F28D21CDE90010484B5FA2022158A012
:1049500016F056F937809DF82040122553E068A1E3
:1049600008F10200FBF75FFD002851D065A108F1B6
:104970000200FBF758FD00284FD064A108F10200A7
:10498000FBF751FD00284BD061A108F10200FBF7B5
:104990004AFD002847D05FA108F10200FBF743FD64
:1049A0004FF05B0A002841D05BA108F10200FBF741
:1049B0003AFD80B35AA108F10200FBF734FD4FF035
:1049C0005D0A48B358A108F10200FBF72CFD80B343
:1049D00057A108F10200FBF726FD58B355A108F1D5
:1049E0000200FBF720FD78B353A108F10200FBF7AA
:1049F0001AFD50B352A108F10200FBF714FD78B381
:104A00003780FF24002518B020462946BDE8F087EE
:104A100043203080F7E70EE010E044203080F2E7DA
:104A20004D203080EFE74F203080ECE7A6F800A063
:104A3000E9E706E00AE0A6F800A0E4E7A6F800A08F
:104A4000E1E7A6F800A0DEE703E006E0632030809F
:104A5000D9E740F2DE303080D5E764203080D2E7FD
:104A6000FFE7A6F80090CEE714A40120977603088C
:104A70005B25733A25642920476574206169726358
:104A8000726166742063616D657261207665727310
:104A9000696F6E206661696C65642C206572726E48
:104AA0006F3A2030782530386C6C582E00000000AA
:104AB000696E666F720000005B25733A25642920D9
:104AC00025732573257300005B25733A256429201F
:104AD00067657420616972637261667420747970AD
:104AE00065206572726F722120636D642072657437
:104AF00075726E20636F64653A20256400000000C3
:104B00004D3330004D333054000000004D3345002C
:104B10004D3354004D3344004D3230450000000009
:104B20004D335444000000004D323054000000006A
:104B30004D3454004D3445004D34544400000000C1
:104B40004D3444000021074A12F83130834203D12A
:104B500002EBC10040687047491C0529F4D302A04C
:104B600070470000DC740308556E6B6E6F776E0043
:104B70000021074A12F83130834203D102EBC10011
:104B800040687047491C0329F4D302A07047000015
:104B900004750308556E6B6E6F776E0010B5044692
:104BA0004FF4BF71064806F091FBFFF7DBFC20B124
:104BB0002046BDE8104027F06FBBEE20002110BD5D
:104BC0006C75030810B588B004464FF4DD711948C0
:104BD00006F07CFBFFF7C6FC38B14CB116480078F4
:104BE00020700020014608B010BDEE200021FAE739
:104BF000E320002112F0A0FAC0B9E322002302A8AA
:104C000012F0DEF902A805AB07C807C3DDE90521EC
:104C10004FF4E0730798CDE90032CDE90210054B5F
:104C200006A22433002109A015F0EAFFE3200021A9
:104C3000D9E70000E8750308C83500205B25733A02
:104C4000256429202573257325730000696E666F1E
:104C50007200000010B5044640F29D11064806F0AF
:104C600035FBFFF77FFC20B12046BDE8104027F060
:104C700095BBEE20002110BDA57503080021074A51
:104C800012F83130834203D102EBC1004068704713
:104C9000491C0D29F4D302A0704700004474030896
:104CA000556E6B6E6F776E0001498968084700008A
:104CB00014A401202DE9F04F8FB01BF061FE0646D1
:104CC000DFF8C48298F8010020B1002001460FB03F
:104CD000BDE8F08FAD48FFF741FA04460D4654EAAF
:104CE00005000AD0D2200090A94BAAA20021B1A0B1
:104CF00015F086FFE3200021E9E7DFF8909299F8AC
:104D0000020050B1D7200090A14BAC4A0021A9A0CD
:104D100015F076FFE0200021D9E709A805F0B4FAE4
:104D20000D46044654EA05000CD0DD200090984B57
:104D3000A3A20021CDE902459EA015F061FF204607
:104D40002946C4E7924805AC0C30D0E90423C16879
:104D500080690EC408909DF827008DF815008A48D8
:104D6000F1680830884704460D4654EA05000AD029
:104D7000EA200090864BA1A200218EA015F040FFF2
:104D800020462946A3E78048F1680C30884704464E
:104D90000D4654EA05000AD0F02000907C4B97A203
:104DA000002184A015F02CFF204629468FE705A896
:104DB0000D904FF0010AADF838A0FCF7E7FB0DA904
:104DC00003F09AFF04460D4654EA05000AD0FA2083
:104DD00000906F4B90A2002176A015F011FF2046A5
:104DE000294674E77169D8F8080088471BF0AAFDC6
:104DF000C0B11BF0A7FD02690CA9012090470D4628
:104E0000044654EA05000DD040F203100090604BB8
:104E100091A20021CDE902459CA015F0F1FEEC2005
:104E2000002154E7584F99F800101037397099F85D
:104E3000010078704FF0000B022904D1022802D142
:104E40009DF8300030B1A7F802B04FF47A7540F207
:104E5000151411E03C20788011E0B81CFFF766FCC7
:104E6000788848B9B16828468847494B89A2022109
:104E700050A0009415F0C4FE78880028EDD0381DAD
:104E8000FFF712FF0D46044654EA05001BD04FF40D
:104E90008E7000903E4B8AA2002146A015F0B0FE15
:104EA0006AE0D9F80C10401D884704460D4654EAC4
:104EB000050008D040F223100090354B894A0021AC
:104EC0003CA015F09DFE797938460029E9D0787923
:104ED0004FF49471CDE900102D4B83A2032135A02E
:104EE00015F08EFE7878012810D1FFF757FB0D469C
:104EF000044654EA050009D040F22D100090244BDE
:104F000082A200212BA015F07BFE35E0FFF7AEF862
:104F10000D46044654EA050009D040F235100090D1
:104F20001B4B85A2002123A015F06AFE24E0174840
:104F30008CA1183881609049C160C0F810B005F0AC
:104F400023FA1249183922F0D5F904460D4654EADD
:104F500005000BD040F23F1000900D4B87A20021BE
:104F6000CDE9024513A015F04BFE05E088F800A03E
:104F70000024254688F801A0B169D8F808008847C0
:104F800020462946A3E60000C835002014A40120CD
:104F90001C7503085B25733A2564292043616E273D
:104FA000742067657420706172616D20636F6E6636
:104FB00069670000696E666F72000000E01A0408FD
:104FC0005B25733A256429204661696C20746F2043
:104FD00067657420636F726520706172616D206314
:104FE0006F6E6669672C2072657475726E20636FD0
:104FF0006465203078253038580000005B25733A0E
:1050000025642920437265617465206D7574657827
:10501000206572726F722E005B25733A2564292019
:105020005265676973746572206169726372616643
:105030007420696E666F726D6174696F6E20636F44
:105040006D6D616E642068616E646C65722065725E
:10505000726F722E000000005B25733A25642920D0
:105060004765742075617274207374617475732060
:105070006572726F722C2072657475726E436F6404
:1050800065203D20256C6C64000000006164617047
:10509000746572005B25733A256429205472792067
:1050A000746F206765742061697263726166742031
:1050B0007479706520616761696E2E2E2E00000084
:1050C0005B25733A256429204765742073646B203F
:1050D00061646170746572207479706520657272A4
:1050E0006F720000FC1704085B25733A25642920C1
:1050F000446576696365206D6F756E74696E6720AF
:105100006F6E20706F732025640000005B25733A7A
:10511000256429204765742073646B206164617085
:105120007465722073657269616C206E756D62655D
:1051300072206572726F72005B25733A25642920B4
:105140005265676973746572206865617274206264
:105150006561742063616C6C6261636B206572725F
:105160006F7200006169726372616674576F726B6F
:105170004E6F646500000000295400085B25733AF7
:1051800025642920616464206169726372616674B8
:1051900020776F726B206E6F6465206572726F721C
:1051A0003A30782530386C6C580000002DE9F04F0B
:1051B00085B08B4616461BF0E3FB81460020049029
:1051C00000273078FFF7BEFC04467078FFF7D0FC6C
:1051D00000B94FA004B94EA440F2FE21CDE900145D
:1051E00002904C4B4CA202215BA015F009FDDFF8A8
:1051F00070A1D9F81410DAF80C0088470D4604465F
:105200004FF0FF0854EA05000BD04FF441700090B6
:10521000404B54A2002150A015F0F2FCCDF81080B4
:1052200056E000204E4C564A3178A41C12F810303B
:105230008B4205D1012702EB40004078207002E04C
:10524000401C0428F2D3E32577B1002300204C4A08
:105250007178121F12F810608E4213D1012302EBF5
:1052600040004078607010E040F21230CDE900015B
:10527000284B44A2002138A015F0C2FC84F800801D
:10528000049510E0401C0228E4D363B940F22230B8
:10529000CDE900011F4B45A200212FA015F0B0FC65
:1052A00084F801800495D9F81810DAF80C008847C2
:1052B00004460D4654EA05000AD04FF44B700090A6
:1052C000144B44A2002124A015F09AFCCDF81080C4
:1052D000FCF75CF9012304AA594604F099F80D463D
:1052E000044654EA05000FD040F235300090094BD7
:1052F0003FA20021CDE9024517A015F081FC204610
:10530000294605B0BDE8F08F00200146F9E700000E
:1053100000000000E67603085B25733A2564292027
:10532000536574206D6F62696C65206170702069CF
:105330006E666F2C206C616E67756167652069739E
:105340002025732C2073637265656E2074797065F7
:105350002069732025730000696E666F720000007B
:10536000C83500205B25733A256429206C6F636B78
:10537000206D75746578206572726F722E00000062
:10538000AC7303085B25733A256429206170702093
:105390006C616E677561676520697320696E7661FF
:1053A0006C69643A2025642E000000005B25733A86
:1053B000256429206170702073637265656E2074A6
:1053C00079706520697320696E76616C69643A2032
:1053D00025642E005B25733A25642920756E6C6F59
:1053E000636B206D75746578206572726F722E0024
:1053F0005B25733A25642920446A69436F6D6D61AA
:105400006E645F53656E6441636B446174612065D3
:1054100072726F72202C73746174203D2030782575
:1054200030386C6C5800000008B504F0A1FF0C4B3C
:1054300059684A1C5A60B1FBF0F200FB12100028B8
:105440000CD1FEF7D3FE084308D040F2853000901F
:10545000044B05A2002110A015F0D2FB08BD0000EE
:10546000C8350020677703085B25733A2564292037
:10547000636865636B20636F6E6E6563742073741D
:1054800061747573206173796E632073656E642037
:105490006572726F72000000696E666F72000000C4
:1054A00010B5044608492046FAF7BDFF38B1064951
:1054B0002046891DFAF7B7FF18B1002010BD012062
:1054C00010BD022010BD0000AB8C030870B506466D
:1054D00000240A4D04EB440005EB8000416830468F
:1054E000FAF77CFF28B104EB440005EB8000007A5A
:1054F00070BD641C0E2CEDD3002070BDE0C00120F7
:105500000021094A01EB410332F82330834205D1DF
:1055100001EB410002EB8000007A7047491C0E2924
:10552000F0D3002070470000E0C001202DE9FF41CA
:1055300007461BF025FA0646DFF874807169D8F833
:105540000400884704460D4654EA05000ED0A92001
:105550000090184B18A20021CDE902451FA015F0BC
:105560004FFB2046294604B0BDE8F08198F80000C2
:10557000B8B101203870B169D8F8040088470D46E9
:10558000044654EA05000FD0B5200090094B15A23F
:105590000021CDE9024511A015F032FB2046294635
:1055A000E1E700203870E6E700200146DBE7000075
:1055B000E03500207C7803085B25733A25642920B8
:1055C0006C6F636B206D75746578206572726F7295
:1055D0003A2030782530386C6C582E00636F726535
:1055E000000000005B25733A25642920756E6C6FFE
:1055F000636B206D75746578206572726F723A20E6
:1056000030782530386C6C582E00000070B588B0AA
:1056100004460D460022069207928DF818200120BC
:105620008DF8190020499DF81A200B7863F30002C9
:10563000590861F34102990861F38202D90861F3C4
:10564000C3028DF81A20C2F3C003C2F38006C2F36E
:10565000400102F00102CDE90221CDE904634FF4DB
:105660009571CDE90010114B114A032111A015F0DD
:10567000C7FA062306AA2946204603F0C9FE0446B7
:105680000D4654EA05000AD04FF49A700090074B7B
:105690000AA20021CDE9024506A015F0B1FA08B032
:1056A0002046294670BD0000E83500202079030817
:1056B000D01C0408636F7265000000005B25733A1C
:1056C0002564292067657420444A492070726F64FC
:1056D00075637420696E666F726D6174696F6E2098
:1056E00061636B206572726F723A30782530386C66
:1056F0006C5800002DE9F04786B0074688461BF03D
:105700003FF906464FF0000ACDF814A0DFF8A89044
:105710007169D9F80400884704460D4654EA05002B
:105720000FD040F205100090244B25A20021CDE9B6
:1057300002452CA015F064FA2046294606B0BDE8C3
:10574000F0878DF814A099F800109DF8150061F30A
:1057500000008DF81500B169D9F8040088470446A7
:105760000D4654EA05000DD04FF487700090134B9E
:105770001EA20021CDE902451AA015F041FA2046EB
:105780002946DBE7022305AA4146384603F040FEDE
:105790000D46044654EA05000AD040F21510009068
:1057A000064B1CA20021CDE902450EA015F028FAF7
:1057B00020462946C2E70000E0350020E9780308CA
:1057C0005B25733A256429206C6F636B206D7574BB
:1057D0006578206572726F723A2030782530386CA7
:1057E0006C582E00636F7265000000005B25733AF1
:1057F00025642920756E6C6F636B206D75746578F8
:10580000206572726F723A2030782530386C6C588F
:105810002E0000005B25733A2564292067657420FB
:10582000444A492070726F6475637420696E666FB4
:10583000726D6174696F6E2061636B206572726F47
:10584000723A30782530386C6C58000030B58DB025
:1058500004460D46242104A8FAF7B5FD00208DF872
:1058600010002020ADF811001848827804A82AB151
:1058700020221749C01CFAF78BFD0DE0202215A14C
:10588000C01CFAF785FD40F2711000901A4B1B4ABC
:1058900001211BA015F0B4F9232304AA29462046B0
:1058A00003F0B6FD0D46044654EA05000AD040F266
:1058B00079100090104B14A20021CDE9024510A0F0
:1058C00015F09EF90DB02046294630BDE035002088
:1058D0003BCF01203132333435363738393031322D
:1058E000333435363738393031323334353637386A
:1058F0003930585800000000947903085C1B0408F4
:10590000636F7265000000005B25733A25642920EF
:105910006765742073657269616C206E756D626570
:10592000722061636B206572726F723A3078253035
:10593000386C6C580000000070B592B006460D46F9
:1059400020210AA8FAF73FFD334A06ACD2E9031337
:10595000906852690BC40992E8784FF4A271CDE9BE
:1059600000102D4B2DA2253B032138A015F048F93E
:1059700000248DF828409DF8290020F0F002103214
:1059800022F00F008DF82900102206A90DF12A003F
:10599000FAF7FEFC2F48407870B12E4A0C3210788E
:1059A0008DF8410050788DF8400090788DF83F00D8
:1059B000D0788DF83E0014E0059403208DF8410066
:1059C0000A208DF84000BDF81400ADF83E0040F20A
:1059D0005510114B0090253B1F4A01211BA015F0CB
:1059E0000FF91E230AAA2946304603F011FD0D4681
:1059F000044654EA05000BD04FF4AE70064B0090FD
:105A0000253B16A20021CDE9024510A015F0F8F8BB
:105A100012B02046294670BD7C7903085B25733A95
:105A200025642920476574207061796C6F6164205A
:105A3000637573746F6D2076657273696F6E20661F
:105A4000726F6D203078253038580000636F7265B2
:105A500000000000E0350020EC1B04085B25733AD1
:105A6000256429206765742076657273696F6E20DE
:105A700061636B206572726F723A30782530386CD2
:105A80006C58000070B59EB01AF07AFF06462A489E
:105A900004F0FAFB04460D462C430BD05420009032
:105AA000264B27A200212FA015F0AAF8E320002101
:105AB0001EB070BD60222149203104A8FAF768FCAD
:105AC0001D48C0788DF811008DF821008DF8310047
:105AD0008DF85100F1682548884704460D4654EA80
:105AE00005000CD066200090144B21A20021CDE9C6
:105AF00002451CA015F084F820462946D8E704A8E2
:105B00001C900620ADF87400FBF740FD1CA903F0C3
:105B1000F3F804460D4654EA05000AD06F200090C1
:105B2000064B1DA200210FA015F06AF8EC20002101
:105B3000BEE700200146BBE730CF01207C77030899
:105B40005B25733A2564292043616E2774206765BD
:105B50007420636F726520636F6E66696720706181
:105B600072616D00636F726500000000E435002013
:105B70005B25733A25642920637265617465206D25
:105B800075746578206572726F723A2030782530AE
:105B9000386C6C582E0000005B25733A2564292070
:105BA0005265672070726F6475637420696E666FEA
:105BB000726D6174696F6E20636D642068616E64DC
:105BC0006C6572206572726F720000002DE9FF41F2
:105BD00080461AF0D5FE07461D4E796970688847E1
:105BE00004460D4654EA05000ED0C3200090194B20
:105BF00019A20021CDE9024520A015F001F82046A8
:105C0000294604B0BDE8F081B8F1000F03D0B8F127
:105C1000010F03D004E00020307001E0012030705B
:105C2000B969706888470D46044654EA05000CD0EF
:105C3000CF200090074B13A20021CDE902450FA011
:105C400014F0DEFF20462946DBE700200146D8E7B6
:105C5000E0350020997803085B25733A25642920F4
:105C60006C6F636B206D75746578206572726F72EE
:105C70003A2030782530386C6C582E00636F72658E
:105C8000000000005B25733A25642920756E6C6F57
:105C9000636B206D75746578206572726F723A203F
:105CA00030782530386C6C582E000000F0B599B073
:105CB00006460F4615461C460022179218924C21A4
:105CC00003A8FAF780FB10220392312204920222E9
:105CD0001692CDE900543B46324616A903A827F098
:105CE000B9FD60B1F221CDE90010064B06A20021FA
:105CF00010A014F085FFEC20002119B0F0BD0020A9
:105D00000146FAE737F503085B25733A2564292035
:105D10004173796D207369676E206661696C656493
:105D20002C206572726E6F3A203078253038582EEC
:105D30000000000061757468000000001CB54FF69B
:105D4000FF74012811D0022812D0032813D0042890
:105D500014D040F21F11CDE900100A4B0AA2002115
:105D600011A014F04DFF20461CBD4FF48074FAE7DB
:105D700040F20114F7E74FF48174F4E740F20314A2
:105D8000F1E7000069F503085B25733A25642920D3
:105D9000496C6C6567616C2066696C65207479700C
:105DA000652025642E000000617574680000000005
:105DB00010B5A4B00446842103A8FAF704FB03A895
:105DC00027F086FD60B16B21CDE90010094B0AA2D6
:105DD000002114A014F014FFEC20002124B010BD09
:105DE000039A226004A9201DFAF7D2FA0020014686
:105DF000F4E70000EFF403085B25733A25642920DB
:105E0000476574207365206964206661696C656408
:105E10002C206572726E6F3A203078253038582EFB
:105E200000000000617574680000000010B5D0B07B
:105E300000244F944FF4967104A8FAF7C4FA03941F
:105E40004FA827F087FD4F983F21CDE900101F4B49
:105E50001FA2032128A014F0D3FE29480168294875
:105E6000006826F0D2FB60B14421CDE90010174B49
:105E700025A2002120A014F0C3FEEC20002150B088
:105E800010BD0021012027F071FD58B14A21CDE954
:105E900000100E4B2BA2002117A014F0B1FEEC2035
:105EA0000021ECE703A904A827F004FD58B1502114
:105EB000CDE90010054B31A200210FA014F0A0FE87
:105EC000EC200021DBE700200146D8E7C5F40308F9
:105ED0005B25733A256429204765742061757468D1
:105EE0002073646B20766572206E756D2069732057
:105EF0003078253038582E00617574680000000035
:105F000064C301202C4100205B25733A25642920BD
:105F1000526567697374657220444A492053444B43
:105F200020434320646576696365206661696C651A
:105F3000642C206572726E6F3A20307825303858A4
:105F40002E0000005B25733A2564292053656C659B
:105F5000637420444A492053444B204343206465E2
:105F600076696365206661696C65642C2065727270
:105F70006E6F3A203078253038582E005B25733A02
:105F800025642920436F6E6E65637420444A49205E
:105F900053444B2043432064657669636520666102
:105FA000696C65642C206572726E6F3A20307825BA
:105FB0003038582E000000002DE9FF4F89B005460B
:105FC00089460020059006900790089000244FF025
:105FD000FF08B2FBF8F000F0FF0AB2FBF8F008FB94
:105FE00010278220CDE90005504B51A2032159A072
:105FF00014F006FE2846FFF7A1FEA0F57F41FF3909
:1060000011D027F0C1FC00281AD08C21CDE9001056
:10601000464B52A200214FA014F0F2FDEC200021CB
:106020000DB0BDE8F08F8620CDE900053F4B58A2AA
:10603000002148A014F0E4FD4FF480700021EFE748
:1060400000250DF1100B35E0CDF8108009EB0403AD
:10605000224605A90020CDF800B02AF020FB064614
:10606000300019D09420CDE90006304B53A2002116
:1060700038A014F0C5FD5E4CA6420AD196210091CD
:106080002A4B5CA2032133A014F0BAFD2046002164
:10609000C6E7EC200021C3E79B21CDE90018049856
:1060A0000290224B5CA203212AA014F0A9FD0498BF
:1060B00004446D1C5545C7DB002F32D0049709EB13
:1060C0000403224605A90020CDF800B02AF0E7FA23
:1060D0000546CDB1A320CDE90005144B37A2002120
:1060E0001CA014F08DFD424CA5420AD1A5210091BF
:1060F0000E4B40A2032117A014F082FD2046002180
:106100008EE7EC2000218BE7AA21CDE90017049847
:106110000290064B40A203210EA014F071FD0498DA
:1061200004440C9804600020014679E706F5030852
:106130005B25733A25642920526561642073646B82
:106140002063632066696C6520747970653A202548
:106150006400000061757468000000005B25733AFC
:106160002564292053656C656374207365637572BB
:106170006974792066696C65206661696C65642C58
:10618000206572726E6F3A203078253038582E00B4
:106190005B25733A2564292043616E277420666964
:1061A0006E642066696C65206669642C2066696C83
:1061B0006554797065203D2025642E005B25733A77
:1061C0002564292052656164207365637572697462
:1061D000792066696C65206661696C65642C206550
:1061E00072726E6F3A203078253038582E000000D9
:1061F000006B00105B25733A2564292052656164A9
:10620000207365632062696E642066696C6520692D
:1062100073206E756C6C2E005B25733A2564292003
:106220005265616420636572742066696C652C2018
:106230006578704C656E3A2025642C207265616C1F
:106240004C656E3A2025642E000000002DE9F04FC9
:1062500087B0054688469B4600210391049105912D
:1062600006910024FF27B2FBF7F000F0FF09B2FB14
:10627000F7F007FB10262846FFF760FDA0F57F41E9
:10628000FF3911D027F080FB00281AD0C721CDE9B3
:106290000010324B32A200213EA014F0B1FCEC20E1
:1062A000002107B0BDE8F08FC120CDE900052B4BE0
:1062B0003AA2002137A014F0A3FC4FF48070002113
:1062C000EFE700254FF0D20A1FE008EB0403224657
:1062D00003A9002000972AF0D3FF58B1CE21CDE9C1
:1062E00000101E4B38A200212AA014F089FCEC20DB
:1062F0000021D6E7CDE900A7184B40A2032125A035
:10630000029714F07DFCFF346D1C4D45DDDB002E43
:106310001FD008EB0403224603A9002000962AF0B0
:10632000AFFF58B1D921CDE900100C4B26A20021B6
:1063300018A014F065FCEC200021B2E7DD20CDE9C7
:106340000006064B2DA2032112A0029614F058FC61
:106350003444CBF8004000200146A2E71EF50308B4
:106360005B25733A2564292053656C65637420733B
:10637000656375726974792066696C652066616908
:106380006C65642C206572726E6F3A20307825300F
:1063900038582E0061757468000000005B25733A60
:1063A0002564292043616E27742066696E64206627
:1063B000696C65206669642C2066696C6554797027
:1063C00065203D2025642E005B25733A2564292035
:1063D0005772697465207365637572697479206694
:1063E000696C65206661696C65642C206572726EEB
:1063F0006F3A203078253038582E00005B25733AEC
:10640000256429205772697465206365727420665B
:10641000696C652C206578704C656E3A2025642C7B
:10642000207265616C4C656E3A2025642E00000078
:1064300070B586B0044605A8FBF78AF850EA010259
:1064400022D104A8FBF7D4F950EA01021CD10020A4
:106450009DF81420164D9DF8103000EB400115F802
:106460002160964212D105EB8101497899420DD104
:1064700000EB400005EB8000D0E900128068C4E921
:106480000012A0600020014606B070BD401C11281B
:10649000E3D3D1208DE80D00054B064ACC33002113
:1064A00005A014F0ADFB4FF480700021ECE7000074
:1064B00094C103082C2C04087574696C73000000E7
:1064C0002DE9F041A4B00746002620962196229699
:1064D00023961C961D961E961F9619961A961B9625
:1064E000442108A8F9F76FFF05960696079605A8B8
:1064F000FFF79EFF04460D462C430CD0A2200090CF
:10650000424B43A200214BA014F07AFBE320002170
:1065100024B0BDE8F0818DF864608DF865609DF869
:106520001700C106C90C41EA5011ADF86A100224E7
:106530008DF880408DF883009DF81A008DF8840056
:106540009DF81400082806D19DF81500032802D1F3
:106550002F208DF88400FBF719F802F037F9ADF819
:1065600088008DF881608DF882403C208DF8850090
:1065700013208DF886000A202390FBF707F84222AB
:1065800008AB4FF001084FF47A71CDE90032CDE944
:1065900002181CAB19AA20A903F020FB04460D46E3
:1065A00054EA05000CD0C3200090184B23A2002110
:1065B000CDE902451FA014F023FB20462946A7E79A
:1065C0009DF8200058B1C821CDE900100F4B29A239
:1065D000002118A014F014FBFF20002198E79DF87B
:1065E000210001280ED03E709DF82100D221CDE976
:1065F0000010064B2EA203210EA014F001FB002078
:10660000014685E787F80080EEE700007CEC030890
:106610005B25733A2564292043616E2774206765E2
:1066200074206175746820706172616D20636F6E93
:106630006669670061757468000000005B25733A45
:106640002564292047657420444A492053444B203F
:1066500043432062696E64207374617465207379AA
:106660006E63206572726F723A30782530386C6CC8
:10667000582E00005B25733A256429204765742055
:10668000444A492053444B2043432062696E6420AE
:1066900073746174652061636B20636F646520654A
:1066A00072726F723A30782530386C6C582E000058
:1066B0005B25733A2564292047657420444A4920A4
:1066C00053444B2043432062696E642073746174A9
:1066D000652069732025642E0000000030B591B05C
:1066E00000200C900D900E900CA8FFF7A1FE044620
:1066F0000D462C430BD044200090404B40A200217B
:1067000048A014F07DFAE320002111B030BDFFF75E
:106710008DFB04460D4654EA05000CD04A2000903B
:10672000364B42A20021CDE902453EA014F068FAA2
:1067300020462946E9E74948FFF73AFB0D4604465B
:1067400054EA05000CD0502000902C4B44A20021AC
:10675000CDE9024533A014F053FA20462946D4E788
:106760003E485321001DCDE90010244B4BA20221CD
:106770002CA014F045FA534B4FF494725249022066
:10678000FFF71AFC0D46044654EA050002D02046E5
:106790002946BAE74B485A21184B00684BA2CDE96D
:1067A000001003211FA014F02BFA202213492031DE
:1067B00004A8F9F7EDFD9DF833008DF811008DF870
:1067C000210004A80F900220ADF84000FAF7DEFE89
:1067D0000FA902F091FA0D46044654EA05000AD0CA
:1067E0006B200090054B41A200210EA014F008FA86
:1067F0002046294689E70020014686E7FCEB03088E
:106800005B25733A2564292043616E2774206765F0
:1068100074206175746820706172616D20636F6EA1
:106820006669670061757468000000005B25733A53
:1068300025642920444A492053444B20434320697E
:106840006E6974206661696C65642C206572726E75
:106850006F203D203078253038580000C8F60120E0
:106860005B25733A2564292047657420444A4920F2
:1068700053444B2043432073657269616C206E75ED
:106880006D206661696C65642C206572726E6F2084
:106890003D20307825303858000000005B25733AE1
:1068A0002564292047657420444A492053444B20DD
:1068B00043432073657269616C206E756D3A2025C3
:1068C0007300000018C30120A0F501205B25733A76
:1068D00025642920526561642063657274206669AD
:1068E0006C652073697A653A202564005B25733AEC
:1068F00025642920526567206175746820636D6482
:106900002068616E646C6572206572726F7200003F
:106910002DE9F047ADF5187D8046894616460024DE
:1069200025464FF4007118A8F9F74DFD402108A83D
:10693000F9F749FD18AF307830BB361D7378F17820
:10694000B27896F800C0CDE903C3CDE905213179CD
:10695000E522CDE900200291824B834A032183A0E6
:1069600014F04EF93079A246032813D004285DD0E4
:1069700005287CD04FF4A371CDE90010794B7DA29E
:1069800001217AA014F03CF90DF5187D2046294626
:10699000BDE8F087EF200090724B7FA2032173A027
:1069A00014F02EF98DF860A030788DF861007078C1
:1069B0008DF86200B0788DF8630001268DF865606F
:1069C0007E48FFF7F5F904460D4654EA050001D06C
:1069D0008DF860607948FB21001DCDE90010614B06
:1069E00077A2032161A014F00BF9744C22688DF892
:1069F0006620211DF81DF9F7CBFC2088C01D83B24D
:106A00003A464946404602F003FD04460D4654EA24
:106A10000500B9D04FF484700090524B72A200214F
:106A2000CDE9024551A014F0EBF8ADE7F1884FF441
:106A30008672CDE9002002914A4B77A203214BA038
:106A400014F0DEF88DF860A030788DF86100707871
:106A50008DF86200B0788DF86300F18807AB08AA62
:106A600006F10800FFF722F904460D4600E040E079
:106A700054EA050002D003208DF86000754C079998
:106A80004FF48F722068CDE900210290354B72A23D
:106A9000032136A014F0B4F82268ADF865200798F9
:106AA000ADF86700754907F10900F9F771FC206836
:106AB00008A938440930079AF9F76AFC2188079831
:106AC0000844093083B23A464946404602F0A0FCE9
:106AD0000D46044654EA0500A7D040F22F1000905E
:106AE000204B41A20021CDE9024520A014F088F8F6
:106AF0004AE740F2331000901A4B61A203211BA019
:106B000014F07EF88DF860A030788DF86100707810
:106B10008DF86200B0788DF86300D6F8050048B1B2
:106B200040F23B11CDE900100E4B5DA200210FA0F9
:106B300014F066F805233A464946404602F068FCE0
:106B40000D46044654EA0500D2D04FF4A1700090DF
:106B5000044B25A20021CDE9024504A014F050F811
:106B600012E70000A2EC0308D08A0408617574687B
:106B7000000000005B25733A256429205265636597
:106B800069766520756E6B6E6F776E20636D64201D
:106B900069643A20256400005B25733A2564292046
:106BA00052656365697665206175746820726571E8
:106BB000756573742073746172742E00C8F60120B9
:106BC0005B25733A2564292047657420444A49208F
:106BD00053444B2043432073657269616C206E758A
:106BE0006D3A2025730000005B25733A2564292047
:106BF00053656E6420736563757269747920636F81
:106C00006D6D2061636B206572726F723A3078250A
:106C100030386C6C580000005B25733A25642920DD
:106C20005265636569766520617574682063686183
:106C30006C6C656E67652C20737562436D643A20D9
:106C400025642C206E6F6E63654C656E3A2025645A
:106C50000000000018C301205B25733A2564292039
:106C6000476574207369674C656E3A2025642C2053
:106C7000636572744C656E3A20256400A0F50120AE
:106C80005B25733A25642920526563656976652022
:106C90006175746820726573756C742E0D0A00003E
:106CA0005B25733A2564292043697539382061755D
:106CB0007468206661696C65642C20726573756CFC
:106CC000743A203078253038582E00002DE9F04FE6
:106CD000ADF5437D81468A461646002425464FF48D
:106CE000007143A8F9F76FFB0DF5867800274297EE
:106CF000F42105A8F9F767FB30784FF0030B022861
:106D000011D0032871D040F2AF11CDE90010834BB0
:106D100083A201218BA013F073FF0DF5437D204664
:106D20002946BDE8F08FB179D6F807004FF4AE726E
:106D3000CDE900210290794B84A2032181A013F0B8
:106D40005FFFB079022825D08DF80CB1B07940F200
:106D50007111CDE90010714B8CA2012179A013F0C3
:106D60004FFFCDF80D71052342465146484602F0CB
:106D70004FFB0D46044654EA0500CED04FF4BD70DB
:106D80000090664B8CA20021CDE902456DA013F066
:106D900037FFC2E78DF80C71D6F8072042AB06F139
:106DA0000B010320FFF752FA04460D4654EA050092
:106DB0000DD001208DF80C014FF4B4700090574BAA
:106DC00089A20021CDE902455EA013F019FF40F22F
:106DD0006B114298514B00E007E0CDE900108FA203
:106DE000032158A013F00CFFBBE7B0794FF4BF713B
:106DF000CDE90010494B96A2032152A013F000FFE9
:106E0000B07902282AD003286CD08DF80CB1CDF8C7
:106E10000D71B07940F2A311CDE900103F4B5BA298
:106E2000012148A013F0ECFEBDF80D01401D83B216
:106E300042465146484602F0EBFA0D46044654EAF3
:106E40000500A6D040F2AB100090344B5AA20021AE
:106E5000CDE902453BA013F0D3FE5EE78DF80C713F
:106E600042ABF12205A90320FFF7A6F804460D4620
:106E700054EA050022D002208DF80C014FF4C470B2
:106E80000090264B82A20021CDE902452DA013F0EF
:106E9000B7FE8C4844402C4310D14FF4C57000908D
:106EA0001E4B89A2032127A013F0AAFE8DF80C71B6
:106EB000F1204290F42105A8F9F785FA42984FF4A1
:106EC000C871CDE90010154B88A203211DA013F055
:106ED00097FE429ACDF80D2105A908F10500F9F7B2
:106EE00057FAA1E78DF80C718D48FEF761FF8C4CC5
:106EF0002268CDF80D21211D08F10500F9F748FAA7
:106F0000216840F29F12CDE90021201D0290034B21
:106F100084A203210BA013F073FE85E7BDEC0308E8
:106F20005B25733A2564292052656365697665207F
:106F3000756E6B6E6F776E20636D642069643A20A6
:106F40002564000061757468000000005B25733AD9
:106F50002564292052656365697665207365632021
:106F6000636869702077726974652066696C652052
:106F70007265712C2066696C65547970653A2025BC
:106F8000642C206C656E3A20256400005B25733A02
:106F9000256429205265636569766520756E65787C
:106FA0007065637465642066696C652074797065CA
:106FB0003A202564000000005B25733A25642920EF
:106FC00053656E6420736563757269747920636FAD
:106FD0006D6D2061636B206572726F723A30782537
:106FE00030386C6C580000005B25733A256429200A
:106FF00057726974652073656320636869702066E1
:10700000696C65206661696C65642C206572726EBE
:107010006F203D2030782530385800005B25733ACA
:107020002564292057726974652062696E64206640
:10703000696C65207375636365737366756C6C79D1
:107040002C207265616C4C656E3A2025640000004E
:107050005B25733A2564292052656365697665204E
:107060007365632063686970207265616420666976
:107070006C65207265712C2066696C655479706549
:107080003A2025642C206C656E3A202564000000AF
:107090005B25733A2564292052656164207365631A
:1070A00020636869702066696C65206661696C653B
:1070B000642C206572726E6F203D20307825303848
:1070C00058000000006B00105B25733A25642920EE
:1070D00052656164207365632062696E642066692D
:1070E0006C65206973206E756C6C2E005B25733A9D
:1070F00025642920526561642062696E6420666996
:107100006C65207375636365737366756C6C792C3D
:10711000207265616C4C656E3A20256400000000A9
:10712000C8F601205B25733A256429204765742041
:107130007365206964206C656E3A2025642C206399
:107140006F6E74656E743A20257300002DE9F0436C
:10715000ADF5117D0746202189A8F9F734F94FF4E0
:107160008078414649A8F9F72EF9414609A8F9F770
:107170002AF90020089019F003FC064605A8FFF73D
:1071800057F904460D462C430DD03C200090614B2E
:1071900061A2002169A013F033FDE32000210DF569
:1071A000117DBDE8F08349AA4FF4007107F150004A
:1071B00026F020FC07F1200110220C4609A8F9F75F
:1071C000E7F82046F9F728F909A9084407F1300142
:1071D00020220D46F9F7DCF82046F9F71DF9814623
:1071E0002846F9F719F9484481B289AA09A822F07A
:1071F00031FC54A13846F9F716F978B12846F9F769
:107200000BF9202815D94F200090424B4F4A0021FE
:107210004AA013F0F5FCE3200021C0E749200090CC
:107220003C4B4B4A002145A013F0EAFCE32000212F
:10723000B5E72020009089AB424649A9454822F095
:10724000D9F968B15F208DE83100324B42A20321A9
:107250003AA013F0D5FC9DF8190001280BD055E099
:10726000582000902B4B4C4A002134A013F0C8FC4E
:10727000E320002193E719F041FB98B1FFF72EFAC4
:107280000D46044654EA050017D06D200090214BAE
:1072900042A20021CDE9024528A013F0B1FC20460E
:1072A00029467CE7642000901A4B4A4A002123A01B
:1072B00013F0A6FCEC20002171E74FF47A797527D2
:1072C0004FF079081EE0B1684846884708A8FFF7E4
:1072D000F7F80D46044654EA050008D00D4B3E4A27
:1072E000002116A00097CDE9024513F089FC9DF816
:1072F000200038B9074B394A002110A0CDF8008092
:1073000013F07EFC9DF820000028DCD00020014610
:1073100045E70000C38E03085B25733A25642920E6
:1073200043616E27742067657420617574682070EE
:107330006172616D20636F6E666967006175746864
:1073400000000000537065616B657200B02E040888
:10735000302E0408B78C03085B25733A2564292076
:107360004170706C69636174696F6E20696E666FDD
:1073700020766572696679207375636365737366D9
:10738000756C6C792C2049443A2025732C204B6570
:10739000793A202573000000782F04085B25733AA2
:1073A0002564292053444B20656E6372797074699B
:1073B0006F6E206368697020696E69742066616908
:1073C0006C65642C206572726E6F203D20307825CC
:1073D00030385800D82C040850300408CC2D04084C
:1073E00070B586B0044605A8FAF7B2F850EA010273
:1073F00020D104A8FAF7FCF950EA01021AD10020C2
:107400009DF81420154D9DF8103000EB400115F843
:107410001160964210D105EB4101497899420BD198
:1074200000EB400005EB4000016821608088A080EF
:107430000020014606B070BD401C1128E5D3B120E4
:107440008DE80D00054B064A6633002105A013F0B8
:10745000D7FB4FF480700021ECE7000037C303082E
:107460002C2C04087574696C7300000070B58AB028
:107470000020089009900690079019F081FA0646BE
:1074800006A8FFF7ADFF04460D462C430BD03C2069
:1074900000902A4B2AA2022133A013F0B1FBE32073
:1074A00000210AB070BD9DF81A0050B14120009033
:1074B000224B2FA200212CA013F0A2FBE0200021E0
:1074C000EFE7F168334888470D46044654EA050063
:1074D0000AD047200090194B2FA2002122A013F0C0
:1074E0008FFB20462946DCE7144802ACD0E905238F
:1074F0000169C0690EC405909DF81B008DF8090054
:1075000002A808900120ADF82400FAF73FF808A976
:1075100001F0F2FB0D46044654EA05000AD055205E
:107520000090064B23A200210FA013F069FB204618
:107530002946B6E720462946B3E70000DC8E03085B
:107540005B25733A2564292043616E2774206765A3
:1075500074206261747465727920706172616D204B
:10756000636F6E66696700006261747465727900AA
:107570005B25733A25642920446F6E277420737548
:1075800070706F72742074686973206D6F64756CAD
:107590006500000088C101205B25733A256429201D
:1075A000437265617465206D7574657820657272CB
:1075B0006F722E005B25733A256429205265676936
:1075C00073746572206261747465727920696E6685
:1075D0006F2070757368696E6720636F6D6D616E83
:1075E000642068616E646C6572206572726F722EC1
:1075F000000000002DE9F8438846914619F0C0F9D3
:1076000006461A4F71693868884704460D4654EAA1
:1076100005000BD0DF200090154B16A200211CA006
:1076200013F0EEFA20462946BDE8F883D8F80C009E
:107630001E2804D31E2249461748F8F7A9FEB1694F
:107640003868884704460D4654EA05000AD0E92008
:107650000090074B11A200210DA013F0D1FA204693
:107660002946E1E720462946DEE7000088C10120DF
:10767000668F03085B25733A256429204C6F636B82
:10768000206D75746578206572726F722E0000002F
:10769000626174746572790008D301205B25733AC6
:1076A00025642920556E6C6F636B206D7574657849
:1076B000206572726F722E0010B5002200290BD067
:1076C0000124521C04FA02F38342FAD9521E944058
:1076D0000C600020014610BDE320002110BD0028F1
:1076E0000BD00021016041608160C1600023036113
:1076F00043618161002001467047E320002170470B
:107700002DE9F8430546884616461F46002000909E
:10771000002F27D06946284600F027F850EA0102DA
:107720001ED168680099441AA64200D23446A9685E
:10773000421E1140461AA64200D926462868324603
:1077400001444046F8F724FEA21B08EB0600296816
:10775000F8F71EFEA8682044A8603C60002001469F
:10776000BDE8F883E3200021FAE7002908D0D0E93A
:1077700002324068D21A801A086000200146704721
:10778000E3200021704770B504461046002C11D04C
:1077900081B10025A560E5602160211DFFF78CFF08
:1077A00050EA010205D1002121616161A56100203B
:1077B000014670BDE320002170BD2DE9F843044669
:1077C000884616461F464FF00009CDF80090002F5E
:1077D0003DD069462046FFF7C8FF50EA010234D188
:1077E000009DAE4200D23546D4E90420711B5118E9
:1077F00040EB0900C4E904106168E0684A1E1040CB
:107800000E1AAE4200D92E4621683246084441463F
:10781000F8F7BEFDAA1B08EB06012068F8F7B8FDD3
:10782000E0682844E06069462046FFF79EFF50EA82
:1078300001020AD160680099401AA169814200D30F
:107840000846A0613D6000200146BDE8F883E320C2
:107850000021FAE72DE9F843044689461746984681
:1078600000260096B8F1000F19D069462046FFF7B0
:107870007CFF50EA010214D1009DAF4200D23D4688
:10788000D4E90420791B51187041C4E90410D4E9EB
:107890000110491E0840A84205D92E4604E0E32005
:1078A0000021BDE8F883064621684F440844801B48
:1078B000B91B3246F8F76CFDD4E900010844AA1B55
:1078C000801A791BF8F764FDA068401BA060694628
:1078D0002046FFF74AFF50EA0102E2D160680099B2
:1078E000401AA169814200D30846A061C8F800503F
:1078F00000200146D5E72DE9F84304460F4615461A
:1079000098460026009669462046FFF72EFF50EA6B
:1079100001020BD1009885420AD9D4E90410491913
:107920007041C4E904104FF481700021BDE8F88370
:1079300043462A4639462046FFF73FFFF6E72DE942
:10794000F84304460F4615469846002600966946B9
:107950002046FFF70AFF50EA01020BD1009885424A
:107960000AD9D4E9041049197041C4E904104FF44C
:1079700081700021BDE8F88343462A4639462046F7
:10798000FFF768FFF6E700002DE9FF41064618F013
:10799000E5FF044618F0F4FF074661683068884741
:1079A00004460D4654EA05000ED055200090094BC0
:1079B00009A20021CDE9024514A013F021F92046C7
:1079C000294604B0BDE8F081396C30468847002074
:1079D0000146F6E7B0F503085B25733A25642920D4
:1079E0004465496E6974207573622062756C6B2002
:1079F0006368616E6E656C206661696C65642C20DD
:107A00007265743A253038582E0000006C696E6B30
:107A10006572000070B588B005460C4600200590E0
:107A20000690079018F09AFF064618F0A9FFC16B60
:107A30000420884703464BB32B6020798DF814004F
:107A4000E088ADF818002089ADF816006089ADF81F
:107A50001A00A089ADF81C00E089ADF81E0005A849
:107A6000346807C8A0470D46044654EA050018D0FC
:107A7000442000900C4B0DA20021CDE9024517A037
:107A800013F0BEF82046294608B070BD352000909E
:107A9000054B14A2002119A013F0B2F8E220002136
:107AA000F2E700200146EFE79CF503085B25733AF7
:107AB00025642920496E6974207573622062756C93
:107AC0006B206368616E6E656C206661696C6564CD
:107AD0002C207265743A253038582E006C696E6B14
:107AE000657200005B25733A256429204D616C6C3A
:107AF0006F63206661696C65642E00006368616E67
:107B00006E656C002DE9FF4104460E461746984607
:107B100018F024FF2568C46843463A463146284693
:107B2000A04704460D4654EA05000ED07820009088
:107B3000074B08A20021CDE9024512A013F060F81E
:107B40002046294604B0BDE8F08100200146F9E74F
:107B5000DBF503085B25733A2564292052656164CF
:107B6000207573622062756C6B206461746120669D
:107B700061696C65642C207265743A253038582E22
:107B8000000000006C696E6B657200002DE9FF411A
:107B900004460E461746984618F0E0FE25688468AD
:107BA00043463A4631462846A04704460D4654EA25
:107BB00005000ED068200090074B08A20021CDE9F7
:107BC000024512A013F01CF82046294604B0BDE877
:107BD000F08100200146F9E7C6F503085B25733AFA
:107BE0002564292053656E64207573622062756C6C
:107BF0006B2064617461206661696C65642C20721D
:107C000065743A253038582E000000006C696E6BA0
:107C10006572000038B50B49096849688847044611
:107C20000D4654EA05000AD04A200090064B07A2F0
:107C300000210DA012F0E4FF2046294638BD0020A7
:107C4000014638BD1C3A002003F603085B25733A51
:107C50002564292075617274206465696E697420D9
:107C60006572726F720000006C696E6B6572000065
:107C700038B505460C4618F065FE1B49086018B17A
:107C80002178002922D10AE030200090174B18A259
:107C9000002120A012F0B4FFEC20002138BDA16823
:107CA000A1B1247903682A46204698470D46044628
:107CB00054EA050015D03D2000900C4B17A200217E
:107CC00014A012F09DFF2046294638BD35200090B3
:107CD000064B18A200210FA012F092FFE320002112
:107CE00038BD0020014638BD1C3A0020EFF50308DE
:107CF0005B25733A256429206765742068616C20D0
:107D0000756172742068616E646C65722065727250
:107D10006F7200006C696E6B657200005B25733AD0
:107D2000256429207561727420696E6974206572FA
:107D3000726F72005B25733A256429206368616E57
:107D40006E656C20636F6E6669672074797065205C
:107D50006572726F7200000038B50B4C2468E468DD
:107D6000A04704460D4654EA05000AD0582000906A
:107D7000064B07A200210EA012F042FF2046294622
:107D800038BD0020014638BD1C3A002019F6030812
:107D90005B25733A256429207561727420726561D0
:107DA000642064617461206572726F72000000006B
:107DB0006C696E6B6572000038B50B4C2468A46862
:107DC000A04704460D4654EA05000AD066200090FC
:107DD000064B07A200210EA012F012FF20462946F2
:107DE00038BD0020014638BD1C3A00202DF603089E
:107DF0005B25733A25642920756172742077726956
:107E000074652064617461206572726F7200000095
:107E10006C696E6B6572000038B5044618F0C4FDDD
:107E200028B14168204688470020014638BD3A20E5
:107E30000090044B04A200210DA012F0E1FEEC2002
:107E4000002138BD55F603085B25733A25642920C7
:107E50006765742068616C20736F636B657420685C
:107E6000616E646C6572206572726F720000000052
:107E70006C696E6B65720000F8B506460D4618F029
:107E800093FD044684B12268314600209047A368E0
:107E90006A693068291D98472C2229460848F8F756
:107EA00077FA00200146F8BD2B200090054B06A272
:107EB00000210FA012F0A4FEEC200021F8BD00006C
:107EC0005CF7012042F603085B25733A25642920FC
:107ED0006765742068616C20736F636B65742068DC
:107EE000616E646C6572206572726F7200000000D2
:107EF0006C696E6B657200002DE9FC4107460E4609
:107F000015461C4618F050FD60B1CDE900540B4AEF
:107F100004693346A2F110013846A047002001460B
:107F2000BDE8FC8148200090054B06A200210FA06F
:107F300012F066FEEC200021F2E7000084F7012039
:107F40006AF603085B25733A256429206765742067
:107F500068616C20736F636B65742068616E646C1C
:107F60006572206572726F72000000006C696E6B42
:107F7000657200002DE9FC4106460D4617461C4679
:107F800018F012FD60B1CDE900740B49C4682B46AE
:107F90008A6A18313046A04700200146BDE8FC81BE
:107FA00057200090054B06A200210FA012F028FEDA
:107FB000EC200021F2E700005CF701207DF60308C9
:107FC0005B25733A256429206765742068616C20FD
:107FD000736F636B65742068616E646C6572206595
:107FE00072726F72000000006C696E6B6572000047
:107FF00010B50446084604F2A46112F0ADFDB4F8D1
:10800000AC06401CA4F8AC0610BD00002DE9FC5FD6
:10801000814688460024254618F0B2FC8246D8F8EE
:108020000000C8B1B8F80400B0B1DFF8E0B0D9F88A
:108030000000DBF8041049698847084318D040F273
:10804000C5200090324B33A2002139A012F0D8FD98
:10805000EC200021BDE8FC9F40F2BF2000902C4B9B
:1080600035A2002132A012F0CBFDE3200021F1E780
:108070000026B8F8042009EBC607388990421DD1C4
:10808000E2B17868D8F80010C37891F803C063456E
:1080900014D1037909798B4210D1DAF8401088475E
:1080A00000207860388140F2D320CDE90006184BDB
:1080B0002BA203211EA012F0A3FD02E0761C202EAD
:1080C000D9DB202E0AD140F2DA200090104B32A2E8
:1080D000002117A012F094FDF4000025DBF8041035
:1080E000D9F800008969884708430BD04FF43870ED
:1080F0000090074B35A200210DA012F081FDEC206D
:108100000021A7E720462946A4E700008CC10120F2
:108110002F9003085B25733A256429206D757465DB
:1081200078206C6F636B206572726F7200000000C4
:108130006C696E6B657200005B25733A25642920BB
:10814000496E70757420706172616D6574657273CB
:108150002061726520696E76616C69642E00000092
:108160005B25733A25642920416E74692072656726
:1081700020636F6D6D616E642068616E646C652054
:108180006C69737420737563636573732C20696EF7
:108190006465783A256400005B25733A25642920DC
:1081A000446F206E6F742066696E6420636F6D6D1E
:1081B000616E6420726563656976652068616E64CE
:1081C0006C65206C6973742E000000005B25733AA7
:1081D000256429206D7574657820756E6C6F636BEE
:1081E000206572726F7200001CB50090ADF804102B
:1081F000F9F7CCF96946FFF709FF1CBD2DE9F043FB
:1082000091B004464FF00008C4F8A08602F0BCF814
:1082100004F5D1611FF052F908430CD0D62000902C
:108220003D4B3EA2002144A012F0EAFCFF200021B9
:1082300011B0BDE8F083D4F8A4562E684FF0DD09E4
:1082400004F2A4671CE0402205F110016846F8F72B
:108250009FF895E80F0012F05BF850EA010209D090
:10826000CDE902012C4B36A2CDF80090002132A0BE
:1082700012F0C6FC2946204600F0C8FF3546366895
:10828000BD42E0D1384D20686968096988470843D4
:108290000AD0E4200090204B34A2002126A012F046
:1082A000AFFCFF200021C3E76968D4F80401096925
:1082B000884708430AD0EA200090174B2BA20021E0
:1082C0001DA012F09DFCFF200021B1E7A4F8448816
:1082D0006968D4F840080969884708430AD0F12042
:1082E00000900D4B28A2002113A012F089FCEC2075
:1082F00000219DE7D4F8480810B16968096C8847E7
:108300006968D4F84C08096C88476868016C204695
:108310008847002001468BE7988F03085B25733A56
:108320002564292064656C20776F726B6E6F6465BD
:10833000206572726F7200006C696E6B657200006E
:108340005B25733A256429206465696E6974206C25
:10835000696E6B6572206572726F723A3078253083
:10836000386C6C58000000008CC101205B25733A0A
:10837000256429206D757465782064657374726F47
:1083800079206572726F72005B25733A256429202B
:108390006D757465782063726561746520657272AD
:1083A0006F7200002DE9F74F8AB006460C464FF079
:1083B0000009CDF82490CDF82090DFF8448361784F
:1083C000D8F80400012902D000297CD092E10027CE
:1083D000D6F8041142690846904708430DD040F290
:1083E0001D300090C74BC8A20021CEA012F008FC9F
:1083F000FF2000210DB0BDE8F08F002000EB400110
:1084000001EBC00106EB810595F80811012966D141
:1084100095F81C11E278914261D195F81B112279EF
:1084200091425CD195F81D116279914257D195F82E
:108430001E11A279914252D1B5F8201122899142A0
:108440004DD1012700EB400101EBC00006EB80009D
:1084500080F80891D8F80400016B09A88847084300
:1084600008D04FF44B700090A64BB0A20021ADA0F5
:1084700012F0C6FBD5F82CC10023D5F830212046D8
:108480000C99E047D5F8280128B1D8F80410096CF8
:108490008847C5F82891D8F80400016B08A88847D8
:1084A000084308D040F239300090964B9FA200213B
:1084B0009CA012F0A5FBDDE90801401AA1796279C0
:1084C0004FF44F7300E03FE0CDE90032CDE90210F8
:1084D0008C4B9E4A032193A012F092FB02E0401CB9
:1084E00020288BDBD8F80410D6F804018969884766
:1084F00008430BD040F247300090824B94A20021F9
:1085000088A012F07DFBFF20002173E7002F1AD115
:10851000207962794309A179CDE9053200F01F0085
:1085200007910490E078228940F24D334109CDE96A
:10853000003200F01F00CDE90201724B8B4A01218D
:1085400078A012F05DFBD5E04FF000093168426978
:108550000846904708430BD040F25A300090694BD0
:1085600069A200216FA012F04BFBEC20002141E733
:1085700000274FF00C0A06EBC708D8F804000028C3
:108580007DD0B8F808C0BCF1000FF9D0002581E01B
:10859000A179227941EA0263E1786279090441EA2A
:1085A00002210B430421012201EB051102EB05120C
:1085B000415C825C4FF0030B41EA0262022101EB55
:1085C00005110BEB051B415C10F80BB0090441EAE7
:1085D0000B210A43082101EB051141580B401140C2
:1085E0008B4256D10AEB05114158002951D04FF06A
:1085F0000109DFF80CB1DBF80400016B09A888471A
:10860000084308D04FF45D7000903E4B47A2002114
:1086100044A012F0F5FAD8F804000AEB05110C9A00
:10862000435821463046984708430CD06179A079D9
:1086300040F27A32CDE900210290324B4CA2002167
:1086400038A012F0DDFADBF80400016B08A88847B7
:10865000084308D040F27F3000902A4B33A200211B
:1086600030A012F0CDFADDE90801401A032814D930
:108670006279A1794FF46173CDE9003200E00CE03A
:10868000CDE902101F4B49A2032126A012F0B8FA2F
:1086900003E06D1CAC453FF77BAF7F1C202FFFF63E
:1086A0006AAF1749306849688969884708430BD021
:1086B00040F28F300090134B25A2002119A012F038
:1086C0009FFAEC20002195E6B9F1000F12D1A179B3
:1086D00062792389A07880B111A0CDE9023201909E
:1086E0004FF4657004910090064B364A03210DA0AB
:1086F00012F086FA002001467CE633A0EDE7000088
:108700008CC10120659003085B25733A25642920FC
:108710006D75746578206C6F636B206572726F7213
:10872000000000006C696E6B657200005B25733A97
:10873000256429206765742073797374656D2074CE
:10874000696D65206572726F720000005433040811
:108750005B25733A256429206D7574657820756EE4
:108760006C6F636B206572726F720000B831040821
:108770005B25733A25642920636D642068616E640B
:108780006C65206661696C7572652C20636D64731D
:108790006574203D203078253032782C20636D645C
:1087A0006964203D20307825303278005B25733AAB
:1087B0002564292025303258202530325820256460
:1087C00000000000003204086E6F0000F8B5044697
:1087D000134ED4F84008716849698847084308D0A7
:1087E0004FF4407000900F4B0FA2002117A012F021
:1087F00007FA04F50464A088401C85B2A58071685E
:10880000206889698847084308D04FF44270009077
:10881000044B10A200210DA012F0F2F92846F8BD79
:108820008CC10120509003085B25733A25642920F0
:10883000736571206E756D626572206D75746578F3
:10884000206C6F636B206572726F72006C696E6B67
:10885000657200005B25733A2564292073657120D9
:108860006E756D626572206D7574657820756E6CBD
:108870006F636B206572726F720000002DE9F04F1C
:1088800085B006468846144618F07AF881460020DE
:108890000490B8F8040000283FD0D8F80000002861
:1088A0003BD018F06DF8DFF84CA2CAF8040090B382
:1088B0004FF40565C16B28468847306060B3294690
:1088C000F7F781FD9CB1A08888B1316881F846082E
:1088D000DAF80410A088C96B800088473168C1F8B5
:1088E000480858B3A1888A002168F7F751FDDAF8E3
:1088F00004103068C968884708432AD09220009045
:108900007D4B7EA2002184A012F07AF9EC20002198
:1089100005B0BDE8F08F03E005E0E3200021F7E7B4
:10892000EC200021F4E77F200090734B7CA2002113
:1089300079A012F065F9EC200021E9E78920009088
:108940006D4B77A2002174A012F05AF9EC2000219F
:10895000DEE7DAF804103068C96800F582708847ED
:1089600008430AD098200090634B64A200216AA0BB
:1089700012F046F9EC200021CAE7306800F046F911
:10898000002744E007EB870101EBC7043021D8F84A
:10899000000001EB8401584B405C9E21CDE90010A2
:1089A00065A203215CA012F02BF907EB87024FF4BC
:1089B000D66000EB021B3168D8F80000594400EB88
:1089C000840011F083FD0D46044654EA05000CD0E6
:1089D000A1200090484B61A20021CDE902454EA0A4
:1089E00012F00EF92046294692E7306800EB0B01A1
:1089F000FFF7FEFA3068A6213F4BB0F8AC0660A244
:108A0000CDE90010032144A012F0FAF87F1CB8F859
:108A10000400B842B6DCD9F8381004A888470446E8
:108A20000D4654EA05000CD0AC200090324B5DA2FC
:108A30000021CDE9024538A012F0E2F8204629468F
:108A400066E73168BDF81000A1F84408DAF80410B0
:108A50003068C96800F50460884708430AD0B4202C
:108A60000090254B25A200212BA012F0C9F8EC2084
:108A700000214DE7DAF80400C16B40F2FF3088476F
:108A80003168C1F84C08316830B30020C1F8A00645
:108A900031684FA0C1F8900631685048C1F894067B
:108AA0003068C0F8980601F06FFC316801F5D161BB
:108AB0001EF020FC0D46044654EA050017D0C620DF
:108AC00000900D4B46A20021CDE9024512A012F004
:108AD00097F8204629461BE7BA200090064B10A2C3
:108AE00000210DA012F08CF8EC20002110E70020EE
:108AF00001460DE78CC10120888F03085B25733A7E
:108B0000256429206D7574657820637265617465CC
:108B1000206572726F7200006C696E6B6572000086
:108B20005B25733A256429206D616C6C6F63206549
:108B300072726F72000000005B25733A2564292071
:108B4000636F6E666967206C697374206368616E19
:108B50006E656C2069643A25640000005B25733AF9
:108B600025642920696E6974206C696E6B657220BA
:108B70006572726F723A30782530386C6C5800002C
:108B80005B25733A25642920616464206C696E6BEF
:108B90006572206E6F646520636F756E743A25642C
:108BA000000000005B25733A256429204765742086
:108BB00072616E646F6D206E756D206661696C65A3
:108BC000642C206572726E6F3A20256400000000EC
:108BD000636F6D6D616E645461736B00218C00086E
:108BE0005B25733A2564292063726561746520638F
:108BF0006F6D6D616E64207461736B206572726F4E
:108C0000723A30782530386C6C58000010B5044644
:108C100004F2A46011F0B0FF0020A4F8AC0610BD6F
:108C2000F0B597B00546002013901490159016905B
:108C300001F09EFB4FF47A71B0FBF1F2D5F8A0166B
:108C4000481CC5F8A006B1FBF2F002FB101000288A
:108C500048D1D5F8A446266805F2A46740E0D5F8C7
:108C60004C0813A9CDE91010402204F11001684608
:108C7000F7F78EFB0FCC11F08FFD08432BD19DF839
:108C800050009DF851309DF8522044091699CDE9C5
:108C90000543CDE9072100F01F019DF84F00BDF805
:108CA0005430420900F01F00CDE90130CDE9032125
:108CB0004FF4856000900C4B0C4A03210CA011F07E
:108CC0009FFF1698B0F5806F05D213A92846D5F8F6
:108CD0004C28FFF767FB284600F018FE344636683C
:108CE000BC42BCD117B0F0BDAF90030800330408FC
:108CF0006C696E6B657200002DE9F04F87B080469D
:108D00000E46002425463068002804D0B38813B1ED
:108D100000220327B5E0E32000210EF00DFAB8B9D8
:108D2000E322002301A80EF04BF901A804AB07C809
:108D300007C3DDE90412069840F24B23CDE9003168
:108D4000CDE90220E74BE8A20021EBA011F058FF8B
:108D5000E320002107B0BDE8F08F511C8DE000EB4F
:108D6000021C00EB01199CF800C099F80090CC455A
:108D700079D14FF0010C0CEB02190CEB011C10F82F
:108D8000099010F80CC0E14576D14FF0020C0CEBC5
:108D900002190CEB011C10F8099010F80CC0E14509
:108DA0006AD107EB021C07EB011910F80CC010F890
:108DB0000990CC4560D14FF0040C0CEB02190CEB80
:108DC000011C10F8099010F80CC0E14554D14FF087
:108DD000080C0CEB02190CEB011C50F8099050F830
:108DE0000CC0E14548D1082202EB0112835804224D
:108DF00002EB0112845C07EB0112855C022202EB9C
:108E00000112825C0392CDE904540122069302EB25
:108E10000112B44B825C00EB011040F25721007844
:108E2000CDE901020091B64A0021B3A011F0E8FE9D
:108E300040F20314204600210EF07EF9C8B9224604
:108E4000002301A80EF0BCF801A804AB07C807C3B3
:108E5000DDE9042006994FF41873CDE90032CDE91D
:108E60000201A04B00E007E0A6A20021A2A011F0A1
:108E7000C7FE204600216DE7491C8B423FF76FAFCC
:108E8000521C93423FF769AFAC49D8F800004968DB
:108E90004969884708430BD04FF41A700090914BF2
:108EA000A7A2002194A011F0ABFEEC20002151E715
:108EB0004FF0000C08EBCC00416800297ED00089FF
:108EC000B0F1000E7AD0002299E00020B6F804B08C
:108ED00091E001EB021393F80090336803EB001A62
:108EE0009AF800A0D1456AD14FF0010909EB021AA6
:108EF00009EB001911F80AA013F80990CA4579D1B5
:108F00004FF0020909EB021A09EB001911F80AA047
:108F100013F80990CA456DD107EB021907EB001A47
:108F200011F8099013F80AA0D14563D14FF0040954
:108F300009EB021A09EB001911F80AA013F80990BD
:108F4000CA4557D14FF0080909EB021A09EB00197D
:108F500051F80AA053F80990CA454BD1082132684C
:108F600001EB001107EB001452580421022501EB1C
:108F7000001105EB00151C5D595C5D5DCDE90354E6
:108F8000CDE90512012101EB001103EB0010595C42
:108F9000007840F28222CDE900200291514B6F4AC5
:108FA000002155A011F02CFE40F2031400252646A6
:108FB000304600210EF0C0F8002801E022E019E060
:108FC00078D13246002301A80DF0FAFF01A804ABC6
:108FD00007C807C3DDE90421069840F28B23CDE9D9
:108FE0000032CDE902103F4B3FA2002142A011F018
:108FF00007FE5FE0401C83453FF76BAF521C964570
:109000003FF763AF0CF1010CBCF1200FFFF652AF3C
:10901000002708EBC709D9F8040040B1B9F80800E7
:1090200028B17F1C202FF4DB202F37D042E04349AA
:10903000B08849680001C96B88470346180001D011
:10904000002017E04FF426700090264B44A2002128
:1090500029A011F0D5FDE7E7316803EB001201EB21
:109060000011D1E900CAD1E902B1C2E900CAC2E9DE
:1090700002B1401CB1888142EEDC08EBC7004360BE
:10908000B088A9F8080040F2A320CDE90007154BED
:109090003CA2032118A011F0B3FDC5E740F2A920BE
:1090A0000090104B44A2002113A011F0A9FD40F242
:1090B000011400252149D8F80000496889698847CA
:1090C00008430BD040F2B1200090064B43A2002190
:1090D00009A011F095FDEC2000213BE62046294631
:1090E00038E60000129003085B25733A25642920B6
:1090F00025732573257300006C696E6B6572000023
:10910000AC3204085B25733A256429202573257346
:109110002573202844657461696C733A2920546171
:10912000626C65206861732074776F2073616D6570
:10913000206F626A656374732E0000008CC1012089
:109140005B25733A256429206D75746578206C6FF2
:10915000636B206572726F72000000006032040859
:109160005B25733A256429207265637620636D64FC
:10917000206C697374206D616C6C6F632065727212
:109180006F7200005B25733A2564292052656720C1
:10919000636F6D6D616E642068616E646C65206CD8
:1091A00069737420737563636573732C20696E64CF
:1091B00065783A25640000005B25733A2564292010
:1091C0004E6F74206861766520656E6F75676820E4
:1091D0007265736F75726365000000005B25733AFA
:1091E000256429206D7574657820756E6C6F636BCE
:1091F000206572726F7200001CB50090ADF804100B
:10920000F8F7C4F96946FFF777FD1CBD10B50446B1
:10921000084611F0B4FCB4F8AC06401EA4F8AC0645
:1092200010BD00002DE9F04F93B082460F469046E6
:1092300000242546A146397802290FD001290DD0F6
:1092400040F245100090504B50A2002159A011F05F
:10925000D7FCE320002113B0BDE8F08FF8783A790D
:1092600090420BD14FF4A5700090474B53A20021C0
:1092700050A011F0C5FCE3200021ECE7022910D139
:10928000F86840F2F23290420BD94FF4A870009087
:109290003D4B55A2002147A011F0B2FCE320002174
:1092A000D9E701290FD1F868B0F57C7F0BD340F2E4
:1092B00057100090344B4CA200213EA011F0A0FCAE
:1092C000E3200021C7E7002001264FF0030C9AF8A5
:1092D000463819E0DAF8482897F805E012F820B087
:1092E000F34510D106EB800B97F806E012F80BB0AF
:1092F000F34508D10CEB800B12F80B208A4202D107
:109300004FF0010902E0401C8342E3DCDAF8A46676
:10931000D6F800B00AF2A46A31E0B9F1000F19D012
:1093200017F042FBB0B1387896F83810884223D154
:1093300096F8200002281FD1CDE91078402206F1CE
:1093400010016846F7F724F80FCE11F017FB04461A
:109350000D4611E0387896F8381088420CD1CDE9E6
:109360001078402206F110016846F7F711F80FCE89
:1093700011F004FB04460D465E46DBF800B056458E
:10938000CBD12046294666E7C28F03085B25733A96
:1093900025642920696E76616C69642070726F742F
:1093A0006F636F6C207479706520706172616D6598
:1093B000746572006C696E6B657200005B25733AB0
:1093C0002564292073656E646572206F7220726552
:1093D0006365697665722063616E6E6F7420626585
:1093E00020657175616C00005B25733A2564292046
:1093F00073656E642064617461206C656E67746867
:10940000206F7574206F662072616E6765000000C2
:109410002DE9F04788B0824615461C46002637469F
:1094200000200490059006900790002C03D00A7845
:10943000022A0ED01DE04FF4BF7000903E4B3FA2B9
:10944000002148A011F0DCFBE320002108B0BDE8BA
:10945000F08740F2F2339C420BD94FF4C270009077
:10946000354B42A200213FA011F0CAFBE3200021AE
:10947000ECE7012A0ED1B4F57C7F0BD340F28B10C0
:1094800000902D4B39A2002136A011F0B9FBE3204A
:109490000021DBE78DF8102001228DF811208DF8D6
:1094A000120008798DF81300C8788DF814004879F7
:1094B0008DF8150088798DF816000889ADF8180028
:1094C0000794DFF8D090D9F80400C16B2046884794
:1094D00080465FEA080022D022462946F6F758FF68
:1094E000424604A95046FFF79DFE0D46044654EA45
:1094F00005000CD04FF4D27000900F4B26A2002133
:10950000CDE9024517A011F07BFB26462F46D9F87E
:109510000400016C404688473046394696E740F2E1
:109520009D100090044B26A200210EA011F068FBB4
:10953000E22000218AE70000D28F03085B25733AFE
:109540002564292061636B2064617461206C656E01
:1095500020706172616D6574657220697320657237
:10956000726F72006C696E6B657200005B25733AF6
:109570002564292061636B2064617461206C656ED1
:10958000677468206F7574206F662072616E6765FE
:10959000000000008CC101205B25733A256429205E
:1095A00073656E64207261772064617461206572F6
:1095B000726F723A2030782530386C6C582E00006B
:1095C0005B25733A256429206D616C6C6F632061A3
:1095D000636B2064617461206572726F72000000B9
:1095E0002DE9FF4F83B0824689464FF0000899F875
:1095F000010000281ED199F80200D8B11198C8B115
:109600000698B8B149465046059AFFF70BFE0D463D
:10961000044654EA05001ED040F2BF1000906F4B84
:109620006FA2002175A011F0EBFA2046294607B081
:10963000BDE8F08F40F2B9100090684B71A2012193
:109640006EA011F0DDFA059A07B049465046BDE814
:10965000F04FFFF7E7BDDFF8DCB1DAF80401DBF823
:1096600004104969884708430BD04FF4E27000901A
:109670005A4B71A2002161A011F0C2FAEC20002126
:10968000D5E7002606EB460000EBC6000AEB80009B
:1096900090F8080100283BD0761C202EF2DB202E0B
:1096A0007ED0002006EB460101EBC6010AEB8101EA
:1096B00091F8081129B1202E03DA08F1010808F009
:1096C000FF08401C2028F5DB9BF8000080450BD9E3
:1096D0008BF800804FF4F970CDE900083F4B5DA294
:1096E000032146A011F08CFADBF80410DAF804012B
:1096F0008969884708436DD04FF4FC700090374B60
:109700005EA200213DA011F07BFAEC2000218EE743
:10971000DBF8041006EB460000EBC6000AEB8007FE
:10972000096B07F58670884708430AD04FF4E67046
:1097300000902A4B58A2002130A011F061FAEC24CD
:10974000002507F58877119838601298B88099E855
:109750000F0008370FC7183FA7F58877D9F80C0016
:1097600040F2FE32411E914211D8DBF80410C96B61
:109770008847C7F82801A0B1D9F80C10F6F723FEE6
:10978000D9F80C20D7F828010599F6F701FE07F55E
:109790008477069878621098B862012038707EE766
:1097A0000BE040F2D51000900C4B43A2002113A017
:1097B00011F026FAE220002139E740F2E51000908E
:1097C000064B46A200210DA011F01AFA40F2011436
:1097D000002589E72046294629E70000E98F03088C
:1097E0005B25733A25642920636F6D6D616E64207B
:1097F00073656E64206572726F7200006C696E6BC7
:10980000657200005B25733A2564292073656E64D8
:1098100053796E6320706172616D206572726F7230
:1098200020616E64206E6F726D616C2073656E6472
:10983000000000008CC101205B25733A25642920BB
:109840006D75746578206C6F636B206572726F72D2
:10985000000000005B25733A256429204D617820C3
:10986000776169742061636B206974656D20636F33
:10987000756E742069732025642E00005B25733A91
:10988000256429206D7574657820756E6C6F636B27
:10989000206572726F7200005B25733A256429207F
:1098A0006765742073797374656D2074696D6520C4
:1098B0006572726F720000005B25733A256429207F
:1098C0006D616C6C6F632077616974206974656D7C
:1098D0002064617461206572726F72005B25733A57
:1098E000256429206E6F74206861766520656E6F2F
:1098F000756768207265736F7572636520666F7235
:10990000206173796E63206C697374002DE9F041F6
:109910008EB006464FF00008CDF83480CDF8308088
:10992000CDF82C80714FD6F80401796849698847D1
:1099300008430BD040F2A93000906D4B6DA200217E
:1099400073A011F05DF90EB0BDE8F081002505EBC4
:10995000450000EBC50006EB800494F808010128DF
:1099600066D17868016B0DA88847084308D040F29B
:10997000B13000905E4B68A2002165A011F040F963
:10998000D4F80C010D99081AD4F8101188424FD957
:10999000796804F58670096B8847084308D04FF44E
:1099A0006E700090524B5CA2002159A011F028F972
:1099B000B4F8140100283CD004F58E742178637843
:1099C0004FEA511CA278CDE907C301F01F010992AB
:1099D000069114F8011CCDE902504A0901F01F015B
:1099E000CDE90412A0884FF46F71CDE90010404B0F
:1099F000514A012146A011F003F9E268A4F58E74E2
:109A000004F58C713046FFF70DFC50EA01020AD0D4
:109A1000CDE9020140F2CB300090354B47A2012145
:109A20003BA011F0EDF8B4F81401401EA4F81401A5
:109A300046E084F8088140F2D130CDE900052C4B96
:109A40004CA2002132A011F0DBF87868016B0CA861
:109A50008847084308D04FF475700090244B2EA21D
:109A600000212BA011F0CCF801230021D4F82CC147
:109A70000846D4F83021E047D4F8280120B17968AD
:109A8000096C8847C4F828817868016B0BA888475F
:109A9000084308D04FF478700090154B1EA20021A7
:109AA0001BA011F0ADF8DDE90B01401A40F2E331E3
:109AB000CDE900100E4B38A2032115A011F0A0F83B
:109AC0006D1C202DFFF643AF7968D6F80401896933
:109AD000884708433FF437AF4FF47B700090044B46
:109AE00037A200210AA011F08BF82CE78CC10120CD
:109AF000789003085B25733A256429206D75746599
:109B000078206C6F636B206572726F7200000000CA
:109B10006C696E6B657200005B25733A25642920C1
:109B20006765742073797374656D2074696D652041
:109B30006572726F72000000503104085B25733A41
:109B400025642920436F6D6D616E642072657472A7
:109B5000792073656E64206661696C65642C20658C
:109B600072726F72436F64653A30782530386C6C6E
:109B7000580000005B25733A25642920436F6D6D02
:109B8000616E64206173796E632073656E64206515
:109B900072726F72202564005B25733A2564292058
:109BA00054696D656F75742066756E6320646561B8
:109BB0006C2061626F75743A202564206D7300001B
:109BC0005B25733A256429206D7574657820756E60
:109BD0006C6F636B206572726F7200002DE9FF4F2E
:109BE00083B08846DDE911AB1F46FF24002598F8B5
:109BF0000100002826D198F8020018B3BBF1000F2D
:109C000020D0DFF87091D9F80400C16B4FF4836065
:109C100088470646300026D04FF48361F6F7D3FB21
:109C2000D9F804003146C26900209047084328D083
:109C30004FF405700090504B50A2002159A010F035
:109C4000DFFF8EE04FF4027000904B4B57A20121D2
:109C500054A010F0D5FF059A039807B04146BDE81F
:109C6000F04FFFF7DFBA40F20E200090424B5BA2AC
:109C700000214CA010F0C4FFE220002107B0BDE895
:109C8000F08FCDE9006B139802905F4B4146059A27
:109C90000398FFF7A5FC084309D040F21B20009071
:109CA000354B5AA200213FA010F0AAFF47E0D9F897
:109CB00004103068496A884708430BD040F22120DD
:109CC00000902D4B5AA2002136A010F099FFE124FC
:109CD000002534E03079012801D060B12FE040F256
:109CE00027200090244B5CA200212EA010F088FFBA
:109CF000E124002523E040F22A2000901E4B5FA2C1
:109D0000032128A010F07CFF0024254606F108005E
:109D10000FC887E80F00524606F118011098F6F7B1
:109D200037FBF86850450AD9CDE9010A40F22F21E6
:109D30000091114B5A4A03211AA010F061FFD9F883
:109D400004103068096A884708430AD04FF40E703F
:109D50000090094B53A2002112A010F051FFFF24E4
:109D60000025D9F80400016C304688472046294672
:109D700084E700008CC10120FE8F03085B25733A45
:109D80002564292073656E6453796E632073656D55
:109D90006170686F726520637265617465206572B9
:109DA000726F72006C696E6B657200005B25733AAE
:109DB0002564292073656E6453796E632070617227
:109DC000616D206572726F7220616E64206E6F72B9
:109DD0006D616C2073656E64000000005B25733A52
:109DE000256429206D616C6C6F63206D656D6F72E9
:109DF0007920666F722073796E63496E666F206694
:109E000061696C2E00000000D19E00085B25733A4A
:109E10002564292073656E644173796E63207365D0
:109E20006E6420636D64206572726F7200000000C2
:109E30005B25733A2564292073656E6453796E63DC
:109E400020776169742073656D6170686F72652039
:109E50006661696C656400005B25733A256429209E
:109E600073656E6453796E632063616C6C626163C9
:109E70006B2074696D656F75740000005B25733A23
:109E80002564292073656E6453796E632063616C69
:109E90006C6261636B2073756363657373000000AC
:109EA000943004085B25733A2564292073656E6439
:109EB00053796E632073656D6170686F726520649D
:109EC000657374726F79206572726F7200000000A2
:109ED0002DE9FF4105460F4614461E46002E13D1BC
:109EE0004FF47E700090154B15A2032120A010F0B6
:109EF00087FE95E80F0008340FC4183C394604F17A
:109F00001800EA68F6F744FA26711B492068496888
:109F1000C96A884750EA01020AD0CDE902014FF42C
:109F200080600090054B15A2002111A010F068FE82
:109F3000002004B00146BDE8F081000093900308C2
:109F40005B25733A256429205073646B436F6D6DF4
:109F5000616E645F53656E6453796E6343616C6CCC
:109F60006261636B20737563636573730000000047
:109F70006C696E6B657200008CC101205B25733AC1
:109F80002564292073656D6170686F726520706F3C
:109F90007374206572726F722C20737461743A301E
:109FA000782530386C6C58002DE9F04F91B006469A
:109FB000894692460020C6F8A00600F0E5F906F5AD
:109FC000D16110911DF07AFA08430DD04FF48570DD
:109FD0000090654B65A200216BA010F011FEFF20E0
:109FE000002111B0BDE8F08FD6F8A476D7F8008034
:109FF00006F2A46B20E0402207F110016846F6F754
:10A00000C7F997E80F0010F083F904460D4654EAAB
:10A0100005000AD040F211100090534B5CA20021C1
:10A02000CDE9024558A010F0EBFD39463046FFF768
:10A03000EDF84746D8F800805F45DCD1BAF1000F53
:10A0400015D0BAF8040090B186F846085A49BAF813
:10A05000040049688000C96B8847C6F8480840B1C9
:10A06000BAF804108A00DAF80010F6F791F9002720
:10A0700050E04FF48D7000903B4B50A2002142A065
:10A0800010F0BEFDEC200021ABE707EB870101EBF0
:10A09000C7043021D9F8000001EB8401324B405C49
:10A0A0004FF49171CDE900104AA2032136A010F0BF
:10A0B000A7FD07EB8701D9F8000006EB011101F5B8
:10A0C000D66100EB8400884610F000FA04460D4685
:10A0D00054EA05000DD040F225100090224B46A214
:10A0E0000021CDE9024528A010F08AFD204629462E
:10A0F00077E741463046FDF77BFFB6F8AC064FF4F4
:10A100009571CDE90010184B44A203211EA010F058
:10A1100077FD7F1CB9F80400B842B6DC0020C6F811
:10A12000A00647A0C6F890064848C6F89406C6F8A8
:10A13000986600F029F910991DF0DCF80D460446E8
:10A1400054EA05000DD04FF49B700090064B40A2DE
:10A150000021CDE902450CA010F052FD2046294611
:10A160003FE7002001463CE7AA8F03085B25733ACE
:10A170002564292064656C20776F726B206E6F6494
:10A1800065206572726F72006C696E6B657200009B
:10A190005B25733A256429206465696E6974206CB7
:10A1A000696E6B6572206572726F723A3078253015
:10A1B000386C6C58000000008CC101205B25733A9C
:10A1C000256429206D616C6C6F63206572726F72FB
:10A1D000000000005B25733A25642920636F6E66DA
:10A1E0006967206C697374206368616E6E656C20AA
:10A1F00069643A25640000005B25733A25642920D0
:10A20000696E6974206C696E6B6572206572726F1D
:10A21000723A30782530386C6C5800005B25733A00
:10A2200025642920616464206C696E6B6572206E00
:10A230006F646520636F756E743A256400000000DA
:10A24000636F6D6D616E645461736B00218C0008E7
:10A250005B25733A25642920437265617465206328
:10A260006F6D6D616E64207461736B206661696CE3
:10A2700065642C206572726E6F203D203078253029
:10A28000386C6C580000000070B586B0044605A814
:10A29000F7F75EF950EA010225D104A8F7F7A8FA0A
:10A2A00050EA01021FD100209DF81420174D9DF89F
:10A2B000103000EB400101EBC0016E5C964214D1FE
:10A2C00029444978994210D100EB400101EBC000CC
:10A2D0002844016821604168616001892181807A98
:10A2E000A0720020014606B070BD401C1128E0D3CA
:10A2F000FD208DE80D00054B054ABB33002105A06C
:10A3000010F07EFC4FF480700021ECE7C39003084E
:10A310002C2C04087574696C7300000008B5F521D5
:10A32000074800F0D3FFF7200090054B05A202215B
:10A330000DA010F065FC0020BDE80840FBF746BC0E
:10A34000CA7903085B25733A256429205374617226
:10A350007420646A692073646B206170706C696337
:10A360006174696F6E000000636F72650000000029
:10A370004FF47A707047000040F297220149F6F7D7
:10A3800007B800005BCF01200048704754DC012073
:10A390002DE9F041ADF5A66D064616F0F1FA04463A
:10A3A0000027CDF824750EB340F297284246314677
:10A3B000FC48F5F7EDFF4E21FB4800F087FF002C2D
:10A3C0001FD00CF08DFE0D46044654EA050023D044
:10A3D00059200090F44BF5A20021FEA010F010FCD3
:10A3E000204629460DF5A66DBDE8F0814920009074
:10A3F000ED4BFAA20021F7A010F002FCE3200021AF
:10A40000F0E751200090E84BFB4A0021F1A010F04A
:10A41000F7FBEC200021E5E700F0FEFC04460D46CA
:10A4200054EA05000CD05F200090DF4BF3A200211E
:10A43000CDE90245E7A010F0E3FB20462946D1E72D
:10A4400017F098FA04460D4654EA050007D0652037
:10A450000090D54BF3A20021DEA010F0D1FBD14932
:10A4600040F2872210316846F5F792FF4246CD4907
:10A47000A3A8F5F78DFFA3A80FC817F03FFBF1A025
:10A48000F3A1CDE9061040F68E02CDE90472032156
:10A490006A220A20CDE90021CDE90207C24BEFA2D2
:10A4A0000221CCA010F0ACFB0DF04EFF0D4604468F
:10A4B00054EA05000AD06F200090BB4BF7A202219E
:10A4C000C4A010F09DFB204629468BE706F52470BA
:10A4D000F5F7DCFFCDF82405F8F7A0FC0D4604469F
:10A4E00054EA05000CD07F200090AF4BF4A200216D
:10A4F000CDE90245B7A010F083FB2046294671E75D
:10A50000FB48FFF7C1FE04460D4654EA050007D09C
:10A5100085200090A44BF7A20021AEA010F070FBA4
:10A52000304616F01DFC0D46044654EA05000AD0DC
:10A530008A2000909C4BF8A20021A6A010F060FB9E
:10A54000204629464EE70FF02FF90D46044654EAFF
:10A5500005000AD090200090934BF9A200219DA005
:10A5600010F04EFB204629463CE7FBF78BFA0D46E0
:10A57000044654EA05000AD0962000908A4BFAA2BD
:10A58000002194A010F03CFB204629462AE7FAF768
:10A5900091FB04460D4654EA050030D0204629467A
:10A5A0000CF0CAFD00BB22462B460DF20C500CF0FD
:10A5B00007FD0DF20C510DF5A36306C9DDF8140576
:10A5C00006C3CDF82005DDF81825DDF820059C230D
:10A5D000DDF81C15CDE90032CDE90210724BEEA278
:10A5E00000217CA010F00CFB9D2000906E4BEEA291
:10A5F000002178A010F004FB20462946F2E60DF574
:10A60000A560FAF7CBFA04460D4654EA05000AD0D5
:10A61000A3200090644BEDA200216EA010F0F0FA90
:10A6200020462946DEE69DF82C05F9F7A1FF0446F1
:10A630009DF82D05FAF722FB0546BDF82A05FAF725
:10A640005FF8A621CDE90010CDE90254564BE94A46
:10A65000022160A010F0D4FA19F0B4FC0D460446B3
:10A6600054EA05002BD0204629460CF065FDD8B9E8
:10A6700022462B460DF20C500CF0A2FC0DF20C50B1
:10A680000DF5A36307C807C30DF21C50DDF81825AC
:10A6900003C8AE23CDE90032CDE90201424BBEA290
:10A6A00000214CA010F0ACFAAF2000903E4BD2A29B
:10A6B000002148A010F0A4FA2046294692E6BDF8F1
:10A6C0002A053C2801D0592839D19DF82C050128AC
:10A6D00001D0022833D111F049FE0D46044654EA58
:10A6E00005002CD0204629460CF026FDE0B9224674
:10A6F0002B460DF20C500CF063FC0DF20C500DF5D6
:10A70000A36307C807C3DDF81825DDF82005B923C2
:10A71000DDF81C15CDE90032CDE90210224B9EA2D6
:10A7200000212CA010F06CFABA2000901E4BBEA2A3
:10A73000002128A010F064FA2046294652E6BDF810
:10A740002A05432816D04D2814D04F2812D05B2854
:10A7500010D05D280ED04E280CD063280AD0A0F56A
:10A760004071DE3906D0642804D0B0F57A7F01D07C
:10A77000672816D100F0ACFD04460D4654EA0500EA
:10A780000FD0204629460CF0D7FC48B922462B466C
:10A790000DF20C500CF014FC0DF20C5007C859E1EE
:10A7A0006EE179E15BCF0120BD7903085B25733A47
:10A7B00025642920646A69206572726F722066724E
:10A7C000616D65776F726B20696E69742065727256
:10A7D0006F720000636F7265000000005B25733AC2
:10A7E000256429202A75736572496E666F20697326
:10A7F000204E554C4C2E00001C1D04085B25733A5E
:10A8000025642920726F6F74207461736B20696EE8
:10A810006974206572726F722C20737461743A25AA
:10A820006C6C64005B25733A2564292053444B20EB
:10A83000496E6974207265636F7264657220657217
:10A84000726F720032313A34393A35360000000006
:10A850004A616E2020392032303235005B25733A50
:10A86000256429205061796C6F61642053444B202A
:10A8700056657273696F6E203A205625642E2564E2
:10A880002E25642D626574612E25642D6275696CB8
:10A89000642E256420257320257300005B25733A00
:10A8A00025642920466C6F7720636F6E74726F6C1D
:10A8B0006C657220696E6974206572726F72000037
:10A8C0005B25733A256429204163636573732061B6
:10A8D00064617074657220696E6974206572726F4C
:10A8E000722C20737461743A256C6C640000000053
:10A8F000F2D101205B25733A2564292043616E273C
:10A90000742067657420636F726520706172616D79
:10A9100020636F6E666967005B25733A25642920A2
:10A9200053444B2070726F6475637420696E666F58
:10A9300020696E6974206572726F722E00000000CB
:10A940005B25733A2564292053444B206964656E66
:10A95000746974792076657269667920696E6974A4
:10A96000206572726F722E005B25733A2564292070
:10A9700053444B20636F6E6E656374696F6E206D18
:10A98000616E6167656D656E7420696E69742065BE
:10A9900072726F72000000005B25733A25642920F3
:10A9A00025732573257300005B25733A25642920E0
:10A9B000416972637261667420696E666F20696EA8
:10A9C0006974206572726F72000000005B25733A33
:10A9D0002564292047657420616972637261667419
:10A9E000206261736520696E666F206572726F7296
:10A9F00000000000A01D04085B25733A256429208F
:10AA000054696D6553796E6320696E7465726E6109
:10AA10006C2066756E6374696F6E20696E69742050
:10AA20006572726F720000005B25733A25642920FD
:10AA30005061796C6F616420636F6C6C61626F72DE
:10AA40006174696F6E20696E6974206572726F72CD
:10AA5000000000000DF5A36307C3DDF81825CD2322
:10AA6000DDF82005CDE90032DDF81C15CDE9021036
:10AA70005B4BAFF2DC020021AFF2A82010F0C0F86F
:10AA8000CE20574B57A200210090AFF2B82010F013
:10AA9000B7F820462946A5E45A48007988B19DF8C0
:10AAA0002C0518F0ABFC04460D4654EA050008D00E
:10AAB000D6204B4B54A200210090AFF2E82010F0BA
:10AAC0009FF85A480078A8B13046FCF73FFB0D4686
:10AAD000044654EA05000DD0DD20414B54A200216C
:10AAE000CDE902450090AFF2143010F089F820460D
:10AAF000294677E40CF082FB04460D4654EA050033
:10AB000035D0204629460CF017FB20BB22462B46A9
:10AB10000DF20C500CF054FADDF80C25DDF8101590
:10AB2000DDF81405CDF81825CDF81C15CDF8200555
:10AB3000DDF81825E423DDF82005CDE90032DDF845
:10AB40001C15CDE90210264BAFF2B4120021AFF272
:10AB50007C3010F055F8E520214B3FA200210090F9
:10AB6000AFF2903010F04CF8204629463AE415F048
:10AB7000D7FC04460D4654EA05002ED0204629464F
:10AB80000CF0DAFAE8B922462B460DF20C500CF024
:10AB900017FA0DF20C500DF5A36307C807C30DF2A9
:10ABA0001C50DDF8182503C8EB23CDE900320C4B0F
:10ABB000CDE90201AFF220220021AFF2E83010F01F
:10ABC0001FF8EC20064B32A200210090AFF2FC30BF
:10ABD00010F016F82046294604E4002001460FE450
:10ABE000BD7903085B25733A256429205379737472
:10ABF000656D206461746120696E6974206572728C
:10AC00006F720000F2D101205B25733A2564292080
:10AC100053646B2073746174652070757368206968
:10AC20006E6974206572726F7200000099C0012015
:10AC30005B25733A25642920417574682075736516
:10AC400072696E666F206661696C65642C2073742E
:10AC500061743A256C6C64005B25733A2564292085
:10AC60004461746120737562736372697074696F93
:10AC70006E20696E7465726E616C2066756E6374A9
:10AC8000696F6E20696E6974206572726F72000060
:10AC90005B25733A256429205061796C6F616420CB
:10ACA0006F6E6C696E652020706572636570746983
:10ACB0006F6E20696E6974206572726F7200000099
:10ACC0001FB5314F314EB868816801208847B96897
:10ACD000B0684969884750EA01020AD0CDE902010B
:10ACE0007D2000902A4B2BA2002132A00FF088FF7C
:10ACF000E9E726481CF088FB3868411C39604FF4AE
:10AD00007A71B0FBF1F201FB1200002829D18320F7
:10AD100000901F4B29A2032126A00FF071FF842071
:10AD200000901B4B2D4A032122A00FF069FF3468CD
:10AD300025684FF000084FF0860910E0E08AA18AEC
:10AD4000A268CDE90210CDE90092114B24A20321A3
:10AD500018A00FF055FFA4F814802C462D68B442BB
:10AD6000ECD1B968B0688969884750EA0102AAD075
:10AD7000CDE902018D200090054B1FA200210DA0FE
:10AD80000FF03EFF9FE70000F8C1012054DC0120D6
:10AD900013BF03085B25733A256429206C6F636B2E
:10ADA000206D75746578206572726F723A20256423
:10ADB0002E0000007574696C730000005B25733A07
:10ADC00025642920776F726B2065786563757469D7
:10ADD0006F6E2074696D653A0000000024860408D7
:10ADE0005B25733A25642920252D33327309252DDF
:10ADF000386409252D3864005B25733A25642920C1
:10AE0000756E6C6F636B206D7574657820657272FA
:10AE10006F723A2025642E007FB515F0B1FD1F4EEC
:10AE2000B060C0B122491EA0C86008461CF06EFB8D
:10AE30000D46044654EA050010D0492000901D4BF1
:10AE40001DA20021CDE9024525A00FF0D9FE204624
:10AE5000294604B070BDEC200021FAE70F484FF4FA
:10AE60008052001D0090B06800231F4904681FA095
:10AE7000A0470D46044654EA05000CD0502000902F
:10AE80000C4B1DA20021CDE9024515A00FF0B8FE24
:10AE900020462946DDE700200146DAE7F8C1012017
:10AEA000726F6F745F7461736B5F6C6973740000B1
:10AEB00054DC0120E7BE03085B25733A2564292092
:10AEC000776F726B206C69737420696E697420658A
:10AED00072726F723A30782530386C6C580000000E
:10AEE0007574696C73000000C1AC0008726F6F74F8
:10AEF0005F7461736B0000005B25733A2564292041
:10AF0000636F726520726F6F74207461736B20635E
:10AF10007265617465206572726F723A307825309F
:10AF2000386C6C58000000002DE9F04188B00646EE
:10AF300015F026FD0746A321344800F0C7F9CEB12D
:10AF4000DFF8CC807969D8F8000088470D460446C0
:10AF500054EA05002DD0AD2000902C4B2DA20021ED
:10AF6000CDE9024534A00FF04BFE2046294608B03B
:10AF7000BDE8F081E32000210CF0DEF8B0B9E32257
:10AF8000002302A80CF01CF802A805AB07C807C3F1
:10AF9000DDE90520A7230799CDE90032CDE90201BB
:10AFA0001A4B27A2002124A00FF02AFEE320002143
:10AFB000DDE7314820210446F5F705FA1F22314626
:10AFC0002046F5F71DFAB969D8F8000088470D4604
:10AFD000044654EA05000CD0B62000900B4B27A283
:10AFE0000021CDE9024514A00FF00AFE20462946B3
:10AFF000BDE7BA20CDE90006044B2AA202210EA02B
:10B000000FF0FEFD00200146B1E700003C8103087F
:10B01000203600205B25733A256429206C6F636B12
:10B02000206D75746578206572726F723A20307881
:10B030002530386C6C582E00636F7265000000007C
:10B040005B25733A256429202573257325732028F1
:10B0500044657461696C733A292070726F6475631A
:10B0600074416C6961732063616E2774206265208E
:10B070006E756C6C0000000026A901205B25733AF8
:10B0800025642920756E6C6F636B206D757465780F
:10B09000206572726F723A2030782530386C6C58A7
:10B0A0002E0000005B25733A256429205365742027
:10B0B000616C6961733A20257300000001B5DD21E0
:10B0C000054800F003F905480099C160012141706D
:10B0D0000020014608BD0000B6780308E0350020D6
:10B0E00038B50446002C0FD02046F5F795F92028F6
:10B0F00015D9ED200090134B134A002113A00FF037
:10B100007FFDE320002138BDE82000900D4B11A207
:10B1100000210EA00FF074FDE320002138BD202196
:10B120001648F5F750F92046F5F776F9024621461C
:10B130001248F5F72DF912490120887000200146C8
:10B1400038BD0000D1780308841C0408636F726561
:10B15000000000005B25733A256429202A70726F75
:10B160006475637453657269616C4E756D62657266
:10B17000206973204E554C4C2E0000003BCF01201F
:10B18000E035002010B5024643F29260002A01D05B
:10B19000084C0AE04FF6FF7010BD12F8013B434027
:10B1A000DBB234F8133083EA1020491E4B1CF4D173
:10B1B00010BD000018FD030810B57722002801D04B
:10B1C000064C05E0FF2010BD10F8013B5340E25C47
:10B1D000491E4B1CF8D1104610BD000018FC030896
:10B1E00010B5024643F6A320002A01D0084C0AE01D
:10B1F0004FF6FF7010BD12F8013B4340DBB234F84C
:10B20000133083EA1020491E4B1CF4D110BD0000FE
:10B2100018FF030810B5024643F6A320002A01D008
:10B22000084C0AE04FF6FF7010BD12F8013B434096
:10B23000DBB254F8233083EA1020491E4B1CF4D1B2
:10B2400010BD00001801040870B586B0044605A8BA
:10B25000F6F77EF950EA01021DD104A8F6F7C8FA04
:10B2600050EA010217D100209DF81420134D9DF8DB
:10B27000103000EB80016E5C96420ED12944497873
:10B2800099420AD100EB80002844016821600079CE
:10B2900020710020014606B070BD401C1128E8D383
:10B2A00092208DE80D00054B054A5533002105A07D
:10B2B0000FF0A6FC4FF480700021ECE7B7C3030841
:10B2C0002C2C04087574696C730000007047000032
:10B2D000FEB515F055FB06461648FFF7B5FF0446C8
:10B2E0000D4654EA05000BD070200090124B13A2BB
:10B2F00000211CA00FF084FC2046294603B0F0BDBD
:10B300000C488078012809D0F06B0190306C0290D5
:10B3100001A822F015FC00200146EFE775200090FF
:10B32000054B12A203210FA00FF06AFC002001467A
:10B33000E4E700004A360020959103085B25733A44
:10B340002564292043616E27742067657420646238
:10B35000707420706172616D20636F6E6669672E14
:10B360000000000064627074000000005B25733A06
:10B37000256429204E6F7420737570706F7274206D
:10B380006462707420666561747572652E000000D9
:10B3900010B500210C4BA3F10802128807E001EB65
:10B3A000410413F83440844203D0491C89B29142CD
:10B3B000F5D3914206D201EB410003EBC000416995
:10B3C000491C416110BD00005036002030B585B0E9
:10B3D00004AB0C22FCF794F904460D4654EA050030
:10B3E0000ED040F2F2200090094B0AA20021CDE9D4
:10B3F000024516A00FF004FC2046294605B030BDDA
:10B40000049810B100200146F8E7FF200021F5E77D
:10B41000859703085B25733A256429205073646B74
:10B420004275666665725F47657446726F6D4672F7
:10B430006F6E74206572726F722C20737461742049
:10B440003D2030782530386C6C580000646F776E82
:10B450006C6F616465720000F0B587B006460F46F8
:10B4600006A93046FCF781F904460D4654EA05006A
:10B470000ED040F2BE2000901B4B1CA20021CDE953
:10B48000024528A00FF0BCFB2046294607B0F0BDBE
:10B4900006980C2818D305AB0C2239463046FCF729
:10B4A0008CF904460D4654EA050019D040F2C52037
:10B4B00000900D4B1EA20021CDE9024519A00FF00E
:10B4C0009FFB20462946E1E740F2C9200090064B49
:10B4D00024A2002113A00FF093FBFF200021D5E749
:10B4E00000200146D2E70000389703085B25733A35
:10B4F00025642920446A694275666665725F4765FE
:10B5000074556E7573656453697A65206572726FE0
:10B51000722C2073746174203D2030782530386C93
:10B520006C580000646F776E6C6F61646572000028
:10B530005B25733A256429205073646B42756666F7
:10B5400065725F507574546F4261636B20657272EF
:10B550006F722C2073746174203D20307825303850
:10B560006C6C58005B25733A25642920446F776E14
:10B570006C6F61646572206576656E7420627566B5
:10B58000666572206F76657272756E00F0B587B071
:10B5900006460F4606A93046FCF7E7F804460D4676
:10B5A00054EA05000ED040F2D92000901B4B1CA29B
:10B5B0000021CDE9024528A00FF022FB20462946B4
:10B5C00007B0F0BD06980C2818D305AB0C223946FD
:10B5D0003046FCF73FF904460D4654EA050019D001
:10B5E0004FF4387000900D4B1EA20021CDE90245AA
:10B5F00019A00FF005FB20462946E1E74FF439700A
:10B600000090064B25A2002113A00FF0F9FAFF20AD
:10B610000021D5E700200146D2E700005E9703082D
:10B620005B25733A2564292042756666657220673A
:10B63000657420756E557365642073697A6520653D
:10B6400072726F722C2073746174203D20307825E3
:10B6500030386C6C58000000646F776E6C6F6164FA
:10B66000657200005B25733A256429205073646B72
:10B670004275666665725F507574546F46726F6E80
:10B6800074206572726F722C2073746174203D2077
:10B6900030782530386C6C58000000005B25733A18
:10B6A00025642920446F776E6C6F61646572206534
:10B6B00076656E7420627566666572206F76657257
:10B6C00072756E007FB540F2D3100090124B13A23A
:10B6D00003211BA00FF094FA1C48406800B180477A
:10B6E0001B4800680AF07AFD0D46044654EA05003E
:10B6F0000ED040F2DB100090074B16A20021CDE9DE
:10B7000002450FA00FF07CFA2046294604B070BD18
:10B7100000200146FAE70000BA9603085B25733A59
:10B7200025642920446F776E6C6F616465722064B4
:10B7300061746120656E642073656E6400000000B2
:10B74000646F776E6C6F616465720000B8C1012030
:10B7500028D301205B25733A25642920446F776E36
:10B760006C6F6164446174615F4465696E697420E3
:10B770006572726F722C2073746174203D20307872
:10B780002530386C6C5800002DE9FF4106460F4605
:10B7900090464FF4DD7000901D4B1EA2032127A0A0
:10B7A0000FF02EFA424639463046FFF78BFF04462B
:10B7B0000D4654EA05000FD04FF4DF700090144B93
:10B7C00021A20021CDE902451CA00FF019FA204664
:10B7D000294604B0BDE8F08142463946304600F0C3
:10B7E00045FA04460D4654EA05000DD04FF4E270C8
:10B7F0000090074B24A20021CDE902450FA00FF0D5
:10B80000FFF920462946E4E700200146E1E7000071
:10B81000989603085B25733A25642920446F776E58
:10B820006C6F616465722064617461207265737409
:10B830006172742073656E6400000000646F776E3F
:10B840006C6F6164657200005B25733A2564292082
:10B85000446A6944617461446F776E6C6F616465BA
:10B86000725F44617461456E6453656E64206572F5
:10B87000726F722C2073746174203D2030782530F3
:10B88000386C6C58000000005B25733A2564292051
:10B89000446A6944617461446F776E6C6F6164657A
:10B8A000725F44617461537461727453656E642095
:10B8B0006572726F722C2073746174203D20307831
:10B8C0002530386C6C5800002DE9F04188B01646E0
:10B8D00015F056F880460A363F4FD8F814103869EC
:10B8E000884704460D4654EA05000FD040F28F20E9
:10B8F00000903A4B3AA20021CDE9024540A00FF05A
:10B900007FF92046294608B0BDE8F081307978B14A
:10B91000D6F80910D6F805204FF42573CDE900308C
:10B92000CDE902212D4B39A2032135A00FF068F992
:10B93000454A316800245069884235D0401E88420B
:10B9400005D1D079012802D1107900282CD0307986
:10B9500098B1D6F8090080B11477D6F80500D06008
:10B960007968414391614FF42A71CDE900101B4B76
:10B9700036A2012122A00FF043F9D8F81810386937
:10B9800088470D46044654EA050022D040F2AF2015
:10B990000090124B37A20021CDE9024518A00FF00C
:10B9A0002FF920462946AEE74FF4277000900B4B45
:10B9B00038A2032112A00FF023F94FF400300590B4
:10B9C000ADF818400794204805A92830FFF7DEFDA0
:10B9D000D3E70020014696E794C10120179703089A
:10B9E0005B25733A256429206C6F636B206D757439
:10B9F0006578206572726F723A2025642E0000000F
:10BA0000646F776E6C6F6164657200005B25733ADA
:10BA1000256429206D69737320636F756E74203DF2
:10BA20002025642C20737461727420736571203D2D
:10BA30002025642C206672616720636F756E742008
:10BA40003D2025640000000028D301205B25733AC7
:10BA500025642920446F776E6C6F61646572206D78
:10BA6000697373207061636B616765207365713AF8
:10BA7000256400005B25733A25642920756E6C6F80
:10BA8000636B206D75746578206572726F723A20F1
:10BA900025642E005B25733A25642920446F776E58
:10BAA0006C6F6164657220676574206170702066D8
:10BAB000696C652073656E642061636B0000000033
:10BAC00070B586B03B4EB068401CB060C821B0FB7A
:10BAD000F1F201FB1200002816D1374801F052F8AC
:10BAE00004460D4654EA05000ED04FF4F97000905C
:10BAF000324B33A20021CDE902453EA00FF080F881
:10BB00002046294606B070BD04A800F00BFB044691
:10BB10000D4654EA05000DD040F2F9100090274B75
:10BB200037A20021CDE9024532A00FF069F8204686
:10BB30002946E7E79DF81000012801D008B335E059
:10BB400005984FF47A71B1FBF0F0B168B1FBF0F2F7
:10BB500000FB1210002829D100F0FCFC0D46044621
:10BB600054EA050022D040F203200090134B33A288
:10BB70000021CDE902451FA00FF042F820462946DA
:10BB8000C0E700F0E7FC0D46044654EA05000DD07E
:10BB900040F20D200090094B28A20021CDE902457A
:10BBA00014A00FF02DF820462946ABE700200146EF
:10BBB000A8E7000094C1012028D30120D8960308EB
:10BBC0005B25733A2564292053656E6420646F7782
:10BBD0006E6C6F6164657220707573682065727237
:10BBE0006F722C2073746174203D203078253038BA
:10BBF0006C6C5800646F776E6C6F616465720000E6
:10BC00005B25733A256429204765742073656E644B
:10BC100020666C6F7720636F6E74726F6C2070613A
:10BC200072616D206572726F722C20737461742062
:10BC30003D2030782530386C6C5800005B25733A15
:10BC400025642920557064617465206461746120E5
:10BC500073656E64206572726F722C2073746174E8
:10BC6000203D30782530386C6C5800002DE9FF41BC
:10BC7000164606F10A043E4FA07938717178A07912
:10BC8000B28849094FF4C473CDE90032CDE90210FE
:10BC9000384B394A032139A00EF0B2FF70784009C1
:10BCA0000AF0A6FA38603848006800B18047386862
:10BCB000B8B121460AF0D4FA0D46044654EA05000C
:10BCC0001BD040F2991000902A4B30A20021CDE900
:10BCD00002452AA00EF094FF2046294604B0BDE894
:10BCE000F08140F293100090224B35A2002123A056
:10BCF0000EF086FFE3200021F0E770784009F8712C
:10BD0000B08838810026FE601949386810310AF081
:10BD10006CFA0D46044654EA050010D04FF4D27078
:10BD20000090144B30A20021CDE9024513A00EF083
:10BD300067FF38680AF052FA20462946CEE71249D2
:10BD4000386924394968B0FBF1F201FB120222B1D3
:10BD5000B0FBF1F0401C786102E0B0FBF1F07861DB
:10BD6000BE613E770020386278620146B6E7000087
:10BD700028D301207896030888340408646F776E0E
:10BD80006C6F616465720000B8C101205B25733A75
:10BD900025642920446F776E6C6F61642064617440
:10BDA0006120696E6974206572726F722C207374E1
:10BDB0006174203D2030782530386C6C58000000CC
:10BDC0005B25733A25642920446F776E6C6F61643C
:10BDD00020646174612068616E646C652069732001
:10BDE0006E756C6C000000005B25733A2564292099
:10BDF000446F776E6C6F6164446174615F47657412
:10BE000044617461546F74616C4C656E6774682032
:10BE10006572726F722C2073746174203D307825C6
:10BE200030386C6C580000002DE9F04F8BB0814623
:10BE30000E4614464FF00008CDF81C8014F0A0FD0B
:10BE400007466078A2883379CDE9023200F01F01FD
:10BE50004009CDE90401F0784FF48871CDE9001074
:10BE6000494B4A4A03214AA00EF0CAFE4B48317999
:10BE70004171F1788171607800F01F000890B089FD
:10BE8000ADF82400F0684FF0010A78B1F96B8847EB
:10BE90000A900A9828B1F26821460A98F4F778FACD
:10BEA00006E0E2240025CDF81CA047E0CDF828806C
:10BEB000DFF8ECB07969DBF81000884704460D46DE
:10BEC00054EA05000DD04FF4947000902E4B35A22B
:10BED0000021CDE902452EA00EF092FECDF81CA067
:10BEE0002CE02E4808A92830FFF7B6FA0D46044684
:10BEF00054EA050041D040F231100090224B324A02
:10BF00000021CDE9024522A00EF07AFECDF81CA05A
:10BF1000B969DBF8100088470D46044654EA05006D
:10BF20000CD04FF49C700090174B28A20021CDE953
:10BF3000024517A00EF064FECDF81CA0012307AA4D
:10BF400031464846FDF764FA06460F4656EA0700B2
:10BF50000AD040F2411000900B4B26A20021CDE9FF
:10BF600002450BA00EF04CFE34433D432C4307D05A
:10BF7000FF2000210BB0BDE8F08FCDF81C80C7E793
:10BF800000200146F6E7000035960308E833040870
:10BF9000646F776E6C6F61646572000028D3012056
:10BFA00094C101205B25733A256429206C6F636B73
:10BFB000206D75746578206572726F723A203078E2
:10BFC0002530386C6C582E00A03304085B25733A7A
:10BFD00025642920756E6C6F636B206D75746578B0
:10BFE000206572726F723A2030782530386C6C5848
:10BFF0002E0000005B25733A2564292053656E648A
:10C000002061636B2064617461206572726F722CB1
:10C010002073746174203D2030782530386C6C5862
:10C02000000000000EB540F20132CDE9002002917F
:10C03000064B074A002107A00EF0E2FD08484068C1
:10C0400000B18047002003B0014600BDA59703085A
:10C0500044340408646F776E6C6F6164657200002D
:10C06000B8C10120F0B589B00646002005900690C1
:10C070000790089014F098FCD0B1194F3879032834
:10C0800016D005A80CF0C6FD04460D4654EA05007E
:10C0900012D040F285300090124B13A20021CDE95E
:10C0A00002451DA00EF0ACFD2046294609B0F0BDAA
:10C0B0004FF42050306008E07888592808D067286D
:10C0C00006D03C2808D00598306000200146EDE7F6
:10C0D0004FF4F0303060F8E74FF470403060F4E730
:10C0E000A8C101202E9803085B25733A25642920F6
:10C0F00067657420646F776E6C6F6164206368613C
:10C100006E6E656C207374617465206572726F72F7
:10C110003A2025642E000000646F776E6C6F6164B6
:10C120006572000070B586B0064605A8FFF79AFF55
:10C1300004460D4654EA05000ED040F2A1300090AE
:10C140001B4B1CA20021CDE9024528A00EF058FD92
:10C150002046294606B070BD27480599406817302B
:10C16000B1FBF0F050B940F2A730CDE90001104B1F
:10C1700022A201211DA00EF043FD01204FF47A718F
:10C18000884206D300223270B0FBF1F04843706061
:10C190000AE00122327000E0401EB1FBF0F200FB29
:10C1A0001212002AF8D1706000200146D2E7000088
:10C1B0005C9803085B25733A256429204765742041
:10C1C000646F776E6C6F6164206368616E6E656C1E
:10C1D0002062616E647769647468206572726F7240
:10C1E0002C2030782530386C6C580000646F776EE6
:10C1F0006C6F61646572000094C101205B25733A25
:10C20000256429204F6E65207061636B206D617815
:10C21000207468616E2062616E6477696474682C52
:10C220002062616E647769647468203D2025750022
:10C230002DE9F0418AB06948D0E91A12006FCDE9C2
:10C240000512079014F09CFB0646654F387820B124
:10C25000002001460AB0BDE8F08161481430F8F7CB
:10C260009DFC04460D4654EA05000DD0BC205B4BF6
:10C27000009050335BA20021CDE9024567A00EF08B
:10C28000BFFC00200146E5E714F08EFB40B15448A6
:10C2900014300079032803D04FF46170786002E015
:10C2A0004FF4807078604E48F1681030884704463B
:10C2B0000D4654EA05000DD0C820484B009050337D
:10C2C00059A20021CDE9024554A00EF099FC204668
:10C2D0002946BFE70AF00AFE0D46044654EA050067
:10C2E0000DD0CF203D4B0090503359A20021CDE915
:10C2F00002454AA00EF084FC00200146AAE7384817
:10C3000005A91C3017F0DEFB04460D4654EA050073
:10C310000DD0D520314B009050335AA20021CDE9E9
:10C3200002453EA00EF06CFC2046294692E7624989
:10C330004FF400684246A1F12000FBF724FA0446BE
:10C340000D4654EA05000DD0DB20244B00905033FD
:10C350005AA20021CDE9024530A00EF051FC204642
:10C36000294677E71D4808900520ADF82400F5F729
:10C370000DF908A9FCF7C0FC04460D4654EA050077
:10C380000BD0E420154B0090503358A2002123A07D
:10C390000EF036FC204629465CE7114842460C3038
:10C3A0000090346800235B495BA0A0470D4604461B
:10C3B00054EA05000DD0EB20084B009050335AA2F0
:10C3C0000021CDE9024515A00EF01AFC20462946B1
:10C3D00040E701203870002001463BE798950308AC
:10C3E00094C101205B25733A256429204765742098
:10C3F0006169726372616674206261736520696E3F
:10C40000666F206572726F722C2073746174203DA8
:10C410002030782530386C6C58000000646F776EDF
:10C420006C6F6164657200005B25733A2564292096
:10C43000637265617465206D7574657820657272CC
:10C440006F723A2030782530386C6C582E0000001E
:10C450005B25733A25642920446F776E6C6F6164A5
:10C46000207265676973746572206572726F722CD1
:10C470002073746174203D2030782530386C6C58FE
:10C48000000000005B25733A256429205374617411
:10C4900065206D616368696E6520696E69742065E9
:10C4A00072726F722C2073746174203D2030782575
:10C4B00030386C6C5800000070D301205B25733A53
:10C4C000256429205073646B20627566666572204E
:10C4D000696E6974206572726F722C207374617456
:10C4E000203D2030782530386C6C58005B25733A3D
:10C4F000256429205265672063616D657261206340
:10C500006D642068616E646C6572206572726F7212
:10C5100000000000A5CC0008646F776E6C6F61644A
:10C5200065725F7461736B005B25733A2564292023
:10C530005461736B20746872656164206572726FF8
:10C54000722C2073746174203D2030782530386C53
:10C550006C5800002DE9F04F2DED028B8BB04FF0A1
:10C560000008CDF8288014F00BFA0646DFF86C922C
:10C57000DFF86CB299F81C0000286BD0316B0AA868
:10C58000884704460D4654EA050011D04FF409705F
:10C590000090944B94A20021CDE902459DA00EF09D
:10C5A0002FFB204629460BB0BDEC028BBDE8F08F77
:10C5B0007169DBF8100088470D46044654EA05000F
:10C5C0000DD040F22A200090864B95A20021CDE9A3
:10C5D000024590A00EF014FB20462946E3E7D9E976
:10C5E00008210A98801A68EB01014FF4FA62801A58
:10C5F00071F1000014D34FF40C700090794B91A2AC
:10C60000012184A00EF0FCFA4FF400300790ADF841
:10C610002080CDF82480714807A92830FEF7B6FFA6
:10C62000B169DBF8100088470D46044654EA05005E
:10C630000DD040F2392000906A4B8EA20021CDE946
:10C64000024574A00EF0DCFA20462946ABE7002034
:10C650000146A8E7D9F81810DBF80400D9F8102033
:10C660000B18934201D2074600E0571AF16B884736
:10C6700082465FEA0A001DD0BAB25346D9F81810B4
:10C68000D9F8000009F0ACFD04460D4654EA050057
:10C690001CD04FF414700090524B7EA20021CDE9C3
:10C6A00002455CA00EF0ACFA316C5046884720463B
:10C6B000294678E740F2492000904A4B83A20021A6
:10C6C00054A00EF09DFAFF2000216CE7BAB251464B
:10C6D000424800F0BBF90D46044654EA050010D06C
:10C6E00040F2572000903F4B7EA20021CDE9024549
:10C6F00048A00EF085FA316C5046884720462946FE
:10C7000051E7D9F810502846F4F755F8D9F81840F1
:10C7100041EC180B2046F4F74EF853EC182BF3F7C6
:10C72000DBFF9FED801B53EC112BF3F763FFF4F756
:10C730008FF8C0B2CDE9037502940590D9F80C00CA
:10C7400040F25E21CDE90010264B784A032131A04A
:10C750000EF056FA316C50468847D9F80C00401C50
:10C76000C9F80C00DBF804108F4203D14843C9F824
:10C77000180004E0D9F818003844C9F81800D9F8AE
:10C780001010D9F81800884224D14FF41C70009082
:10C79000144B67A203211FA00EF032FA316B0AA8D6
:10C7A00088470D46044654EA05000DD04FF41D702D
:10C7B00000900C4B6AA20021CDE9024515A00EF0B5
:10C7C0001FFA20462946EEE60A98C9E90808012022
:10C7D00089F81C0000200146E5E6000028D301206E
:10C7E00094C10120F69603085B25733A256429203D
:10C7F0004765742074696D65206572726F722C20B4
:10C800006572726F72203D2030782530386C6C581C
:10C8100000000000646F776E6C6F616465720000E9
:10C820005B25733A256429206C6F636B206D7574EA
:10C830006578206572726F723A2030782530386CD6
:10C840006C582E005B25733A2564292043616D6581
:10C85000726120476574204170702046696C6520C4
:10C8600053656E642041636B2054696D654F757428
:10C87000000000005B25733A25642920756E6C6FFB
:10C88000636B206D75746578206572726F723A20E3
:10C8900025642E005B25733A25642920446F776E4A
:10C8A0006C6F6164206461746120676574206461E9
:10C8B0007461206572726F722C2073746174203DF4
:10C8C0002030782530386C6C580000005B25733AB6
:10C8D000256429204D616C6C6F63206572726F72E4
:10C8E000000000005B25733A2564292064617461AF
:10C8F00020646F776E6C6F616465722073656E641F
:10C9000020646F776E6C6F61642064617461206570
:10C9100072726F722C2073746174203078253038F5
:10C920006C6C58000000000000005940CC34040832
:10C930005B25733A25642920446F776E6C6F6164C0
:10C94000657220616C72656164792073656E642024
:10C950006C617374207061636B6167650000000037
:10C960005B25733A256429204765742074696D65D9
:10C97000206572726F722C2073746174203D2030B8
:10C98000782530386C6C580070B588B015461E4656
:10C990000024049405940694079402228DF8102034
:10C9A0008DF811408DF812408DF813008DF8141099
:10C9B000F4F7ECFDFBF70AFFADF818008DF8154011
:10C9C00027208DF816000796F4F7E0FD2A4604A903
:10C9D000FCF728FC04460D4654EA05000ED040F250
:10C9E00071300090074B08A20021CDE9024514A048
:10C9F0000EF006F92046294608B070BD0020014619
:10CA0000FAE700000C9803085B25733A2564292097
:10CA10005073646B436F6D6D616E645F4E657450EF
:10CA20006F727453656E64206572726F722C20731E
:10CA3000746174203D30782530386C6C58000000EB
:10CA4000646F776E6C6F6164657200002DE9FF475B
:10CA500004468946904613F093FF074608F10A0002
:10CA600085B2F96B28468847064630001DD0294616
:10CA7000F3F7A9FC307820F03F000A3020F0C00026
:10CA800040303070E179707861F3471020F01F007A
:10CA9000401C7070A06921694044884213D3F0782B
:10CAA00020F0F0001030F07011E04FF45070009062
:10CAB0001C4B1DA2002123A00EF0A2F8E2200021B1
:10CAC00004B0BDE8F087F07820F0F000F0707088D6
:10CAD00065F30B0070802089B080E068C6F806001E
:10CAE0004246494606F10A00F3F752FCA179607903
:10CAF0002B463246FFF748FF04460D4654EA050030
:10CB00000AD040F256300090064B11A20021CDE928
:10CB100002450CA00EF074F8396C30468847204668
:10CB20002946CDE7E99703085B25733A2564292058
:10CB30006D656D6F7279206D616C6C6F63206572CD
:10CB4000726F7200646F776E6C6F61646572000063
:10CB50005B25733A2564292053656E6420646F77E2
:10CB60006E6C6F61642061636B206572726F722CF2
:10CB70002073746174203D2030782530386C6C58F7
:10CB8000000000002DE9FF41044613F0F9FE0746BE
:10CB90000E25F96B284688470646300041D02946C5
:10CBA000F3F711FC307820F03F000A3020F0C0008D
:10CBB00040303070E179707861F3471020F01F0049
:10CBC000C01C7070F07820F0F0001030F0707088A9
:10CBD00065F30B0070802089B080E06800282CD0BD
:10CBE000401EC6F80600A17960792B463246FFF751
:10CBF000CBFE0D46044654EA05000AD04FF44B70B4
:10CC00000090104B10A20021CDE902451BA00DF0B1
:10CC1000F7FF396C304688472046294604B0BDE806
:10CC2000F08140F216300090064B17A2002113A0AD
:10CC30000DF0E6FFE2200021F0E70020C6F8060034
:10CC4000D1E70000C69703085B25733A25642920C5
:10CC500053656E6420646F776E6C6F6164206163EE
:10CC60006B206572726F722C2073746174203D208A
:10CC700030782530386C6C5800000000646F776E97
:10CC80006C6F6164657200005B25733A256429202E
:10CC90006D656D6F7279206D616C6C6F632065726C
:10CCA000726F720088B013F06BFE0646214F7169F7
:10CCB0003869884750EA01020BD0CDE9020140F201
:10CCC0005F1000901C4B1DA2002124A00DF098FFC6
:10CCD000EDE705A92448FEF779FB04460D46B16946
:10CCE0003869884750EA01020BD0CDE9020140F2D1
:10CCF00067100090104B1DA2002118A00DF080FFBE
:10CD0000D5E72C430BD10B48079A1C30059916F038
:10CD10000FFFBDF8180010B1316C0798884705481F
:10CD200000224FF480311C3016F002FFB168012060
:10CD30008847BCE794C101205B9603085B25733AE2
:10CD4000256429206C6F636B206D75746578206590
:10CD500072726F723A2025642E000000646F776E45
:10CD60006C6F61646572000050D301205B25733ADB
:10CD700025642920756E6C6F636B206D7574657802
:10CD8000206572726F723A2025642E002DE9F047FB
:10CD900098B04FF00008CDF85880CDF85C80242181
:10CDA0000DA8F3F710FBDFF89C9199F80000A0B1F3
:10CDB0000DA806F07FF904460D4654EA05000FD091
:10CDC000B2200090604B61A200216DA00DF018FF11
:10CDD000EC20002118B0BDE8F08700200146F9E7FB
:10CDE0009DF8340001280ED0022810D005280ED05E
:10CDF000BC200090544B63A2002161A00DF000FF05
:10CE0000EC200021E6E706F0E9FD074602E006F027
:10CE1000E9FD0746002645E0786806EBC60100EB11
:10CE20008101242204A8F3F7B3FA09A8169001207F
:10CE3000ADF85C00F4F7AAFB16A9FBF7E7F80D467E
:10CE4000044654EA05000CD0C82000903E4B5C4AD2
:10CE50000021CDE902454AA00DF0D2FEEC200021D0
:10CE6000B8E700264FF0D00A17E0089806EBC60195
:10CE700000EB810005F06AFE04460D4654EA050009
:10CE80000AD09DF81000CDE900A602902E4B4DA2CD
:10CE900000213BA00DF0B4FE761C9DF81D00B042B1
:10CEA000E3DC761CB878B042B6DC00262DE006EB59
:10CEB000C60A0C21786801EB8A01415C012923D163
:10CEC00000EB8A0006F094F904460D4654EA05008A
:10CED0001AD0DA2000901C4B4AA20021CDE902456D
:10CEE00027A00DF08DFE7868022101EB8A01415ADE
:10CEF00010F82A00DB22CDE900200291124B50A24B
:10CF000000211FA00DF07CFE761CB878B042CEDC6C
:10CF100007F04CFB0D46044654EA05000CD0E42013
:10CF20000090094B56A20021CDE9024514A00DF056
:10CF300067FE204629464DE789F80080002001461B
:10CF400048E70000D039002040F003085B25733A21
:10CF50002564292043616E277420676574207375EA
:10CF600062736372697074696F6E206D6F64756C43
:10CF70006520706172616D20636F6E666967000085
:10CF8000737562005B25733A2564292041697263D9
:10CF90007261667420646F6E277420737570706F91
:10CFA000727420746869732076657273696F6E207D
:10CFB0006F6620737562736372697074696F6E0057
:10CFC0006C8B04085B25733A256429205061636BE0
:10CFD0006167655B25645D206F66207075626C69B2
:10CFE00073686572286E616D653A307825303858FF
:10CFF00029206465696E6974206661696C65642EB8
:10D00000000000005B25733A256429207265736572
:10D0100074206461746120737562736372697470E3
:10D02000696F6E207075626C6973686572206572D5
:10D03000726F723A203078253038582E0000000088
:10D040005B25733A256429207265736574206661D7
:10D05000696C6564207075626C6973686572203AEA
:10D06000206E616D653D3078253032582C20766514
:10D070007273696F6E3D30782530385800000000BB
:10D080005B25733A256429206465696E6974207490
:10D090006F706963207461626C65206572726F7273
:10D0A0003A203078253038582E0000002DE9F04322
:10D0B00091B007460E4690469946242108A8F3F7FA
:10D0C00082F908A805F0F6FF04460D462C430DD062
:10D0D00040F2B11000902C4B2CA2002138A00DF092
:10D0E0008FFDEC20002111B0BDE8F08386B14B46E6
:10D0F00042463146384607F0C3F90D46044654EA25
:10D1000005003DD0204629460AF016F800B337E066
:10D11000E32000210AF010F8B8B9E322002302A8A6
:10D1200009F04EFF02A805AB07C807C3DDE90520DB
:10D1300040F2B7130799CDE90032CDE90201124B55
:10D1400020A200211EA00DF05BFDE3200021CAE714
:10D1500022462B4602A809F033FF02A805AB07C8F8
:10D1600007C3DDE90521079840F2BD13CDE9003280
:10D17000CDE90210044B174A002111A00DF040FD2B
:10D1800020462946AFE70000ACF003085B25733A60
:10D190002564292043616E277420676574207375A8
:10D1A00062736372697074696F6E206D6F64756C01
:10D1B0006520706172616D20636F6E666967000043
:10D1C000737562005B25733A2564292025732573E6
:10D1D00025730000488C040800487047D4390020AB
:10D1E0002DE9F04F99B000201790189024210EA837
:10D1F000F3F7E9F8DFF800A29AF8000020B1002068
:10D20000014619B0BDE8F08F0EA805F053FF0446A3
:10D210000D4654EA05000AD050200090774B78A2C2
:10D22000002184A00DF0ECFCEC200021E9E707F0E0
:10D23000F7F904460D4654EA05000AD0562000903E
:10D240006E4B7DA20021CDE902457AA00DF0D8FCFD
:10D25000AFE09DF8380001280ED0022810D0052834
:10D260000ED060200090654B7DA2002171A00DF0D2
:10D27000C7FCEC200021C4E706F0B0FB064602E044
:10D2800006F0B0FB064600274FF002094FF00C0BEA
:10D290002EE007EBC70870680BEB8801415C0029A2
:10D2A00025D100EB880006F0A1FB0D46044654EAA8
:10D2B00005001CD068200090504B78A20021CDE9D9
:10D2C00002455CA00DF09CFC706807EBC70109EB00
:10D2D0008101415A10F828006922CDE9002002910D
:10D2E000464B7DA2002153A00DF08AFC61E07F1C1B
:10D2F000B078B842CDDC00274FF0030B4FF00108A7
:10D300006EE0706807EBC70400EB8401242205A8D7
:10D31000F3F73EF89DF83900012808D09DF8381041
:10D32000052904D002280ED003280CD014E08DF873
:10D3300028908DF82BB0C1218DF82C109DF8151078
:10D340008DF82A1008E08DF828808DF82B900521A3
:10D350008DF82C108DF82AB09DF83810022901D1D3
:10D36000022838D09DF83B008DF829004FF0FF309F
:10D370000C900AA81790ADF860801421706801EB3A
:10D38000840108440AA91EC91EC0F4F7FFF817A9B2
:10D39000FBF7B2FC0D46044654EA05001FD092206C
:10D3A0000090164B5CA20021CDE9024521A00DF0B2
:10D3B00027FC07F073FA0D46044654EA050017D01F
:10D3C0009E2000900D4B64A200211AA00DF018FCC5
:10D3D0002046294615E70A208DF82900C6E77F1C5C
:10D3E000B078B8428DDC8AF800800020014608E75A
:10D3F0002046294605E70000D039002024F0030824
:10D400005B25733A2564292043616E277420676584
:10D410007420737562736372697074696F6E206DC6
:10D420006F64756C6520706172616D20636F6E66EC
:10D4300069670000737562005B25733A25642920D3
:10D44000696E697420746F706963207461626C65C1
:10D45000206572726F723A203078253038582E006D
:10D460005B25733A25642920416972637261667491
:10D4700020646F6E277420737570706F72742074DF
:10D480006869732076657273696F6E206F662073AA
:10D490007562736372697074696F6E005B25733AAD
:10D4A000256429207265736574206461746120733A
:10D4B0007562736372697470696F6E207075626CE7
:10D4C0006973686572206572726F723A20307825D0
:10D4D0003038582E000000005B25733A256429205F
:10D4E0007265736574206661696C6564207075622D
:10D4F0006C6973686572203A206E616D653D3078A5
:10D50000253032582C2076657273696F6E3D307805
:10D5100025303858000000005B25733A2564292027
:10D5200072656720646174612073756273637269E8
:10D530007470696F6E20636F6D6D616E64206861D9
:10D540006E646C6572206572726F723A2030782555
:10D550003038582E000000005B25733A25642920DE
:10D5600044652D696E69742064617461207375620D
:10D57000736372697074696F6E206D6F64756C652A
:10D58000206572726F722E002DE9F74F94B08246BB
:10D5900089464FF0000BCDF84CB024210AA8F2F7D1
:10D5A00012FF0027CDF81CB00AA805F083FD044641
:10D5B0000D462C430CD0FB200090E74BE7A2002146
:10D5C000F3A00DF01DFBEC20002117B0BDE8F08F9B
:10D5D00008A9504606F0D2FE0D46044654EA05005E
:10D5E00033D1BDF82600484506D3B9F1000F03D06A
:10D5F000BDF82E00484528D240F203100090D64BCB
:10D60000E4A20021E2A00DF0FBFA00200E2109F0B7
:10D6100093FDB8B900220E2301A809F0D1FC01A89E
:10D6200004AB07C807C3DDE90421069840F20513DF
:10D63000CDE90032CDE90210C74BDFA20021D4A012
:10D640000DF0DEFA00200E21BFE79DF8280001282A
:10D650000FD0022811D005280FD040F211100090F1
:10D66000BD4BD9A20021CAA00DF0CAFAEC200021BE
:10D67000ABE706F0B3F9804602E006F0B3F9804666
:10D68000002619E0D8F8040006EBC60100EB810182
:10D6900013AA504605F054FD04460D4654EA050011
:10D6A00009D19DF84C0030B1D8F8040006EBC60152
:10D6B00000EB810704E0761C98F80200B042E1DC40
:10D6C00067B1CDF81CB007AA3946504606F0C8F835
:10D6D00004460D4654EA050020D036E004200E2111
:10D6E00009F02AFDB8B904220E2301A809F068FC4C
:10D6F00001A804AB07C807C3DDE9042106984FF46D
:10D700008F73CDE90032CDE90210934BAAA200211C
:10D710009FA00DF075FA04200E2156E70798A0B1DE
:10D72000504600F027FA04460D4654EA050030D072
:10D730004FF49470CDE9000A874BB2A2002194A067
:10D740000DF05EFA204629463FE784F480702843B6
:10D750001FD02046294609F0EFFCB8B922462B46D7
:10D7600001A809F02DFC01A804AB07C807C3DDE937
:10D77000042106984FF49673CDE90032CDE90210EA
:10D78000754B8DA2002182A00DF03AFA2046294661
:10D790001BE7CDF81CB007AA3946484605F00AFF3A
:10D7A00004460D4654EA050033D10798002830D0CE
:10D7B00049465046169A06F0E9FF0D46044654EADB
:10D7C00005000ED0CDE901A44FF49C700090624B8F
:10D7D00097A2002103956EA00DF012FA204629466B
:10D7E000F3E67A785046079904F090FC04460D461B
:10D7F00054EA05007ED040F23F100090564B9CA2A8
:10D800000021CDE9024562A00DF0FAF92046294633
:10D81000DBE684F4807028436CD1CDF81CB007A9F6
:10D82000384605F01DFE04460D4654EA050068D151
:10D830000799002965D0484605F070FA0D46044660
:10D8400054EA05002AD04FF4A5700090424B94A2F0
:10D850000021CDE902454EA00DF0D2F9204629461F
:10D8600009F06AFCB8B922462B4601A809F0A8FBCA
:10D8700001A804AB07C807C3DDE90421069840F2FC
:10D880004B13CDE90032CDE90210334B4AA20021FF
:10D890003FA00DF0B5F92046294696E64946504688
:10D8A000169A06F073FF0D46044654EA05000ED0A2
:10D8B000CDE901A44FF4A8700090274B5CA2002191
:10D8C000039533A00DF09CF9204629467DE67A7831
:10D8D0005046079904F01AFC0D46044654EA050028
:10D8E00008D04FF4AC701C4B61A20021CDE9024579
:10D8F000009000E02EE026A00DF082F92046294697
:10D9000063E684F48070284324D040F25D100090D8
:10D91000114B6DA200211EA00DF072F900264FF0F0
:10D9200002084FF0FA094FF00C0A40F25F1BECE0DE
:10D9300006EBC60039690AEB800208EB800311F898
:10D9400020008A5ACB5ACDE900B0CDE903290293D1
:10D95000014BD3E0EAE000005EF003085B25733A78
:10D960002564292043616E277420676574207375D0
:10D9700062736372697074696F6E206D6F64756C29
:10D980006520706172616D20636F6E66696700006B
:10D99000737562005B25733A256429205265672000
:10D9A000746F706963206672657175656E63792046
:10D9B0006572726F722E00005B25733A2564292010
:10D9C00025732573257300005B25733A2564292090
:10D9D000416972637261667420646F6E277420738C
:10D9E0007570706F727420746869732076657273D5
:10D9F000696F6E206F6620737562736372697074ED
:10DA0000696F6E005B25733A25642920556E737526
:10DA10006273637269626520746F706963203A2073
:10DA2000307825303858206661696C6564000000E4
:10DA30005B25733A25642920757064617465206DD7
:10DA4000756C7469207375622061726720666F72ED
:10DA500020746F7069635B3078253038585D2065BD
:10DA600072726F723A2030782530386C6C582E0004
:10DA70005B25733A2564292061646420746F7069A2
:10DA80006320746F207061636B61676520657272DB
:10DA90006F723A2030782530386C6C582E000000B8
:10DAA0005B25733A25642920696E6974207061636F
:10DAB0006B616765206572726F723A20307825302D
:10DAC000386C6C582E0000005B25733A25642920C1
:10DAD00048657265206973206E6F2069646C6520EB
:10DAE0007061636B61676520746F20646F2073756C
:10DAF00062736372697074696F6E2E000DA20021EB
:10DB0000AFF274100DF07CF8761C787BB0423FF7D2
:10DB10000FAF4FF4B270154B154A00210090AFF2D1
:10DB200090100DF06DF8204629464EE52046294616
:10DB30004BE500005B25733A256429205061636B37
:10DB40006167655B25645D3A20667265713D256499
:10DB50002C206461746153697A653D2564286D7574
:10DB60007374203C20256429000000005EF0030847
:10DB7000F48B04082DE9F04792B082464FF000097B
:10DB8000CDF84490242108A8F2F71DFCC846CDF832
:10DB90001C9008A805F08EFA04460D462C430DD0C3
:10DBA0004FF4BC700090634B63A200216FA00DF096
:10DBB00027F8EC20002112B0BDE8F0879DF8200086
:10DBC00001280FD0022811D005280FD040F2831071
:10DBD0000090584B66A2002164A00DF011F8EC20D3
:10DBE0000021E8E705F0FAFE074602E005F0FAFE3C
:10DBF0000746002617E0786806EBC60100EB8101B6
:10DC000011AA504605F09CFA0D46044654EA050058
:10DC100008D19DF8440028B1786806EBC60100EBF6
:10DC2000810803E0761CB878B042E4DCB8F1000F5C
:10DC30000CD0CDF81C9007AA4146504605F010FEC6
:10DC40000D46044654EA050020D037E004200E219A
:10DC500009F072FAB8B904220E2301A809F0B0F94C
:10DC600001A804AB07C807C3DDE9042006994FF4F7
:10DC7000C873CDE90032CDE902012E4B4BA2002141
:10DC80003AA00CF0BDFF04200E2194E70799A9B13A
:10DC900098F80120504604F0B7FC0D46044654EABB
:10DCA000050043D040F29B100090224B43A200217C
:10DCB000CDE902452DA00CF0A3FF37E084F480707D
:10DCC000284333D04FF4CF70CDE9000A194B47A257
:10DCD000002126A00CF094FF02240E254FF4D070F2
:10DCE0000090144B4D4A0021CDE902451FA00CF0D5
:10DCF00087FF02200E2109F01FFAB8B902220E2375
:10DD000001A809F05DF901A804AB07C807C3DDE964
:10DD10000421069840F2A113CDE90032CDE90210AA
:10DD2000044B22A2002111A00CF06AFF20462946D4
:10DD300041E7000084F003085B25733A256429203D
:10DD400043616E2774206765742073756273637214
:10DD5000697074696F6E206D6F64756C6520706199
:10DD600072616D20636F6E66696700007375620093
:10DD70005B25733A25642920416972637261667478
:10DD800020646F6E277420737570706F72742074C6
:10DD90006869732076657273696F6E206F66207391
:10DDA0007562736372697074696F6E005B25733A94
:10DDB0002564292025732573257300005B25733A9C
:10DDC0002564292061646420746F70696320746F16
:10DDD000207061636B616765206572726F723A20B3
:10DDE00030782530386C6C582E0000005B25733A73
:10DDF000256429205468697320746F706963202832
:10DE000030782530385829206973206E6F7420735C
:10DE10007570706F727465642E000000B08B04081A
:10DE2000F8B512F0ADFD0646254F71693868884790
:10DE300008430AD083200090224B23A2002129A06E
:10DE40000CF0DEFEEC200021F8BD00221C4800256D
:10DE50002C3000EB4214A580A560002104EBC10327
:10DE60009D74DD601D82491C0229F7D3521C002AD3
:10DE7000EFD0B1693868884708430AD092200090F3
:10DE8000104B19A2002117A00CF0BAFEEC200021C3
:10DE9000F8BD31693868884708430AD09720009058
:10DEA000084B18A200210FA00CF0AAFEEC200021C4
:10DEB000F8BDFFF791F9406801B0BDE8F0400047B8
:10DEC0002C39002046C403085B25733A25642920B9
:10DED0006D75746578206C6F636B206572726F72FC
:10DEE00000000000737562005B25733A25642920E9
:10DEF0006D7574657820756E6C6F636B20657272DA
:10DF00006F7200005B25733A256429206D75746576
:10DF1000782064657374726F79206572726F720015
:10DF20002DE9F04105460E4617469846FFF754F98D
:10DF3000446943463A4631462846A446BDE8F04186
:10DF400060470000004870473039002008B512F0E3
:10DF500017FDC1680A48884708430AD07720009017
:10DF6000084B09A200210FA00CF04AFEEC20002172
:10DF700008BDFFF731F9006801B05DF804EB004718
:10DF80002C39002029C403085B25733A2564292015
:10DF90006D75746578206372656174652065727251
:10DFA0006F720000737562002DE9F05F804689464C
:10DFB00092464FF4807000210026154F07EB46145F
:10DFC0002268FAB900200146A268521CA26000250E
:10DFD00004EBC502937C93B1138A83B1B4F804C0F7
:10DFE000BCFBF3F3D4F808C0BCFBF3FB03FB1BC37F
:10DFF0002BB9D3681BB152464946404698476D1C21
:10E00000022DE5D3761C002ED8D0BDE8F09F00008D
:10E01000583900202DE9F74F84B083468A46002402
:10E020002546A146A04612F0ABFC03900398416937
:10E030004F480068884708430CD0A92000904D4BFA
:10E040004DA2002153A00CF0DBFDEC20002107B015
:10E05000BDE8F08F46482C3000EB4917386858452A
:10E060006CD1002607EBC600817C31B1008A4045A7
:10E0700000D98046761C022EF4D3022E0AD3B92092
:10E0800000903C4B44A2012142A00CF0B9FD0124B8
:10E090000E2558E0B6B1C24548D9FFF79DF8016991
:10E0A0005846884704460D4654EA050025D0CC2042
:10E0B0000090304B46A2002136A00CF0A1FDEC24CC
:10E0C000002540E0FFF788F8836851465846FA6912
:10E0D00098470D46044654EA05000BD0C220CDE90E
:10E0E000000B244B46A200212AA00CF089FDEC2451
:10E0F000002528E0A7F804A018E0FFF76DF8836872
:10E1000051465846FA69984704460D4654EA0500B8
:10E110000AD0D3200090174B39A200211DA00CF08B
:10E120006FFDEC2400250EE0A7F804A007EBC60065
:10E1300001218174A0F810A00699C16009F10109BC
:10E14000B9F1000F86D003988169094800688847B3
:10E1500008430AD0E3200090064B34A200210DA012
:10E160000CF04EFDEC20002171E7204629466EE7B9
:10E170002C39002065C403085B25733A25642920E7
:10E180006D75746578206C6F636B206572726F7249
:10E1900000000000737562005B25733A2564292036
:10E1A0005370656369616C2068616E646C65722090
:10E1B000666F722064617461207375627363726943
:10E1C0007074696F6E2069732066756C6C2E000028
:10E1D0005B25733A25642920546F706963202830C9
:10E1E000782530385829207370656369616C206127
:10E1F0006E746920726567206661696C65642E00C3
:10E200005B25733A25642920546F70696320283098
:10E21000782530385829207370656369616C2072E5
:10E220006567206661696C65642E00005B25733A42
:10E23000256429206D7574657820756E6C6F636B2D
:10E24000206572726F72000070B504460D46164666
:10E2500000230C4800EB43110968A14206D1324665
:10E2600029462046BDE87040FFF7D4BE5B1C002B5A
:10E27000F0D0FEF7B1FF8368324629462046BDE85C
:10E28000704018475839002070B5054600210F48E6
:10E2900000EB41131A68AA420ED100EB4110002492
:10E2A00084809C60002103EBC10294741482D460CA
:10E2B000491C0229F7D302E0491C0029E8D0FEF7E7
:10E2C0008BFF01692846BDE8704008475839002097
:10E2D0007CB5002001461268322A0CD340F27A2025
:10E2E000CDE900021B4B1CA2032126A00CF088FCE8
:10E2F000D42000217CBD73B1012BFBD140F28E20D4
:10E30000CDE90002134B20A200211EA00CF078FCE6
:10E31000E12000217CBD2848302100EBC214201DE3
:10E32000F2F751F80021002504EB810085636018A5
:10E3300080F86050491C0A29F6DB84F87450A06FFD
:10E3400018B1B4F87610F2F73EF8E5670020014600
:10E350007CBD000092D803085B25733A2564292010
:10E36000556E73756273637269626520746F70694C
:10E370006320696E646578203D20256420666169AC
:10E380006C656400737562005B25733A256429200F
:10E39000556E73756273637269626520746F70691C
:10E3A0006320696E646578203D2025642074696D62
:10E3B000656F7574000000008CDC012038B5002406
:10E3C0002546002B02D0012B0AD014E040F24F303A
:10E3D00000900A4B0AA2032110A00CF011FC0AE0E5
:10E3E00040F252300090054B0DA203210BA00CF01F
:10E3F00007FCE12400252046294638BD40E70308F4
:10E400005B25733A25642920556E737562736372B8
:10E4100069626520746F7069630000007375620043
:10E420005B25733A25642920556E73756273637298
:10E4300069626520746F7069632074696D656F75BA
:10E44000740000002DE9F04F93B012F099FA804665
:10E450004FF00009CDF84090242107A8F1F7B3FF51
:10E4600007A804F027FE04460D462C430CD0D92003
:10E470000090584B58A2002164A00CF0C1FBEC2086
:10E48000002113B0BDE8F08F524803AC2030011DCD
:10E4900000690EC90EC406909DF81F008DF80D008E
:10E4A00003A811900120ADF84800F3F76FF811A907
:10E4B000F9F7ACFD0D460446DFF854B154EA050007
:10E4C00008D0E8200090434B52A200214FA00CF04E
:10E4D00097FB61E0D8F81410DBF8000088470027AC
:10E4E000DFF858A10AEBC71696F87400002850D040
:10E4F000D8F81410F06E8847301D10AA302100F0B3
:10E5000083F904460D4654EA05000AD0361DF6206C
:10E51000CDE900062F4B4AA200213CA00CF070FB75
:10E5200037E0301DF1F778FF81B2301D4F4B10AA54
:10E5300000F046FE04460D4654EA05000ED0FF20CA
:10E540000090244B4AA2002130A00CF059FB0AEBAA
:10E55000C710D8F81810C06E88471DE0301D302154
:10E56000F1F731FF002006EB8001C1F83890311837
:10E5700081F86090401C0A28F5DB86F87490B06F33
:10E5800018B1B6F87610F1F71EFFD8F81810F06E33
:10E5900088477F1C322FA5DBD8F81810DBF8000065
:10E5A0008847D8F81010DBF8000088470D4604466D
:10E5B00054EA05000BD040F217100090054B35A22D
:10E5C000002112A00CF01CFB2046294659E7002030
:10E5D000014656E774D703085B25733A2564292062
:10E5E00043616E277420676574207375627363726C
:10E5F000697074696F6E206D6F64756C65207061F1
:10E6000072616D20636F6E666967000073756200EA
:10E61000783900205B25733A2564292052656720EC
:10E62000657874656E6420636D642068616E646CE7
:10E630006572206572726F72000000008CDC012030
:10E640005B25733A2564292074686520746F7069AE
:10E6500063206E616D6564202573206973206E6F81
:10E66000742072656769737465720000D1E20008F6
:10E670005B25733A2564292053746F70207375628B
:10E6800073637269626520746F706963206572726A
:10E690006F7200005B25733A25642920446573740A
:10E6A000726F7920735F6F70657261746549642061
:10E6B0006D757465782068616E646C652065727232
:10E6C0006F72000070B503460D4600200F4A00EB44
:10E6D000800404EBC00452F834409C4202D0401C39
:10E6E0002E28F4D32E280CD000EB800101EBC000C3
:10E6F00002EBC00168222846F1F74AFE00200146DD
:10E7000070BD4FF48070002170BD000094C40308F8
:10E710002DE9F0419EB005460F4690461C46682103
:10E7200004A8F1F750FE12F02BF9064603A8316B4E
:10E73000884703984FF47A7141436160206004A9CF
:10E740002846FFF7BFFF04460D4654EA05000DD0EA
:10E7500040F2C91000901D4B1DA2002125A00CF015
:10E760004FFA204629461EB0BDE8F08102AA3021AA
:10E7700011A800F049F80D46044654EA05000BD0F4
:10E7800040F2D1100090114B1B4A002119A00CF04F
:10E7900037FA20462946E6E7184C0298716904EBDF
:10E7A000C010C06E8847029804EBC010816F19B189
:10E7B00042463846F1F7ECFD0298B16904EBC0100F
:10E7C000C06E884700200146CDE70000FCD7030853
:10E7D0005B25733A2564292047657420646473209F
:10E7E000737472696E6720696E666F206572726FEE
:10E7F0007200000073756200508804088CDC0120F0
:10E80000004870477C3900202DE9F84380460E46C9
:10E8100017460024302E0DD940F2FB100090124B09
:10E8200012A200211AA00CF0EBF940F20110002115
:10E83000BDE8F883174D05EBC41191F8740028B1B9
:10E84000091D32464046F1F712FE30B1641C322CED
:10E85000F1D34FF480700021EAE73C6005EBC4106F
:10E86000C46700200146E3E72AD803085B25733A12
:10E8700025642920746F7069634E616D652073692A
:10E880007A6520697320746F206269670000000058
:10E89000737562008CDC01200022322817D006DC60
:10E8A00001280ED0052812D00A2807D10FE06428CD
:10E8B00018D0C82816D0B0F5C87F13D0E0200021AA
:10E8C0007047012008604A600020014670470A60D6
:10E8D0004FF47A72B2FBF0F0054A504348600020D2
:10E8E000014670470A604A60E0200021704700003E
:10E8F00040420F0070B590B012F042F80646242155
:10E9000005A8F1F760FD05A804F0D4FB04460D4608
:10E910002C430BD0A4200090354B36A2002142A0FE
:10E920000CF06EF9EC20002110B070BD304801AC45
:10E930003038D0E91523016DC06D0EC404909DF8E8
:10E9400017008DF8050001A80E900120ADF83C00DD
:10E95000F2F71CFE0EA9FAF7CFF90D46044654EA69
:10E9600005000AD0B3200090214B30A200212EA038
:10E970000CF046F920462946D6E7F1683548884725
:10E9800004460D4654EA05000AD0B9200090184B01
:10E9900031A2002124A00CF033F920462946C3E718
:10E9A00000F0F0FE0D46044654EA05000AD0BF20F0
:10E9B00000900F4B34A200211BA00CF021F920463F
:10E9C0002946B1E70021394D0023002005EBC11293
:10E9D00002EB8004A363141884F86030401C0A28FA
:10E9E000F6DB491C3229F0DB002001469CE70000E1
:10E9F00044D703085B25733A2564292043616E27B9
:10EA000074206765742073756273637269707469CA
:10EA10006F6E206D6F64756C6520706172616D2022
:10EA2000636F6E6669670000737562005B25733AF9
:10EA30002564292052656720657874656E642063BB
:10EA40006D642068616E646C6572206572726F72AD
:10EA500000000000783900205B25733A25642920E6
:10EA600043726561746520735F6F70657261746570
:10EA70004964206D757465782068616E646C6520EA
:10EA80006572726F720000005B25733A256429205D
:10EA90006464732076657273696F6E206368656362
:10EAA0006B696E67206572726F7200008CDC0120EA
:10EAB000F0B58BB01446002009900A90079011F031
:10EAC0005FFF064604F10D050F3428880444AF1C8F
:10EAD000E28823786178CDE90432CDE9027140F211
:10EAE0001E21CDE90010464B464A032146A00CF0FA
:10EAF00087F82A8845A1A81CF1F7B9FC38B9E18844
:10EB0000201D08446178227841EA42110160298879
:10EB100007AAA81CFFF778FE084303D0002001468F
:10EB20000BB0F0BD3D4D079805EBC010016F491CBF
:10EB30000167C16E21B1E18811B1806F18B10AE09F
:10EB400000200146ECE7F26B08469047079905EB79
:10EB5000C111886790B30798716905EBC010C06E4A
:10EB600088470798E18805EBC010A0F87610E28886
:10EB7000806F04F10801F1F70BFC0024079805EB06
:10EB8000C01000EB8400806B68B3316B08A8884725
:10EB900008984FF47A7141430A910990079805EB60
:10EBA000C0100219818E92F86020B1FBF2F1026F61
:10EBB000B2FBF1F301FB132169B114E0FFE740F26E
:10EBC0003A2000900E4B16A200210FA00CF018F86E
:10EBD000E2200021A4E700EB840109AA8B6BB0F8C6
:10EBE0007610806F9847641C0A2CC7DB0798B169C0
:10EBF00005EBC010C06E88470020014690E700007A
:10EC000060D80308BC8804087375620063616D5F97
:10EC10006C656E735F737461746500008CDC012039
:10EC20005B25733A256429204D616C6C6F63206607
:10EC300061696C65640000002DE9F04FA1B0814668
:10EC40000E461746682107A8F1F7BDFB11F098FEA4
:10EC500080464FF0000ACDF814A0CDF818A0CDF8EA
:10EC600010A005A93046FFF717FE04460D462C43B9
:10EC70000DD040F22B100090854B864A012186A0D2
:10EC80000BF0BEFFE020002121B0BDE8F08F07A906
:10EC90004846FFF717FD04460D4654EA05000BD021
:10ECA00040F2311000907A4B7CA200217AA00BF048
:10ECB000A7FF20462946E7E70DF1500B40F235103B
:10ECC000CDE9000B724B7EA2032173A00BF098FFDD
:10ECD0008248D8F814100068884704AA30215846A2
:10ECE000FFF792FD0D4604467D4906F0FF0954EA00
:10ECF000050030D0CDF810A08A4604980AEBC01168
:10ED000091F8741019B1401C04903228F5D304987E
:10ED1000322870D040F26511CDE9001B02905C4BA7
:10ED200070A203215CA00BF06BFF5846F1F774FB57
:10ED300081B2584600F034FB04460D4654EA050003
:10ED400066D04FF4B5700090514B75A2002152A0CF
:10ED50000BF056FF93E004988A4601EBC010808EBA
:10ED6000B04226D2CDE9010640F23D110091484B58
:10ED700073A2032148A00BF043FF04980AEBC010D4
:10ED800086865846F1F748FBDDE9052381B25846EF
:10ED900000F0F4FB04460D4654EA050009D04FF498
:10EDA000A27000903A4B72A200213BA00BF028FF0A
:10EDB00065E0002F63D0002004990AEBC11101EB3C
:10EDC0008002926B2AB1401C0A28F8DB0A2807D07F
:10EDD00055E001EB80029763014481F86090F5E70C
:10EDE0004FF4A97000902A4B6A4A01212AA00BF027
:10EDF00007FF44E0FFE74FF4B0700090244B66A299
:10EE0000002125A00BF0FCFE40F20114002536E0A5
:10EE10005846F1F701FBDDE9052381B2584600F0C1
:10EE2000ADFB04460D4654EA050009D040F27110CE
:10EE30000090174B62A2002117A00BF0E1FE1EE02C
:10EE400004980AEBC010C16E19B9D8F80C106C30D8
:10EE50008847049830220AEBC010001D5946F1F78C
:10EE600097FA2FB104980AEBC010876380F860907E
:10EE700004980AEBC0108686012180F874101748A8
:10EE8000D8F818100068884720462946FCE600009C
:10EE9000A8D7030804880408737562005B25733AD9
:10EEA0002564292047657420646473207374726933
:10EEB0006E6720696E666F206572726F7200000067
:10EEC0005B25733A25642920537562736372696206
:10EED0006520746F70696320257300007839002005
:10EEE0008CDC01205B25733A256429205374617200
:10EEF000742073756273637269626520746F7069E0
:10EF000063206E616D65203D2025732C20746F7029
:10EF1000696320696E646578203D202564000000E7
:10EF20005B25733A256429205375627363726962A5
:10EF30006520746F706963206572726F72000000E3
:10EF40005B25733A2564292046726571206E6565DC
:10EF50006420696E6372656173652066726F6D20EF
:10EF6000256420487A20746F20256420487A0000A8
:10EF70005B25733A2564292055706461746520749B
:10EF80006F70696320706572696F64206572726F5B
:10EF900072000000B48704085B25733A25642920B9
:10EFA00053756273637269626520746F7069632060
:10EFB0006C6973742069732066756C6C00000000C6
:10EFC0005B25733A25642920537562736372696205
:10EFD0006520746F70696320706572696F64206565
:10EFE00072726F72000000002DE9F0479EB0044677
:10EFF000682104A8F1F7E7F911F0C2FC07460026E2
:10F00000039604A92046FFF75DFB04460D4654EA2B
:10F0100005000DD040F291100090384B38A200212D
:10F0200040A00BF0EDFD204629461EB0BDE8F0875C
:10F03000DFF8F4907969D9F80000884711A803AA8D
:10F0400030218246FFF7E0FB0D460446DFF8DC8006
:10F0500054EA05000AD040F29B10CDE9000A274B84
:10F0600033A200212FA00BF0CBFD3AE00398796981
:10F0700008EBC010C06E884740F2A111CDE9001A1C
:10F08000039802901D4B35A2032126A00BF0B8FD7A
:10F090005046F1F7C1F981B203983F4B08EBC0121B
:10F0A0007C32504600F08CF804460D4654EA0500C8
:10F0B00009D04FF4D4700090104B38A2002119A051
:10F0C0000BF09EFD0DE00020039908EBC11101EB50
:10F0D000800296630A1882F860608E86401C0A28B7
:10F0E000F5DB0398B96908EBC010C06E8847B969B1
:10F0F000D9F8000088472046294696E7D1D703086B
:10F100005B25733A25642920476574206464732065
:10F11000737472696E6720696E666F206572726FB4
:10F120007200000073756200783900208CDC0120C9
:10F130005B25733A2564292074686520746F7069B3
:10F1400063206E616D6564202573206973206E6F86
:10F150007420726567697374657200005B25733A89
:10F1600025642920426567696E20756E7375627328
:10F17000637269626520746F706963206E616D658A
:10F18000203D20257320746F70696320696E64656B
:10F1900078203D2025640000D1E200085B25733A09
:10F1A0002564292053746F702073756273637269CC
:10F1B000626520746F706963206572726F720000FF
:10F1C0002DE9FF4F99B08B4611F0DAFB80460027FE
:10F1D00015971697179714971097119712971397DB
:10F1E0000C970D970E970F97F2F7D0F9F9F7EEFA03
:10F1F0008246242103A8F1F7E6F803A803F05AFF9A
:10F2000004460D462C430DD040F22F100090474B82
:10F2100047A2002153A00BF0F3FCEC2000211DB00D
:10F22000BDE8F08F0BF1020084B2201D85B2D8F842
:10F230003C102046884781465FEA090054D005F11A
:10F240000D00D8F83C1018908847064630004ED084
:10F25000A9F800B05A4609F102001999F1F798F897
:10F260004148007830704FF0030B86F801B077808A
:10F27000A6F804A0B07920F00100B071A6F80B50F8
:10F280002246494606F10D00F1F782F83019C0F820
:10F290000D7002208DF84000ADF848A09DF80F10C9
:10F2A0008DF843109DF810108DF844108DF84170C2
:10F2B0008DF842008DF8457099208DF84600189819
:10F2C0001390F2F763F94FF47A71CDE9011B1BAA91
:10F2D0000092324610A91C9BFAF782F904460D46AB
:10F2E00054EA050009D105E0EC20002197E7EC2065
:10F2F000002194E79DF8540068B19DF854004FF444
:10F30000B071CDE90010094B18A2002115A00BF037
:10F3100077FCFF240025D8F8401048468847D8F8E5
:10F320004010304688472046294678E758F10308C0
:10F330005B25733A2564292043616E277420676535
:10F340007420737562736372697074696F6E206D77
:10F350006F64756C6520706172616D20636F6E669D
:10F36000696700007375620040C301205B25733A32
:10F37000256429206464732073746F702073756230
:10F3800073637269626520746F706963206572725D
:10F390006F723A2030782530386C6C582E0000009F
:10F3A0002DE9F34F9BB08B4611F0EAFA8046002717
:10F3B00017971897199716971297139714971597E9
:10F3C0000E970F9710971197F2F7E0F8F9F7FEF9FB
:10F3D0008246242105A8F0F7F6FF05A803F06AFE8F
:10F3E00004460D462C430CD087200090474B48A282
:10F3F000002154A00BF004FCEC2000211DB0BDE85E
:10F40000F08F0BF1020084B2201D85B2D8F83C10B9
:10F410002046884781465FEA090056D005F10D0075
:10F42000D8F83C101A9088470646300050D0A9F80A
:10F4300000B05A4609F102001B99F0F7A9FF4248B3
:10F44000007830704FF0020B86F801B07780A6F894
:10F4500004A0B07920F00100B071A6F80B5022464C
:10F46000494606F10D00F0F793FF3019C0F80D7012
:10F470008DF848B0ADF850A09DF817008DF84B00FE
:10F480009DF818008DF84C008DF849708DF84AB041
:10F490008DF84D7099208DF84E001A981590F2F75E
:10F4A00075F803214FF47A720A2317ACCDE90221D3
:10F4B000CDE900430EAB324612A9FAF78FFB0D4699
:10F4C000044654EA050009D105E0EC20002195E747
:10F4D000EC20002192E79DF85C0060B19DF85C0093
:10F4E000B921CDE90010094B18A2002115A00BF09D
:10F4F00087FBFF240025D8F8401048468847D8F8F5
:10F500004010304688472046294677E7FBF003083D
:10F510005B25733A2564292043616E277420676553
:10F520007420737562736372697074696F6E206D95
:10F530006F64756C6520706172616D20636F6E66BB
:10F54000696700007375620040C301205B25733A50
:10F550002564292064647320737562736372696221
:10F560006520746F706963206572726F723A203023
:10F57000782530386C6C582E000000002DE9FF4FC4
:10F580009DB08A4611F0FCF98046002719971A971A
:10F590001B97169717971897129713971497159705
:10F5A0000E970F9710971197F1F7F0FFF9F70EF9F3
:10F5B0008346242105A8F0F706FF05A803F07AFD8D
:10F5C00004460D462C430CD0D9200090504B51A23C
:10F5D00000215DA00BF014FBEC20002121B0BDE860
:10F5E000F08F0AF1020084B204F10B0085B2D8F862
:10F5F0003C10204688478146B9F1000F66D005F1DE
:10F600000D00D8F83C101C9088470646300060D0AA
:10F61000A9F800A0524609F102001D99F0F7B8FEC2
:10F620008DF85A701F98CDF85B002098CDF85F00D8
:10F63000464800783070052070707780A6F804B0D6
:10F64000B07920F00100B071A6F80B50224649466F
:10F6500006F10D00F0F79CFE3019169940F80D1FC9
:10F6600017994160BDF8601001819DF862108172A8
:10F6700002208DF84800ADF850B09DF817108DF8B5
:10F680004B109DF818108DF84C108DF849708DF8BE
:10F690004A008DF84D7099208DF84E001C981590F9
:10F6A000F1F774FF03214FF47A720A2319ACCDE904
:10F6B0000221CDE900430EAB324612A9FAF78EFAC9
:10F6C0000D46044654EA050009D105E0EC2000216E
:10F6D00084E7EC20002181E79DF8640068B19DF883
:10F6E000640040F20F11CDE90010094B18A200216F
:10F6F00015A00BF085FAFF240025D8F840104846E5
:10F700008847D8F84010304688472046294665E7A4
:10F7100028F103085B25733A2564292043616E278D
:10F72000742067657420737562736372697074699D
:10F730006F6E206D6F64756C6520706172616D20F5
:10F74000636F6E66696700007375620040C30120D5
:10F750005B25733A2564292064647320756F6461A6
:10F76000746520746F70696320706572696F6420BE
:10F770006572726F723A2030782530386C6C582E72
:10F78000000000002DE9F04798B011F0F9F881462B
:10F790000027159716971797119712971397149795
:10F7A0000D970E970F971097F1F7F0FEF9F70EF8F7
:10F7B0008046242104A8F0F706FE04A803F07AFC92
:10F7C00004460D462C430CD03F2000903E4B3FA2F8
:10F7D00000214BA00BF014FAEC20002118B0BDE87A
:10F7E000F087D9F83C100E208847064630003DD0FF
:10F7F000DFF810A19AF80000307007207070778051
:10F80000A6F80480B07920F00100B071A6F80B7062
:10F8100002208DF84400ADF84C809DF813108DF84F
:10F8200047109DF814108DF848108DF845708DF82C
:10F8300046008DF8497099208DF84A000E201490EA
:10F84000F1F7A4FE03214FF47A720A2315ACCDE937
:10F850000221CDE900430DAB324611A9FAF7BEF9FA
:10F8600004460D4654EA050006D102E0EC200021D2
:10F87000B4E79DF8540068B19DF854006321CDE9C8
:10F880000010114B20A200211DA00BF0B9F9FF249C
:10F89000002511E09DF8550070B1CDE90170692196
:10F8A00000910390084B234A012115A00BF0A8F901
:10F8B0009DF855008AF80000D9F840103046884776
:10F8C000204629468AE70000D0F003085B25733AFA
:10F8D0002564292043616E27742067657420737541
:10F8E00062736372697074696F6E206D6F64756C9A
:10F8F0006520706172616D20636F6E6669670000DC
:10F900007375620040C301205B25733A256429208A
:10F910006464732076657273696F6E2063686563D3
:10F920006B206572726F723A2030782530386C6CBB
:10F93000582E0000988C04082DE9FF4107460D461B
:10F9400011F01EF80646DFF874807169D8F80000DF
:10F95000884700221A4800EBC2142168B94221D11D
:10F9600094F83510A9421DD100EBC210806F08B188
:10F97000316C8847E806C00C40EA5510211D8B22E7
:10F98000CDE90210CDE900270E4B0FA2032119A0EB
:10F990000BF036F920468021F0F715FD002084F8A1
:10F9A000740002E0521C282AD5D3B169D8F80000AF
:10F9B0008847002004B00146BDE8F081D0C2012094
:10F9C000E4A9012004E503085B25733A2564292096
:10F9D000436C65617220746F7069632025643A20FE
:10F9E00025732C20406167656E7420307825303493
:10F9F00078000000737562002DE9F04F91B010F0AF
:10FA0000BFFF80464FF00009CDF84090242107A8A1
:10FA1000F0F7D9FC40F211100090634B63A2022171
:10FA20006DA00BF0EDF807A803F044FB04460D466B
:10FA30002C430DD040F2151000905B4B67A20021C3
:10FA400065A00BF0DDF8EC20002111B0BDE8F08FCF
:10FA5000554803AC2038D0E91223416C006D0EC428
:10FA600006909DF81F008DF80D00012103A8F8F7FE
:10FA7000BBFB0D460446DFF898B154EA050009D0F7
:10FA80004FF48F700090484B62A2002152A00BF0FF
:10FA9000B7F86BE0D8F81410DBF8000088470027AF
:10FAA000DFF8A4A10AEBC71696F8740000285AD014
:10FAB000D8F81410F06E884796F83530301D10AA2B
:10FAC000302100F0F3F904460D4654EA05000BD04E
:10FAD000361D40F22D10CDE90006334B5BA200210C
:10FAE0003DA00BF08DF83EE0301DF0F795FC81B2A3
:10FAF000614810AACDE9009096F83530301D01F02C
:10FB000037F904460D4654EA05000FD04FF49C70B7
:10FB10000090254B59A200212FA00BF071F80AEBA1
:10FB2000C710D8F81810C06E88471FE0301D30216C
:10FB3000F0F749FC002006EB8001C1F8389031183D
:10FB400081F86090401C0A28F5DB86F8749086F8EE
:10FB50003590B06F18B1B6F87610F0F734FCD8F8DD
:10FB60001810F06E88477F1C282F9BDBD8F81810E0
:10FB7000DBF800008847D8F81010DBF80000884751
:10FB80000D46044654EA05000BD040F25110009097
:10FB9000054B43A2002110A00BF032F82046294665
:10FBA00053E70020014650E764E503085B25733AFC
:10FBB00025642920446A69446174615375627363E2
:10FBC00072697074696F6E4464735F76335F446505
:10FBD000496E697400000000737562005B25733A1A
:10FBE0002564292043616E2774206765742073752E
:10FBF00062736372697074696F6E206D6F64756C87
:10FC00006520706172616D20636F6E6669670000C8
:10FC1000D0C201205B25733A256429204661696CB6
:10FC2000656420746F20556E7265676973746572C0
:10FC300020636F6D6D616E642068616E646C6572C7
:10FC4000206C697374210000E4A901205B25733ADC
:10FC50002564292074686520746F706963206E6163
:10FC60006D6564202573206973206E6F7420726542
:10FC70006769737465720000BDE300085B25733A21
:10FC80002564292053746F702073756273637269E1
:10FC9000626520746F706963206572726F72000014
:10FCA0005B25733A2564292044657374726F79204B
:10FCB000735F6F7065726174654964206D757465FA
:10FCC000782068616E646C65206572726F720000E6
:10FCD00070B503460D4600200D4AC0EBC00452F833
:10FCE00034409C4202D0401C2E28F6D32E280AD045
:10FCF000C0EBC00002EBC00138222846F0F748FBF9
:10FD00000020014670BD4FF48070002170BD0000DE
:10FD1000C4D8030870B503460D4600200C4AC0EB5A
:10FD2000C00452F834409C420AD1C0EBC00002EB40
:10FD3000C00138222846F0F72BFB0020014670BD99
:10FD4000401C0A28EBD34FF48070002170BD0000E6
:10FD5000D4E203082DE9F0479AB0824688469146DE
:10FD60001F4638210CA8F0F72EFB10F009FE0646BE
:10FD700001A803F09FF904460D4654EA05000DD092
:10FD800040F26E2000902D4B2DA2002139A00AF0E8
:10FD900037FF204629461AB0BDE8F087316B0BA823
:10FDA00088470B984FF47A714143796038600CA909
:10FDB0005046FFF78DFF0D46044654EA05000BD070
:10FDC0004FF41E7000901D4B2BA2002129A00AF0B9
:10FDD00017FF20462946DEE79DF808300AAA3021A1
:10FDE0000DA800F063F80D46044654EA05000BD058
:10FDF0004FF420700090114B284A00211DA00AF0FA
:10FE0000FFFE20462946C6E7254C0A98716904EB97
:10FE1000C010C06E88470A9804EBC010816F19B1FA
:10FE20004A464046F0F7B4FA0A98B16904EBC010AC
:10FE3000C06E884700200146ADE700009DE603083C
:10FE40005B25733A2564292043616E27742067651A
:10FE50007420737562736372697074696F6E206D5C
:10FE60006F64756C6520706172616D20636F6E6682
:10FE700069670000737562005B25733A2564292069
:10FE80004765742064647320737472696E672069B7
:10FE90006E666F206572726F7200000050880408F1
:10FEA000E4A9012000487047D4C201202DE9FF4792
:10FEB00081460F4692469846302F12D9CDE90197D8
:10FEC000302040F2B72100910390164B16A200217A
:10FED00022A00AF095FE40F20110002104B0BDE816
:10FEE000F08700241E4E06EBC41595F8740088B107
:10FEF000291D3A464846F0F7BAFA58B995F8350040
:10FF0000404507D1CAF8004006EBC410C467002082
:10FF10000146E3E7641C282CE5D34FF480700021F0
:10FF2000DCE70000CBE603085B25733A2564292053
:10FF3000746F7069634E616D653A2025732C207370
:10FF4000697A6520697320746F206269672C207359
:10FF5000697A65202564203E20256400737562005F
:10FF6000E4A901200022322817D006DC01280ED097
:10FF7000052812D00A2807D10FE0642818D0C82815
:10FF800016D0B0F5C87F13D0E020002170470120C3
:10FF900008604A600020014670470A604FF47A7298
:10FFA000B2FBF0F0054A504348600020014670471C
:10FFB0000A604A60E02000217047000040420F00C4
:10FFC00070B58EB010F0DCFC0646242105A8F0F7D1
:10FFD000FAF905A803F06EF804460D4654EA050048
:10FFE0000BD0E92000902C4B2CA2002138A00AF065
:10FFF00007FE204629460EB070BDF1683548884797
:020000040801F1
:100000000D46044654EA05000AD0EF200090224B2A
:1000100031A200212EA00AF0F3FD20462946EAE78E
:1000200001F0A4F904460D4654EA05000AD0F52073
:100030000090194B38A2002125A00AF0E1FD2046CE
:100040002946D8E74FF4A0513C48F0F7BCF91248D4
:1000500001AC0F30D0E905230169C0690EC40490DA
:100060009DF817008DF80500012101A8F9F7C4F8E3
:100070000D46044654EA05000BD04FF48070009002
:10008000054B2FA2002112A00AF0BAFD20462946F6
:10009000B1E700200146AEE735E503085B25733A7A
:1000A0002564292043616E27742067657420737569
:1000B00062736372697074696F6E206D6F64756CC2
:1000C0006520706172616D20636F6E666967000004
:1000D00073756200D0C201205B25733A2564292024
:1000E0004661696C656420746F2063726561746534
:1000F000206D757874653A20735F746F706963431F
:10010000616C6C6261636B496E666F4D7574657886
:1001100048616E646C6500005B25733A2564292094
:100120006464732076657273696F6E2063686563BB
:100130006B696E67206572726F720000E4A901201E
:100140005B25733A256429204661696C65642074D7
:100150006F207265676973746572206464732063CD
:100160006F6D6D616E642068616E646C6572206C89
:1001700069737421000000002DE9F0418AB0064641
:100180000F46904601A802F095FF04460D4654EA3A
:1001900005000DD040F2F91000900A4B0AA2002190
:1001A00016A00AF02DFD204629460AB0BDE8F081D0
:1001B0009DF808308120009042463946304600F0D4
:1001C0001FF8F2E7F2E503085B25733A256429205E
:1001D00043616E2774206765742073756273637260
:1001E000697074696F6E206D6F64756C65207061E5
:1001F00072616D20636F6E666967000073756200DF
:100200002DE9F04393B004461A9F884691461E4656
:10021000382105A8F0F7D7F810F0B2FB00210391C0
:10022000049105A92046FFF775FD04460D4654EAE2
:1002300005000DD040F2E11000900E4B0EA20021FF
:1002400016A00AF0DDFC2046294613B0BDE8F08375
:1002500005AC201DF0F7E0F881B24B464246201D68
:10026000CDE9006700F09EFC04460D462046294675
:10027000EBE70000C6E503085B25733A25642920F7
:100280004765742064647320737472696E672069B3
:100290006E666F206572726F720000007375620087
:1002A0002DE9F74FB4B08946174610F069FB804638
:1002B00007F108064FF0000ACDF8C4A0CDF8C8A099
:1002C000CDF8CCA0802111A8F0F77DF8CDF83CA0A6
:1002D000CDF840A0CDF834A0242104A8F0F773F89D
:1002E00099F80340787817280CD040F2E122CDE944
:1002F000002018210291614B61A202216AA00AF03C
:100300007FFC90E0802111A8F0F75DF806F108016C
:1003100072798B4611A8F0F73BF8717923460DAA44
:1003200011A8FFF7C3FD04460D4654EA050004D0AA
:100330000020014637B0BDE8F08F5C4D0D9805EB0D
:10034000C010016F491C0167C16E39B1F2882AB132
:100350007179541A8B44806F18B10BE0002001466C
:10036000E8E7D8F83C10A01C88470D9905EBC111AF
:100370008867C8B30D98D8F8141005EBC010C06E8C
:1003800088470D9805EBC010A0F87640806F224694
:100390005946EFF7FDFF0D98318805EBC010806FCF
:1003A0002044018000240D9805EBC01000EB840070
:1003B000806B70B3D8F830100EA888470E984FF4B1
:1003C0007A71414310910F900D9805EBC0100219FE
:1003D000C18E92F86020B1FBF2F1026FB2FBF1F333
:1003E00001FB132169B114E0FFE740F2FD2000900A
:1003F000224B2FA200212CA00AF002FCE2200021B7
:1004000098E700EB84010FAA8B6BB0F87610806F31
:100410009847641C0A2CC6DB0D98D8F8181005EB19
:10042000C010C06E884799F8020018B38DF8C4A0B8
:1004300038788DF8C50078788DF8C6007888ADF8E2
:10044000C700092331AA49463498F8F7E1FF0D4661
:10045000044654EA05000DD04FF449700090074B54
:1004600019A20021CDE9024523A00AF0C9FB2046CC
:1004700029465FE7002001465CE700000EE703081D
:100480005B25733A25642920636F6D6D616E64206E
:100490002564206973206E6F7420657175616C200E
:1004A000746F20256400000073756200E4A90120C8
:1004B0005B25733A256429204D616C6C6F6320665F
:1004C00061696C65640000005B25733A256429202E
:1004D0007265637620707573626C697368206461FD
:1004E00074612061636B206572726F723A30782597
:1004F00030386C6C58000000616461707465720083
:100500002DE9F0418AB006460F46904601A802F058
:10051000D1FD04460D4654EA05000DD04FF4047099
:1005200000900A4B0AA2002116A00AF069FB20469F
:1005300029460AB0BDE8F0819DF8083000200090FF
:1005400042463946304600F01FF8F2E719E6030844
:100550005B25733A2564292043616E277420676503
:100560007420737562736372697074696F6E206D45
:100570006F64756C6520706172616D20636F6E666B
:1005800069670000737562002DE9FF4F95B00E4654
:1005900017469B46382107A8EFF715FF10F0F0F932
:1005A00080464FF0000ACDF814A0CDF818A0CDF881
:1005B00010A005A93046FFF7D5FC04460D462C4394
:1005C0000DD04FF4B3700090934B944A012194A046
:1005D0000AF016FBE020002119B0BDE8F08F07A952
:1005E0001598FFF775FB0D46044654EA05000BD03D
:1005F0004FF4B6700090884B8AA2002188A00AF0C0
:10060000FFFA20462946E7E78F48D8F8141000681B
:1006100088475B4604AA302108A8FFF747FC0D462F
:10062000044608A906F0FF0954EA05003AD0CDF8BF
:1006300010A0DFF818A204980AEBC01292F87420F8
:100640001AB1401C04902828F5D30498282875D0A6
:100650004FEACB62D20C42EA5B1240F2A713CDE91B
:100660000031CDE902026C4B794A03216CA00AF0FB
:10067000C7FA07AC201DEFF7CFFE81B25A46201D06
:10068000229B00F081FC04460D4654EA050078D018
:1006900040F2AF100090604B6EA2002160A00AF003
:1006A000AFFAB0E04FF4BC70CDE900015A4B71A233
:1006B00003215BA00AF0A4FADFF890A104980AEBEA
:1006C000C010C08EB04229D2CDE9010640F27B11A4
:1006D0000091514B74A2032151A00AF091FA0498A1
:1006E0000AEBC010C68607AC201DEFF795FECDF8CB
:1006F00000B0DDE9052381B2201D00F02BFD0D4681
:10070000044654EA050009D040F283100090424BA1
:1007100071A2002142A00AF073FA74E0002F72D097
:10072000002004990AEBC11101EB8002926B32B1F7
:10073000401C0A28F8D30A2808D064E012E001EB34
:1007400080029763014481F86090F4E70A204FF437
:10075000C971CDE90010304B684A012130A00AF080
:100760004FFA50E04FF4D1702B4B00E009E00090BD
:1007700063A200212AA00AF043FA40F201140025E6
:1007800041E007AC201DEFF747FECDF800B0DDE9F2
:10079000052381B2201D00F0DDFC0D46044654EA1D
:1007A000050009D04FF4DC7000901B4B4AA20021D9
:1007B0001BA00AF025FA26E004980AEBC010C16ECF
:1007C00019B9D8F80C106C308847049830220AEB1D
:1007D000C010001D08A9EFF713FE2FB104980AEB13
:1007E000C010876380F8609004989DF850100AEB61
:1007F000C01080F83410C68680F835B015990160B5
:10080000012180F874101048D8F818100068884743
:1008100020462946E0E6000098E50308048804081D
:10082000737562005B25733A25642920476574203F
:1008300064647320737472696E6720696E666F20DA
:100840006572726F72000000D0C20120E4A901201D
:10085000608904085B25733A256429205375627307
:10086000637269626520746F706963206572726F6C
:10087000720000005B25733A2564292063616C6C6B
:100880006261636B206F6620746F706963202573EB
:1008900020697320616C7265616479207265676993
:1008A0007374657265642E005B25733A2564292094
:1008B00046726571206E65656420696E637265615C
:1008C00073652066726F6D20256420487A20746FEE
:1008D00020256420487A00005B25733A256429208E
:1008E00055706461746520746F70696320706572FF
:1008F000696F64206572726F720000000C890408D1
:100900005B25733A256429205375627363726962AB
:100910006520746F706963206C697374206973203B
:1009200066756C6C0000000070B58AB0064601A8C0
:1009300002F0C0FB04460D4654EA05000CD04FF40B
:1009400016700090084B09A2002115A00AF058F972
:10095000204629460AB070BD9DF808100022304696
:1009600000F020F8F6E7000072E603085B25733A12
:100970002564292043616E27742067657420737590
:1009800062736372697074696F6E206D6F64756CE9
:100990006520706172616D20636F6E66696700002B
:1009A000737562002DE9F74F94B0044688463821EC
:1009B00006A8EFF708FD0FF0E3FF064600200590BC
:1009C00006A92046FFF784F904460D4654EA0500BF
:1009D0000DD04FF409700090434B44A200214CA06D
:1009E0000AF00EF92046294617B0BDE8F08F4948B5
:1009F000716900688847434605AA30210DF1180B3C
:100A000007A8FFF753FA0D460446DFF80CA107AF1D
:100A100054EA05000AD040F22F20CDE90007324BFE
:100A20003EA200213AA00AF0EBF84FE00598716968
:100A30000AEBC010C06E88474FEAC860C00C40EA9D
:100A40005819059840F23521CDE90209CDE9001782
:100A5000254B3D4A03212EA00AF0D2F80BF10400E9
:100A6000EFF7DAFC81B2394A1698CDE90002059811
:100A700043460AEBC0127C320BF1040000F078F917
:100A80000D46044654EA050009D040F23F2000908C
:100A9000154B2FA200211EA00AF0B2F816E040F27A
:100AA00043208DE88102104B32A2032118A00AF0E6
:100AB000A7F805980AEBC010806F08B1316C884721
:100AC000059880210AEBC010EFF77DFC0598B1690D
:100AD0000AEBC010C06E88470E48B16900688847AD
:100AE0002046294680E7000042E603085B25733A6A
:100AF00025642920476574206464732073747269C7
:100B00006E6720696E666F206572726F72000000FA
:100B100073756200D0C20120E4A901205B25733AFD
:100B20002564292074686520746F706963206E6184
:100B30006D6564202573206973206E6F7420726563
:100B40006769737465720000A8890408BDE3000832
:100B50005B25733A2564292053746F702073756286
:100B600073637269626520746F7069632065727265
:100B70006F7200005B25733A25642920436C656120
:100B8000722063616C6C6261636B20696E666F20BA
:100B90006F6620746F70696320257320403078255C
:100BA000303458002DE9FF4F95B00F46DDF88C909A
:100BB0000FF0E6FE8046F0F7E9FCF7F707FE824605
:100BC000002011901290139014900D900E900F90A1
:100BD0001090242104A8EFF7F6FB04A802F06AFAAB
:100BE00004460D462C430CD04B2000903D4B3EA2BA
:100BF00000214AA00AF004F8EC20002119B0BDE859
:100C0000F08F189807EB000B0BF11005D8F83C108B
:100C1000284688470646300059D0032030701820F7
:100C20007070A6F802A00020B080A5F10801F18044
:100C300006F108044FEAC961C90C41EA5911218043
:100C4000608020716771A4F806B03A4604F108008C
:100C50001599EFF79DFBDDE91712E0190830EFF762
:100C600097FB02208DF84400ADF84CA09DF81300CE
:100C70008DF847009DF814008DF8480000208DF88D
:100C800045008DF846008DF8490099208DF84A00FE
:100C90001495F0F77BFC324611A9F8F7C3FA044625
:100CA0000D4654EA05000BD015987321CDE90010CC
:100CB000CDE902450B4B1AA2002118A009F0A0FFB4
:100CC000D8F84010304688472046294696E75320FA
:100CD0000090044B20A2002110A009F091FFE22017
:100CE00000218BE7B4F103085B25733A25642920C2
:100CF00043616E2774206765742073756273637235
:100D0000697074696F6E206D6F64756C65207061B9
:100D100072616D20636F6E666967000073756200B3
:100D20005B25733A256429204661696C65642074EB
:100D30006F207075626C69736820746F7069633AB4
:100D40002025732C2072657475726E20636F646544
:100D500020307825303858005B25733A25642920E7
:100D60004D616C6C6F63206661696C656421000085
:100D70002DE9F04F99B081460F469A460FF000FEDC
:100D800083460024169417941894F0F7FFFBF7F7A6
:100D90001DFD804612941394149415940E940F9490
:100DA00010941194242105A8EFF70DFB05A802F07B
:100DB00081F904460D462C430DD04FF491700090FC
:100DC0004C4B4DA2002159A009F01AFFEC20002144
:100DD00019B0BDE8F08F07F10E04DBF83C10204697
:100DE0008847064630002ED00320307012207070E5
:100DF000A6F802800025B580A4F10800F08006F175
:100E000008009DF81710CA06D20C42EA5111018061
:100E10002299C906CA0C229942EA511141800571F2
:100E200047713A464946801DEFF7B2FA02208DF825
:100E30004800ADF850809DF817108DF84B10BAF1AE
:100E4000000F0CD00DE04FF495700090294B38A2A4
:100E5000002136A009F0D4FEE2200021B8E79DF879
:100E600018A08DF84CA08DF849508DF84A008DF8E7
:100E70004D5099208DF84E001594F0F787FB4FF4F4
:100E80007A72CDE9005205210291324612A9239BC4
:100E9000F8F7A6FB04460D4654EA050002D19DF87A
:100EA000580078B19DF8580004904FF4A670CDE931
:100EB0000009CDE902450F4B234A00211BA009F090
:100EC0009FFE10E09DF84C000A4BC106C90C41EA98
:100ED000501040F25111CDE9001902901BA20321DC
:100EE00012A009F08DFEDBF84010304688472046FE
:100EF00029466DE73CF203085B25733A25642920F7
:100F000043616E2774206765742073756273637222
:100F1000697074696F6E206D6F64756C65207061A7
:100F200072616D20636F6E666967000073756200A1
:100F30005B25733A256429204D616C6C6F632066D4
:100F400061696C6564210000008E04085B25733ABA
:100F5000256429205375636365737366756C6C79BA
:100F60002073746F7020746F20737562736372697D
:100F7000626520746F20746F7069633A2025732056
:100F800040307825303458002DE9FF4F99B00F4696
:100F90009A460FF0F5FC81464FF0000BCDF858B0A3
:100FA000CDF85CB0CDF860B0F0F7F0FAF7F70EFCD2
:100FB0008046CDF848B0CDF84CB0CDF850B0CDF863
:100FC00054B0CDF838B0CDF83CB0CDF840B0CDF845
:100FD00044B0242105A8EFF7F6F905A802F06AF855
:100FE00004460D462C430CD08D200090434B44A268
:100FF000002150A009F004FEEC2000211DB0BDE846
:10100000F08F07F10E04D9F83C10204688470646B9
:1010100030004ED00320307011207070A6F802808E
:10102000A6F804B0A4F10800F08006F108009DF8CD
:101030001710CA06D20C42EA511101804FEACA6168
:10104000C90C41EA5A11418080F804B047713A4610
:10105000801D1999EFF79CF902218DF84810ADF821
:1010600050809DF817008DF84B009DF818008DF802
:101070004C008DF849B08DF84A108DF84DB099208C
:101080008DF84E001594F0F781FA05214FF47A722D
:10109000092316ACCDE90221CDE900430EAB32465F
:1010A00012A9F8F79BFD0D46044654EA05000ED13F
:1010B0000AE095200090114B1FA200211DA009F00D
:1010C0009FFDE220002199E79DF8580070B19DF83E
:1010D000580004901998BB21CDE90010CDE90245D4
:1010E000064B1B4A002113A009F08AFDD9F84010D5
:1010F000304688472046294680E70000DFF1030894
:101100005B25733A2564292043616E277420676547
:101110007420737562736372697074696F6E206D89
:101120006F64756C6520706172616D20636F6E66AF
:1011300069670000737562005B25733A2564292096
:101140004D616C6C6F63206661696C6564210000A1
:10115000B48D04082DE9FF4F99B081468846DDF82B
:1011600098B00FF00DFC8246002416941794189442
:10117000F0F70CFAF7F72AFB07461294139414942D
:1011800015940E940F9410941194242105A8EFF750
:101190001AF905A801F08EFF04460D462C430CD029
:1011A000D52000904C4B4DA2002159A009F028FDFC
:1011B000EC2000211DB0BDE8F08F08F10C04DAF836
:1011C0003C1020468847064630002DD00320307062
:1011D000152070703D4677800021B180A4F1080091
:1011E000F08006F108074B4A1C98B0FBF2F21B98FE
:1011F00000EB4003C3EBC01002EBC0003880B970B5
:1012000087F8038042464946381DEFF7C1F80221AE
:101210008DF84810ADF850509DF817008DF84B0030
:10122000BBF1000F0BD00CE0DD2000902A4B3AA25E
:10123000002137A009F0E4FCE2200021BAE79DF884
:1012400018B08DF84CB000208DF849008DF84A1088
:101250008DF84D0099208DF84E001594F0F796F911
:1012600005214FF47A72092316ACCDE90221CDE9AC
:1012700000430EAB324612A9F8F7B0FC0D46044607
:1012800054EA050002D19DF8580088B19DF8580035
:10129000049040F20110CDE90009CDE902450E4B62
:1012A000234A00211AA009F0ABFCEC2400250BE036
:1012B000388840F20711CDE900190290064B1DA2B3
:1012C000032113A009F09CFCDAF84010304688474F
:1012D000204629466EE700000CF203085B25733AAE
:1012E0002564292043616E27742067657420737517
:1012F00062736372697074696F6E206D6F64756C70
:101300006520706172616D20636F6E6669670000B1
:101310007375620040420F005B25733A25642920F3
:101320004D616C6C6F63206661696C6564210000BF
:10133000648D04085B25733A256429205375636323
:1013400065737366756C6C79207570646174652063
:10135000746F70696320257320706572696F6420F3
:10136000746F202564206D730000000008B50FF035
:1013700007FB37200090044B044A032104A009F026
:101380003FFC0020014608BD89F10308208D0408B8
:10139000737562002DE9F04F91B08A464FF0000856
:1013A0000026374600200D900E900F901090099067
:1013B0000A900B900C90079008900FF0E1FA83468A
:1013C0009AF80400401E092101EB800080B20690CB
:1013D000DBF83C100698884781465FEA090038D060
:1013E0000699EEF7F0FF9AF8000089F80000BAF8C5
:1013F0000200A9F8010099F8030040F0010089F803
:1014000003009AF8040089F804009AF80400DBF855
:101410003C10C000884705900598002827D09AF80E
:101420000410DAF80800059A03F0EEFA04460D46B7
:1014300054EA050030D040F20F200090454B46A200
:101440000021CDE9024553A009F0DAFB26462F46DC
:1014500075E04FF4FE7000903E4B4FA200214DA06E
:1014600009F0CEFBE220002111B0BDE8F08F4FF46F
:1014700002700090374B55A2002146A009F0C0FB36
:10148000E22600275BE0059809EB880150F8380058
:10149000C1F8050008F101089AF804004045F2DCA3
:1014A00001258DF834500A208DF8370003248DF87B
:1014B0003840F0F76BF8F7F789F9ADF83C000020F9
:1014C0008DF8350002208DF836000B208DF839009C
:1014D0008DF83A5006981090F0F758F8052207ABAF
:1014E0004FF4FA71CDE90032CDE9021409AB4A4656
:1014F0000DA9F8F773FB0D46044654EA05000DD01C
:1015000040F225200090134B39A20021CDE902457D
:1015100020A009F075FB26462F4610E09DF81C0020
:1015200068B104280BD04FF40B71CDE90010094BC2
:1015300039A2012117A009F063FBEC260027DBF894
:10154000401048468847DBF84010059888473046E9
:10155000394689E7A30704085B25733A25642920E7
:1015600067656E657261746520756964206C697366
:101570007420627920746F706963206C69737420C1
:101580006572726F723A2030782530386C6C582E44
:1015900000000000737562005B25733A2564292002
:1015A0006D616C6C6F63206D656D6F727920666F15
:1015B00072207265717565737420737472756374CB
:1015C000757265206661696C2E0000005B25733AB8
:1015D000256429206D616C6C6F63206D656D6F7281
:1015E0007920666F7220756964206661696C2E00CF
:1015F0005B25733A25642920616464207061636B04
:10160000616765206572726F723A203078253038D4
:101610006C6C582E000000005B25733A256429206D
:10162000616464207061636B616765206661696CE9
:101630003A203078253032582E0000002DE9F34F43
:1016400099B08A464FF000080026374600201590D2
:1016500016901790189011901290139014900F906C
:101660001090242104A8EEF7AEFE0FF089F983460E
:1016700004A801F01FFD04460D462C430DD040F296
:10168000251000906F4B70A202217DA009F0B8FADE
:10169000E32000211BB0BDE8F08F9AF80400401E43
:1016A000092101EB800080B20E90DBF83C100E980F
:1016B000884781465FEA090038D00E99EEF783FE2D
:1016C0009AF8000089F80000BAF80200A9F80100B1
:1016D00099F8030040F0010089F803009AF804002B
:1016E00089F804009AF80400DBF83C10C000884731
:1016F0000D900D98002825D09AF80410DAF808000B
:101700000D9A03F081F90D46044654EA05002ED0E7
:101710004FF4A07000904B4B5AA20021CDE9024536
:1017200057A009F06DFA26462F4680E040F22D10B2
:101730000090444B62A2002151A009F061FAE2201E
:101740000021A7E740F2391000903E4B69A200212A
:101750004BA009F055FAE226002768E00D9809EB46
:10176000880150F83800C1F8050008F101089AF81E
:1017700004004045F2DC02248DF85440EFF706FFE8
:10178000F7F724F8ADF85C009DF81000022803D1AB
:101790009DF81100022835D09DF813008DF85700F0
:1017A00019988DF8580000208DF855008DF8564096
:1017B00003248DF8594014208DF85A000E98189083
:1017C000EFF7E4FE05220FAB4FF4FA71CDE90032DA
:1017D000CDE9021411AB4A4615A9F8F7FFF9044602
:1017E0000D4654EA050011D040F25D100090154BF3
:1017F00049A20021CDE9024521A009F001FA2646BF
:101800002F4614E00A208DF85700C9E79DF83C00E8
:1018100068B104280BD04FF4B271CDE90010094B28
:1018200047A2012116A009F0EBF9EC260027DBF80E
:10183000401048468847DBF840100D9888473046EE
:10184000394627E7E30604085B25733A2564292017
:1018500043616E277420676574206461746120732E
:101860007562736372697074696F6E20696E666FFA
:1018700020706172616D20636F6E666967000000A1
:10188000737562005B25733A2564292067656E6570
:101890007261746520756964206C69737420627963
:1018A00020746F706963206C697374206572726F45
:1018B000723A2030782530386C6C582E00000000C9
:1018C0005B25733A256429206D616C6C6F63206D14
:1018D000656D6F727920666F7220726571756573C0
:1018E0007420737472756374757265206661696CB7
:1018F0002E0000005B25733A256429206D616C6C15
:101900006F63206D656D6F727920666F72207569E7
:1019100064206661696C2E005B25733A256429207A
:10192000616464207061636B616765206572726FCA
:10193000723A2030782530386C6C582E0000000048
:101940005B25733A25642920616464207061636BB0
:10195000616765206661696C3A20307825303258BD
:101960002E00000010B58AB00446242101A8EEF72D
:101970002AFD84B101A801F09DFB084316D0C520C3
:101980000090234B23A200212FA009F039F9EC206D
:1019900000210AB010BDC02000901D4B2BA20021D9
:1019A00029A009F02DF9E3200021F2E79DF80510A8
:1019B0002C4802290ED003290CD001291FD0D42095
:1019C0000090134B28A200211FA009F019F9EC2068
:1019D0000021DEE79DF80410032909D0052907D06E
:1019E000D0E905230169C06984E80E00E0600CE0DD
:1019F00090E80E00C06884E80E00E06005E090E822
:101A00000E00C06884E80E00E06000200146C0E7D8
:101A1000900604085B25733A2564292043616E27EC
:101A2000742067657420737562736372697074697A
:101A30006F6E206D6F64756C6520706172616D20D2
:101A4000636F6E6669670000737562005B25733AA9
:101A5000256429204572726F72206F707320707434
:101A600072000000304100205B25733A2564292074
:101A700043616E27742067657420737562736372A7
:101A8000697074696F6E206F7073000070B58EB0EE
:101A900000240A940B940C940D94069407940894D3
:101AA0000994059404940878059001258DF8285030
:101AB0000A208DF82B0003268DF82C60EFF766FDC9
:101AC000F6F784FEADF830008DF8294002208DF83D
:101AD0002A000B208DF82D008DF82E600D95EFF764
:101AE00055FD4FF4FA7104AACDE90216CDE900259F
:101AF00006AB05AA0AA9F8F771F804460D4654EAA0
:101B000005000ED04FF414700090104B10A200216D
:101B1000CDE9024518A009F073F8204629460EB019
:101B200070BD9DF8100070B105280CD040F2562110
:101B3000CDE90010054B11A201210FA009F060F8BA
:101B4000EC200021EBE700200146E8E7D00704087D
:101B50005B25733A2564292072656D6F7665207068
:101B600061636B616765206572726F723A203078CD
:101B70002530386C6C582E00737562005B25733A03
:101B80002564292072656D6F7665207061636B61D5
:101B90006765206661696C3A203078253032582EAE
:101BA000000000002DE9F04198B007468846002665
:101BB00014961596169617961096119612961396D9
:101BC0000F960E96242105A8EEF7FDFB05A801F05F
:101BD00071FA04460D462C430DD04FF4BE700090B0
:101BE000354B36A2022143A009F00AF8E320002178
:101BF00018B0BDE8F08198F800000F9002248DF82D
:101C00005040EFF7C3FCF6F7E1FDADF858009DF842
:101C10001400022803D19DF81500022832D09DF847
:101C200017008DF853008DF854708DF851608DF8C1
:101C3000524003258DF8555016208DF8560001248A
:101C40001794EFF7A3FC4FF4FA710EAACDE9021531
:101C5000CDE9002410AB0FAA14A9F7F7BFFF0D467A
:101C6000044654EA050011D04FF4CB700090124B9B
:101C700021A20021CDE902451EA008F0C1FF2046A7
:101C80002946B5E70A208DF85300CCE79DF83800C7
:101C900070B105280CD04FF4CE71CDE90010064B81
:101CA0001FA2012113A008F0ABFFEC2000219FE749
:101CB000002001469CE70000100704085B25733AEA
:101CC0002564292043616E27742067657420646150
:101CD000746120737562736372697074696F6E20CA
:101CE000696E666F20706172616D20636F6E6669E8
:101CF00067000000737562005B25733A2564292034
:101D000072656D6F7665207061636B6167652065D4
:101D100072726F723A2030782530386C6C582E0011
:101D20005B25733A2564292072656D6F7665207096
:101D300061636B616765206661696C3A2030782564
:101D40003032582E0000000070B58EB000240A9486
:101D50000B940C940D94069407940894099405949C
:101D6000049401258DF828500A208DF82B000326B5
:101D70008DF82C60EFF70AFCF6F728FDADF830007F
:101D80008DF8294002208DF82A000B218DF82D10A6
:101D90008DF82E000D95EFF7F9FB4FF4FA7104AAB8
:101DA000CDE90216CDE9002506AB05AA0AA9F7F789
:101DB00015FF04460D4654EA05000ED04FF4EE70B0
:101DC00000900F4B0FA20021CDE9024518A008F0AA
:101DD00017FF204629460EB070BD9DF8100060B177
:101DE00040F2E111CDE90010054B12A2012110A033
:101DF00008F006FFEC200021EDE700200146EAE7AD
:101E0000720704085B25733A25642920726573659F
:101E100074207075626C6973686572206572726F88
:101E2000723A2030782530386C6C582E0000000053
:101E3000737562005B25733A2564292072657365AA
:101E400074207061636B616765206661696C3A201C
:101E50003078253032582E00F0B597B0074600266E
:101E600013961496159616960F961096119612962E
:101E70000E96242105A8EEF7A6FA05A801F01AF996
:101E800004460D462C430BD0EE200090324B33A27B
:101E9000022140A008F0B4FEE320002117B0F0BDFD
:101EA00002248DF84C40EFF771FBF6F78FFCADF88C
:101EB00054009DF81400022803D19DF81500022853
:101EC00033D09DF817008DF84F0078788DF85000CA
:101ED0008DF84D608DF84E4003248DF8514015204B
:101EE0008DF852001696EFF751FB01220EAB4FF41E
:101EF000FA71CDE90032CDE902140FAB002213A92B
:101F0000F7F76CFE0D46044654EA050011D040F286
:101F100007100090104B20A20021CDE902451DA022
:101F200008F06EFE20462946B8E70A208DF84F00DB
:101F3000CBE79DF8380060B14FF48671CDE9001011
:101F4000054B20A2012113A008F05AFEEC2000212D
:101F5000A4E700200146A1E7B20604085B25733A16
:101F60002564292043616E277420676574206461AD
:101F7000746120737562736372697074696F6E2027
:101F8000696E666F20706172616D20636F6E666945
:101F900067000000737562005B25733A2564292091
:101FA0007265736574207075626C69736865722000
:101FB0006572726F723A2030782530386C6C582E0A
:101FC000000000005B25733A256429207265736563
:101FD00074207061636B616765206661696C3A208B
:101FE0003078253032582E0070B58EB000240A9417
:101FF0000B940C940D9406940794089409940594FA
:1020000004944088049001268DF828600A208DF8F9
:102010002B0003258DF82C50EFF7B8FAF6F7D6FB16
:10202000ADF830008DF8294002208DF82A000B20F1
:102030008DF82D008DF82E4004200D90EFF7A6FAB4
:102040004FF4FA7105AACDE90026CDE9021506ABD9
:1020500004AA0AA9F7F7C2FD04460D4654EA050092
:102060000ED04FF4DD7000900F4B10A20021CDE98F
:10207000024519A008F0C4FD204629460EB070BDE7
:102080009DF8140060B140F2BF11CDE90010064B7D
:1020900012A2012110A008F0B3FDEC200021EDE711
:1020A00000200146EAE70000400704085B25733A78
:1020B00025642920766572696679207075626C697D
:1020C00073686572206572726F723A2030782530BD
:1020D000386C6C582E000000737562005B25733AF3
:1020E00025642920766572696679207061636B6169
:1020F0006765206661696C3A203078253032582E49
:102100000000000000200146704700002DE9F74F55
:102110008AB007460E460024A1460020079008908A
:102120000EF02EFC80460EB1307926E0E32000212F
:1021300005F002F8B0B9E322002301A804F040FF43
:1021400001A804AB07C807C3DDE9041206983E23C3
:10215000CDE90031CDE902209D4B9EA20021A1A036
:1021600008F04EFDE32000210DB0BDE8F08FB1680E
:1021700051F82410B94202D0641CA042F7DCA042FE
:102180000BDD4820CDE90007914B97A2002195A0D7
:1021900008F036FDE3200021E6E707A9384602F003
:1021A000EDF804460D4654EA050001D1BDF8209033
:1021B000B9F1000F15D0B08948441FFA80F9B9F180
:1021C000FA0F1AD95821CDE90019FA200290804B54
:1021D00095A2002183A008F013FD40F20110002118
:1021E000C2E75220CDE90007794B9FA200217DA0D4
:1021F00008F006FDEC200021B6E73079D8F83C1055
:10220000401C8000884782465FEA0A002BD0307964
:10221000D8F83C10401C4000884783465FEA0B001A
:102220002CD0D8F83C1048468847099009980028D7
:102230002FD049460998EEF7C6F830460C9900F0C1
:10224000D1FE04460D4654EA05002DD072200090C0
:102250005F4B93A20021CDE9024562A008F0D0FCBB
:102260002046294680E75F200090594B96A2002126
:102270005CA008F0C5FCE220002175E76520009015
:10228000534B9CA2002157A008F0BAFCE220002189
:102290006AE76B2000904E4BA3A2002151A008F0EA
:1022A000AFFCE22000215FE7D8F81410306A8847BD
:1022B0000D46044654EA05000AD078200090444BAD
:1022C000A5A20021CDE9024546A008F099FC66E0F0
:1022D000307978B182005046B168EEF759F830791C
:1022E000316942005846EEF753F8B289716909988E
:1022F000EEF74EF830794AF820703179B0892BF832
:102300001100307958B1D8F84010B0688847D8F833
:10231000401030698847D8F8401070698847C6F87F
:1023200008A0C6F810B0099870613079401C30716F
:10233000A6F80C9000271CE030697169002230F883
:1023400017000144B06850F8270002F093F90446E2
:102350000D4654EA05000BD0B06896211C4B50F88E
:10236000270086A2CDE9001000211EA008F048FC3D
:102370007F1C3079B842DFDCD8F81810306A884703
:102380000D46044654EA050009D09D200090104BEC
:1023900088A20021CDE9024512A008F031FC3046A8
:1023A0000C9900F0B7FD0D46044654EA05000CD028
:1023B000A4200090064B89A20021CDE9024509A086
:1023C00008F01EFC20462946CEE600200146CBE65A
:1023D00091F603085B25733A25642920257325733C
:1023E00025730000737562005B25733A256429200C
:1023F000466F756E6420746F70696328307825307D
:1024000038582920696E20746865207061636B619B
:1024100067652C20756E61626C6520746F20646F37
:1024200020616464696E67005B25733A2564292026
:10243000646174612073697A65206F6620706163DE
:102440006B61676520256420627974657320697308
:10245000206265796F6E64206C696D6974202564F3
:102460002062797465732E005B25733A25642920F8
:102470006765742073697A65206F6620746F706970
:1024800063206572726F722E20696E76616C69646A
:1024900020746F706963203A2025307830385800F6
:1024A0005B25733A25642920636C65617220706135
:1024B000636B616765206661696C65643A2030789A
:1024C0002530386C6C582E005B25733A2564292022
:1024D0006D616C6C6F63206D656D6F727920666FD6
:1024E0007220746F706963206C697374206661690F
:1024F0006C2E00005B25733A2564292064617461A9
:10250000206F6666736574206C697374206F662033
:102510007061636B616765206D616C6C6F632065D2
:1025200072726F722E0000005B25733A25642920B9
:102530006461746120627566666572206F662070E2
:1025400061636B616765206D616C6C6F63206572A0
:10255000726F722E000000005B25733A25642920FB
:102560006C6F636B206D75746578206572726F7225
:102570003A2030782530386C6C582E005B25733A41
:102580002564292055706461746520746865206431
:10259000617461206164647220666F7220746F7070
:1025A00069632830782530385829206661696C6560
:1025B000642E00005B25733A25642920756E6C6FCC
:1025C000636B206D75746578206572726F723A2046
:1025D00030782530386C6C582E0000005B25733A3B
:1025E000256429207265636F766572792070616356
:1025F0006B616765206661696C65643A2030782597
:1026000030386C6C582E00002DE9F74F8CB00E4618
:102610000027BB46BA46B94600200A9008900990A8
:102620000EF0AEF980460EB1307927E0E3200021AC
:1026300004F082FDB0B9E322002302A804F0C0FC3C
:1026400002A805AB07C807C3DDE905210798BC232D
:10265000CDE90032CDE90210BF4BC0A20021C3A0DA
:1026600008F0CEFAE32000210FB0BDE8F08FB1688A
:1026700051F827200C998A4202D07F1CB842F6DC20
:10268000B8420CDC0C98C621CDE90010B24BB84A18
:102690000021B6A008F0B4FAE3200021E4E708A97D
:1026A0000C9801F06BFE04460D4654EA050001D17A
:1026B000BDF824B0BBF1000F1AD0B089A0EB0B001D
:1026C00080B20B9030460E9900F08CFC0D4604460B
:1026D00054EA050019D0D82000909F4BA5A20021F4
:1026E000CDE90245A1A008F08BFA20462946BBE7B8
:1026F0000C98D121CDE90010974BA8A200219BA0F6
:1027000008F07EFAEC200021AEE7D8F81410306A09
:1027100088470D46044654EA05000CD0DE200090A0
:102720008D4BACA20021CDE9024590A008F068FADB
:102730002046294698E7307901283BD0401ED8F83A
:102740003C108000884782465FEA0A0035D0307925
:10275000D8F83C10401E4000884781465FEA0900D7
:1027600034D0D8F83C100B9888470A900A98002873
:1027700035D0DDE90A01EDF726FE3079401EB8427A
:1027800058DDBA005046B168EDF702FE0421B0688A
:1027900001EB870101443079C01B401E82000AEB27
:1027A0008700EDF7F5FD7A0048463169EDF7F0FD59
:1027B000781C26E00020708083E0E9200090664BC2
:1027C0008DA2002169A008F01BFAA8E0EF2000907C
:1027D000614B94A2002165A008F012FA9FE0F52059
:1027E00000905D4B9CA2002160A008F009FA96E0E1
:1027F0003169421E31F81010A1EB0B0129F81210BB
:10280000401C31798142F3DC3069716930F817205E
:102810000A98EDF7BDFD3069791CB28930F81110C6
:102820007369521A194430F817300A981844EDF7B2
:10283000AFFD10E0BA005046B168EDF7A9FD7A008F
:1028400048463169EDF7A4FD3069716930F8172009
:102850000A98EDF79DFD0C9801F00CFD0D4604461D
:1028600054EA05000AD04FF48A7000903A4B86A2D1
:102870000021CDE902453DA008F0C2F900271DE086
:1028800030697169002230F817000144B06850F8CF
:10289000270001F0EFFE04460D4654EA05000CD077
:1028A000B06840F21D112C4B50F8270084A2CDE9EE
:1028B000001000212DA008F0A3F97F1C3079B84248
:1028C000DEDCD8F84010B0688847D8F8401030698E
:1028D0008847D8F8401070698847C6F808A0C6F83D
:1028E00010900A9870613079401E30710B98B08159
:1028F000D8F81810306A884704460D4654EA050097
:102900000DD04FF497700090134B7BA20021CDE9BE
:10291000024516A008F074F920462946A4E630794D
:10292000B0B130460E9900F0F5FA0D46044654EA6F
:1029300005000DD040F235100090074B78A2002121
:10294000CDE9024509A008F05BF9204629468BE64F
:102950000020014688E60000B5F603085B25733ABF
:102960002564292025732573257300007375620083
:10297000B08E04085B25733A25642920636C656179
:1029800072207061636B616765206661696C656464
:102990003A2030782530386C6C582E005B25733A1D
:1029A000256429206765742073697A65206F662025
:1029B000746F706963206572726F722E20696E7613
:1029C000616C696420746F706963203A20253078E7
:1029D000303858005B25733A256429206C6F636B8F
:1029E000206D75746578206572726F723A20307848
:1029F0002530386C6C582E005B25733A25642920ED
:102A00006D616C6C6F63206D656D6F727920666FA0
:102A10007220746F706963206C69737420666169D9
:102A20006C2E00005B25733A256429206461746173
:102A3000206F6666736574206C697374206F6620FE
:102A40007061636B616765206D616C6C6F6320659D
:102A500072726F722E0000005B25733A2564292084
:102A60006461746120627566666572206F662070AD
:102A700061636B616765206D616C6C6F632065726B
:102A8000726F722E000000005B25733A25642920C6
:102A9000636C656172206D756C746920737562205A
:102AA00061726773206F6620746F7069632065724E
:102AB000726F723A2030782530386C6C582E0000D6
:102AC0005B25733A25642920557064617465207410
:102AD00068652064617461206164647220666F724D
:102AE00020746F7069632830782530385829206643
:102AF00061696C65642E00005B25733A25642920AA
:102B0000756E6C6F636B206D75746578206572727D
:102B10006F723A2030782530386C6C582E000000E7
:102B20005B25733A256429207265636F7665727937
:102B3000207061636B616765206661696C65643AEA
:102B40002030782530386C6C582E00002DE9F0418B
:102B500088B006464FF00008002E1AD00DF010FF86
:102B60000746306A796988470D46044654EA0500ED
:102B700038D04FF4BD700090384B39A20021CDE918
:102B8000024540A008F03CF82046294608B0BDE8C0
:102B9000F0814FF4B9700090304B3BA2002139A076
:102BA00008F02EF8E320002104F0C6FAB8B9E322B9
:102BB000002302A804F004FA02A805AB07C807C363
:102BC000DDE90521079840F27313CDE90032CDE924
:102BD0000210224B35A200212AA008F011F8E320B0
:102BE0000021D3E7708850B3A6F80C80A6F80280C5
:102BF00086F80480396C70698847396C3069884779
:102C0000396CB0688847C6F81080C6F81480C6F8DA
:102C10000880B969306A88470D46044654EA0500C1
:102C200019D04FF4C97000900C4B24A20021CDE9BB
:102C3000024514A007F0E4FF20462946A6E73078B5
:102C40004FF4C071CDE90010044B26A203210DA062
:102C500007F0D6FFDDE72046294697E7F9F6030897
:102C60005B25733A256429206C6F636B206D757446
:102C70006578206572726F723A2030782530386C32
:102C80006C582E00737562005B25733A2564292009
:102C90007061636B61676520707472206973206175
:102CA000206E756C6C2076616C7565005B25733ADF
:102CB0002564292025732573257300005B25733A4D
:102CC00025642920756E6C6F636B206D7574657853
:102CD000206572726F723A2030782530386C6C58EB
:102CE0002E0000005B25733A256429207061636B18
:102CF0006167655B25645D20697320756E7573651A
:102D0000642C20646F6E2774206E65656420746F78
:102D1000206465696E69742E000000002DE9F0439F
:102D200087B081460E460027002E1BD00DF028FEEE
:102D30008046306AD8F8141088470D46044654EA95
:102D4000050038D040F24D100090424B42A20021C5
:102D5000CDE9024549A007F053FF2046294607B0B8
:102D6000BDE8F08340F2451000903A4B44A20021A8
:102D700042A007F045FFE320002104F0DDF9B8B9D7
:102D8000E322002301A804F01BF901A804AB07C843
:102D900007C3DDE9050204994FF4A373CDE90031BF
:102DA000CDE902022B4B3FA2002134A007F028FFFF
:102DB000E3200021D3E77088002828D0307840F243
:102DC0005311CDE90010234B3AA200212BA007F0AC
:102DD00017FFE320002104F0AFF900BBE32200233A
:102DE00001A804F0EDF801A804AB07C807C3DDE9AA
:102DF0000420069940F25513CDE90032CDE90201D5
:102E0000144B28A200211DA007F0FAFE07E0A6F847
:102E1000029037710820B081B76037617761D8F8C8
:102E20001810306A884704460D4654EA05000DD054
:102E300040F263100090074B2CA20021CDE902451F
:102E40000EA007F0DDFE2046294688E70020014657
:102E500085E70000D9F603085B25733A256429202D
:102E60006C6F636B206D75746578206572726F721C
:102E70003A2030782530386C6C582E00737562001B
:102E80005B25733A256429207061636B6167652057
:102E90007074722069732061206E756C6C2076618D
:102EA0006C7565005B25733A2564292025732573AD
:102EB000257300005B25733A256429207061636BDC
:102EC0006167655B25645D20697320757365642C9B
:102ED0002063616E6E6F7420626520696E6974652F
:102EE0006420616761696E2E000000005B25733A03
:102EF00025642920756E6C6F636B206D7574657821
:102F0000206572726F723A2030782530386C6C58B8
:102F10002E00000030B58FB004460D46242106A8CF
:102F2000EDF751FA0020029003900490059006A856
:102F300000F0C0F808430CD040F2A1100090114BF3
:102F400011A200211DA007F05BFEEC2000210FB0B4
:102F500030BD02A8FEF706FD084306D1049820B153
:102F6000049A214628469047F1E740F2A9100090C4
:102F7000044B13A2002111A007F042FEEC20002117
:102F8000E5E700001BF703085B25733A2564292059
:102F900043616E2774206765742073756273637272
:102FA000697074696F6E206D6F64756C65207061F7
:102FB00072616D20636F6E666967000073756200F1
:102FC0005B25733A25642920737562736372697097
:102FD00074696F6E206F70732067657420657272FC
:102FE0006F722E0030B58FB004460D46242106A81E
:102FF000EDF7E9F90020029003900490059006A8EF
:1030000000F058F808430CD04FF4DB700090114BDF
:1030100011A200211DA007F0F3FDEC2000210FB04C
:1030200030BD02A8FEF79EFC084306D1059820B1EA
:10303000059A214628469047F1E74FF4DF7000904B
:10304000044B13A2002111A007F0DAFDEC200021AF
:10305000E5E7000040F703085B25733A2564292063
:1030600043616E27742067657420737562736372A1
:10307000697074696F6E206D6F64756C6520706126
:1030800072616D20636F6E66696700007375620020
:103090005B25733A256429207375627363726970C6
:1030A00074696F6E206F707320676574206572722B
:1030B0006F722E0070B586B0044605A8EEF748FA88
:1030C00050EA010220D104A8EEF792FB50EA010277
:1030D0001AD100209DF81420144D9DF8103000EBFB
:1030E000C00115F82160964210D105EB81014978A5
:1030F00099420BD100EBC00005EB80012422204651
:10310000EDF746F90020014606B070BD401C1028BE
:10311000E5D3F0208DE80D00054B064A002106A0FE
:1031200007F06EFD4FF480700021EDE77492030804
:10313000B49403082C2C04087574696C73000000A7
:10314000F8B515460026002903D015B100230C79E7
:103150001EE041B94FF4E0700090104B10A2002126
:1031600019A007F04DFD45B940F2C11000900B4B7E
:1031700016A2002114A007F043FDE3200021F8BDB2
:103180008A6852F82320824201D1012602E05B1CAA
:103190009C42F5DC2E7000200146F8BD84F803083F
:1031A0005B25733A256429207075626C69736865C4
:1031B00072207074722069732061206E756C6C20AF
:1031C00076616C75652E0000737562005B25733A3D
:1031D00025642920726573756C742070747220697F
:1031E000732061206E756C6C2076616C75652E00A5
:1031F0002DE9F04F91B00646242108A8EDF7E3F839
:103200000DF0BEFB074608A8FFF754FF04460D4625
:103210002C430CD0E4200090534B54A2002160A01A
:1032200007F0EEFCEC20002111B0BDE8F08F04A8FF
:10323000FEF798FB0D46044654EA05000CD0EA2040
:103240000090494B57A20021CDE9024554A007F058
:10325000D7FC20462946E7E7307B4FF000090128DC
:103260002BD1059890B10599304688470D46044604
:1032700054EA050013D0F52000903B4B56A20021E4
:10328000CDE9024546A007F0BBFC16E0EF20009018
:10329000354B5CA2002142A007F0B2FC32E030784E
:1032A0007188F722CDE9002002912F4B604A03215B
:1032B0003BA007F0A5FC86F80C904FF000084FF0FB
:1032C000200A1CE008EBC80130690AEB8101405874
:1032D000396988470D46044654EA05000DD04FF47D
:1032E00080700090204B53A20021CDE902452CA014
:1032F00007F086FC2046294696E708F10108707B16
:103300004045DFDC00244FF008084FF0100A4FF072
:10331000140B1CE004EBC4050421306901EB8501AA
:10332000415C99B108EB8501405808B1396C884778
:1033300030690AEB8501405808B1396C884730691B
:103340000BEB8501405808B1396C8847641C707BD1
:10335000A042DFDC86F80D90396C30698847C6F8EA
:103360001090002001465FE792F703085B25733A4F
:103370002564292043616E27742067657420737566
:1033800062736372697074696F6E206D6F64756CBF
:103390006520706172616D20636F6E666967000001
:1033A000737562005B25733A256429204765742094
:1033B000737562736372697074696F6E206F707376
:1033C000206572726F722C20737461743A307825A4
:1033D00030386C6C580000005B25733A2564292056
:1033E0007265736574207075626C697368657220AC
:1033F0006572726F723A2030782530386C6C582EB6
:10340000000000005B25733A25642920726573650E
:1034100074207075626C69736865722066756E637E
:1034200074696F6E206973206E756C6C2E000000DD
:10343000F88E04085B25733A25642920646573744B
:10344000726F79206D75746578206572726F722C59
:1034500020737461743A30782530386C6C580000F1
:103460002DE9F34F85B006460027B8460DF088FADF
:10347000824616B13069002854D14FF49170009003
:103480002F4B30A2002137A007F0BAFBE320002128
:1034900007B0BDE8F08F07EBC7092020316900EBCA
:1034A000890B51F80B00DAF81410884704460D46D2
:1034B00054EA05000DD040F229100090204B2AA2BA
:1034C0000021CDE9024527A007F09AFB20462946B6
:1034D000DEE73069022101EB8901415A29B900EB8D
:1034E0008901069801604FF001083069DAF8181078
:1034F00050F80B00884704460D4654EA05000DD0ED
:103500004FF49A7000900E4B20A20021CDE90245A5
:1035100014A007F075FB20462946B9E7B8F1000F63
:1035200003D17F1C707BB842B5D8B8F1000F02D030
:1035300000200146ACE74FF480700021A8E70000AE
:10354000BFF703085B25733A25642920696E7075FF
:103550007420706F696E746572206973206E756C6B
:103560006C2E0000737562005B25733A2564292078
:103570006C6F636B206D75746578206572726F7205
:103580003A2030782530386C6C582E005B25733A21
:1035900025642920756E6C6F636B206D757465787A
:1035A000206572726F723A2030782530386C6C5812
:1035B0002E0000002DE9F74F84B00E460027B846D4
:1035C0000DF0DEF9824616B13069002856D140F27E
:1035D00071100090304B31A2002138A007F010FB91
:1035E000E320002107B0BDE8F08F07EBC7092020DA
:1035F000316900EB890B51F80B00DAF81410884799
:1036000004460D4654EA05000DD04FF4BC700090FE
:10361000214B2BA20021CDE9024528A007F0F0FAAA
:1036200020462946DEE73069022101EB8901425A32
:1036300004998A4205D100EB8901069801604FF098
:1036400001083069DAF8181050F80B008847044672
:103650000D4654EA05000DD040F2831000900E4B49
:1036600020A20021CDE9024514A007F0C9FA2046A6
:103670002946B7E7B8F1000F03D17F1C707BB84231
:10368000B3D8B8F1000F02D000200146AAE74FF4EA
:1036900080700021A6E700001CF803085B25733A40
:1036A00025642920696E70757420706F696E746569
:1036B00072206973206E756C6C2E00007375620049
:1036C0005B25733A256429206C6F636B206D7574DC
:1036D0006578206572726F723A2030782530386CC8
:1036E0006C582E005B25733A25642920756E6C6F2B
:1036F000636B206D75746578206572726F723A2005
:1037000030782530386C6C582E0000002DE9F74FCA
:1037100084B00E460027B8460DF032F9824616B145
:103720003069002854D140F2491000902F4B30A24C
:10373000002137A007F064FAE320002107B0BDE8BC
:10374000F08F07EBC7092020316900EB890B51F896
:103750000B00DAF8141088470D46044654EA0500B9
:103760000DD04FF4A8700090204B2AA20021CDE983
:10377000024527A007F044FA20462946DEE73069D3
:10378000049910F829208A4205D100EB8901069896
:1037900001604FF001083069DAF8181050F80B009A
:1037A000884704460D4654EA05000DD040F25B10F0
:1037B00000900E4B20A20021CDE9024514A007F095
:1037C0001FFA20462946B9E7B8F1000F03D17F1C44
:1037D000707BB842B5D8B8F1000F02D00020014686
:1037E000ACE74FF480700021A8E70000ECF7030875
:1037F0005B25733A25642920696E70757420706F9B
:10380000696E746572206973206E756C6C2E000091
:10381000737562005B25733A256429206C6F636BB6
:10382000206D75746578206572726F723A203078F9
:103830002530386C6C582E005B25733A256429209E
:10384000756E6C6F636B206D757465782065727230
:103850006F723A2030782530386C6C582E0000009A
:103860002DE9F74F86B00F464FF0000AD1460DF014
:1038700087F8834617B13869002867D140F299105C
:103880000090394B39A2002140A007F0B9F9E3209C
:10389000002109B0BDE8F08F00260AEBCA08042019
:1038A00000EB8800049047E0202101EB880105919E
:1038B0004058DBF81410884704460D4654EA0500CA
:1038C0000DD04FF4D1700090274B31A20021CDE9EB
:1038D00002452EA007F094F920462946D9E7082191
:1038E000386901EB8801415851F8262006998A422F
:1038F00005D100EB8801089801604FF00109396992
:1039000005980858DBF81810884704460D4654EA15
:1039100005000DD040F2AD100090134B25A2002100
:10392000CDE9024519A007F06BF920462946B0E71A
:10393000B9F1000F05D1761C38690499415CB14298
:10394000B2DCB9F1000F04D10AF1010A787B5045CD
:10395000A2D8B9F1000F02D00020014699E74FF438
:103960008070002195E7000050F803085B25733A4A
:1039700025642920696E70757420706F696E746596
:1039800072206973206E756C6C2E00007375620076
:103990005B25733A256429206C6F636B206D757409
:1039A0006578206572726F723A2030782530386CF5
:1039B0006C582E005B25733A25642920756E6C6F58
:1039C000636B206D75746578206572726F723A2032
:1039D00030782530386C6C582E0000000048704755
:1039E000003B002000487047083B00202DE9F047CD
:1039F00092B00646242109A8ECF7E5FC00200590CA
:103A00000690079008900CF0BBFF814609A8FFF7CD
:103A100051FB04460D462C430CD08F200090764B72
:103A200076A2002182A007F0EBF8EC20002112B072
:103A3000BDE8F0879DF8240001280ED002280ED0A2
:103A400005280CD0992000906B4B7AA2002178A019
:103A500007F0D6F8EC200021E9E7052400E0072470
:103A600004EBC4008000D9F83C100546884730615B
:103A700038B174732946ECF7A6FC00274FF0200AF2
:103A800029E09F2000905C4B79A2002168A007F0FC
:103A9000B7F8E2200021CAE707EBC70830690AEB54
:103AA00088010844D9F80C1088470D46044654EAAA
:103AB00005000CD0A72000904F4B78A20021CDE943
:103AC00002455BA007F09CF820462946AFE7306925
:103AD00000F828707F1C707BB842DDDC05A8FDF77C
:103AE00041FF0D46044654EA05000CD0AF2000907B
:103AF000414B75A20021CDE902454DA007F080F8A9
:103B00002046294693E7307B70B1012870D0D2213E
:103B1000CDE90010384B79A2002145A007F070F8DC
:103B200040F20110002182E705984FF48074B0B193
:103B30000698F8B10599304688470D46044654EA80
:103B4000050022D0BF2000902B4B76A20021CDE9AA
:103B5000024537A007F054F82046294667E7B4200D
:103B60000090254B7AA2002131A007F049F82046A9
:103B700000215CE7B92000901F4B80A200212CA0FF
:103B800007F03EF82046002151E731787088C222C4
:103B9000CDE900210290184B834A032124A007F0AD
:103BA0002FF80699304688470D46044654EA05002A
:103BB0000CD0C8200090104B7CA20021CDE902451A
:103BC0001BA007F01DF82046294630E731787088A1
:103BD000CB22CDE900210290074B7F4A032114A09C
:103BE00007F00EF801203073002001461FE7FFE7C1
:103BF000002001461BE7000067F703085B25733AC6
:103C00002564292043616E277420676574207375CD
:103C100062736372697074696F6E206D6F64756C26
:103C20006520706172616D20636F6E666967000068
:103C3000737562005B25733A2564292041697263BC
:103C40007261667420646F6E277420737570706F74
:103C5000727420746869732076657273696F6E2060
:103C60006F6620737562736372697074696F6E003A
:103C70005B25733A256429205375627363726970FA
:103C800074696F6E207061636B616765206D616C34
:103C90006C6F63206661696C656400005B25733A34
:103CA00025642920637265617465206D757465787B
:103CB000206572726F722C20737461743A307825AB
:103CC00030386C6C580000005B25733A256429205D
:103CD00047657420737562736372697074696F6E7F
:103CE000206F7073206572726F722C207374617410
:103CF0003A30782530386C6C580000005B25733AF8
:103D0000256429207374617465206F662070756264
:103D10006C697368657220756E6B6E6F776E3A2092
:103D200025642E005B25733A256429207665726927
:103D30006679207075626C6973686572206572724D
:103D40006F723A2030782530386C6C582E000000A5
:103D50005B25733A2564292076657269667920703F
:103D600075626C69736865722066756E6374696FDD
:103D70006E206973206E756C6C2E00005B25733AA3
:103D8000256429207265736574207075626C69738F
:103D90006865722066756E6374696F6E2069732042
:103DA0006E756C6C2E0000003C8F04085B25733A26
:103DB000256429207265736574207075626C69735F
:103DC000686572206572726F723A203078253038DB
:103DD0006C6C582E00000000F88E0408F0B58FB00F
:103DE000164600200E90242105A8ECF7ECFA0024DA
:103DF00000270CF0C5FD054605A8FFF75BF9084351
:103E00000CD04FF4F2700090584B59A2002165A0DD
:103E100006F0F6FEEC2000210FB0F0BD9DF8140076
:103E200001280FD0022810D005280ED04FF4F770CB
:103E300000904E4B5CA200215AA006F0E1FEEC205F
:103E40000021E9E7FFF7CAFD01E0FFF7CBFD08B16C
:103E5000817813E040F2F3100090444B61A20021FE
:103E600050A006F0CDFEEC200021D5E7426804EB1F
:103E7000C40312F8232082B1641CE4B2A142F5D835
:103E80006FB1406804EBC40100EB810130780EAAE9
:103E9000FFF73CFC08432FD10DE00127F0E740F28B
:103EA000FF100090314B58A200213EA006F0A8FE62
:103EB000EC200021B0E70E98F0B16969006A8847EC
:103EC00050EA01020AD0CDE9020140F20E20009032
:103ED000264B5DA2002133A006F092FE0E98711CC5
:103EE00082894069ECF754FA0E9841690A68826148
:103EF0004968C16100241FE0307840F20721CDE914
:103F000000101A4B59A2012126A006F079FE0020CC
:103F1000014681E71069516930F814000144906846
:103F2000183250F8240000F0A5FB0E98806850F875
:103F3000240000F0C5F8641C0E9A1079A042E9DC58
:103F40000E98A969006A884750EA01020AD0CDE9B3
:103F500002014FF408700090044B4FA2002111A001
:103F600006F04EFE0020014656E70000B5F80308B3
:103F70005B25733A2564292043616E2774206765A9
:103F80007420737562736372697074696F6E206DEB
:103F90006F64756C6520706172616D20636F6E6611
:103FA00069670000737562005B25733A25642920F8
:103FB000416972637261667420646F6E2774207346
:103FC0007570706F7274207468697320766572738F
:103FD000696F6E206F6620737562736372697074A7
:103FE000696F6E005B25733A25642920476574204C
:103FF000696E76616C6964207075626C697368655E
:104000007220696E666F2E005B25733A2564292045
:104010004765742064617461206275742063616E09
:104020006E6F742066696E642074686520707562B6
:104030006C697368657220746F2068616E646C656A
:104040007220646174612E005B25733A2564292017
:104050006C6F636B206D75746578206572726F721A
:104060003A2030782530386C6C582E005B25733A36
:10407000256429207061636B616765206964282568
:1040800064292068617665206E6F74206265656EB4
:1040900020666F756E642E005B25733A25642920B7
:1040A000756E6C6F636B206D7574657820657272C8
:1040B0006F723A2030782530386C6C582E00000032
:1040C0002DE9FF5F8046002637460CF059FC8146FB
:1040D000DFF808A1D9F81410DAF800008847044680
:1040E0000D4654EA05000FD04FF4B57000903C4BDC
:1040F0003CA20021CDE9024544A006F081FD204606
:10410000294604B0BDE8F09F0025DFF804B133482C
:10411000001D00EB45142068404532D1217959B18A
:10412000002123696BB300205BF8302042450ED19B
:104130000BEBC00081880DE040F27111CDE9001059
:10414000274B34A2032131A006F05AFD19E0401C90
:104150002F28E9D381B304F11802A06898470646D6
:104160000F4656EA07000CD0CDE90267206840F2FE
:104170008B11CDE900101A4B314A002123A006F023
:104180003FFD6D1C2F2DC2D3D9F81810DAF80000AE
:1041900088470D46044654EA05001BD040F29510AE
:1041A00000900F4B27A20021CDE9024517A006F091
:1041B00027FD20462946A4E7FFE74FF4C170CDE96B
:1041C0000008074B2A4A002110A006F019FDEC2038
:1041D000002196E73046394693E70000103B002067
:1041E00092FB03085B25733A256429206D7574657D
:1041F00078206C6F636B206572726F722C20737401
:1042000061743A30782530386C6C580073756200F0
:10421000E8F803085B25733A25642920556E737509
:10422000627363726962656420546F706963205BB6
:104230003078253038585D20636F6D652E000000A2
:10424000808F04085B25733A256429206D75746599
:104250007820756E6C6F636B206572726F722C20A4
:10426000737461743A30782530386C6C58000000F3
:10427000F08F04082DE9FF4781464FF48076002730
:104280000CF07EFB8046DFF894A0D8F81410DAF822
:104290000000884704460D4654EA05000FD04FF44D
:1042A000A57000901E4B1FA20021CDE9024527A05A
:1042B00006F0A6FC2046294604B0BDE8F0870020A1
:1042C0001649091D01EB401212684A4508D101EB5D
:1042D000401000228281026102710026374602E00E
:1042E000401C2F28EED3D8F81810DAF800008847C1
:1042F0000D46044654EA05000DD04FF4AD70009011
:10430000074B13A20021CDE9024510A006F078FC6E
:1043100020462946D0E730463946CDE7103B0020FD
:1043200060FB03085B25733A256429206D7574656D
:1043300078206C6F636B206572726F722C207374BF
:1043400061743A30782530386C6C580073756200AF
:104350005B25733A256429206D7574657820756E28
:104360006C6F636B206572726F722C207374617452
:104370003A30782530386C6C580000002DE9FF5F2A
:1043800081468B464FF4807600270CF0F9FA804680
:10439000DFF888A0D8F81410DAF80000884704463F
:1043A0000D4654EA05000ED0BC2000901C4B1DA207
:1043B0000021CDE9024525A006F022FC2046294631
:1043C00004B0BDE8F09F0020214951F830204A4553
:1043D00007D101EBC00003C8CBE900010026374636
:1043E00002E0401C2F28F0D3D8F81810DAF80000AB
:1043F00088470D46044654EA05000CD0CA200090B8
:10440000074B14A20021CDE9024510A006F0F8FBED
:1044100020462946D4E730463946D1E7103B0020F4
:10442000B2FA03085B25733A256429206D7574651B
:1044300078206C6F636B206572726F722C207374BE
:1044400061743A30782530386C6C580073756200AE
:10445000E8F803085B25733A256429206D757465B7
:104460007820756E6C6F636B206572726F722C2092
:10447000737461743A30782530386C6C58000000E1
:104480002DE9FF4F85B0824698464FF4807600278D
:104490000CF076FA8146DFF8B4B0D9F81410DBF8E6
:1044A0000000884704460D4654EA05000ED0DD2082
:1044B0000090274B27A20021CDE902452FA006F04E
:1044C0009FFB2046294609B0BDE8F08F00241F4815
:1044D000001D00EB44152868504516D128790128A5
:1044E00002D002260E2713E0A96841B3DDE90602D7
:1044F000EBF74EFFB8F1000F05D0A869C8F800002F
:10450000E869C8F8040000263746641C2F2CDED367
:10451000D9F81810DBF8000088470D46044654EA25
:1045200005000FD0F6200090094B15A20021CDE91F
:10453000024512A006F064FB20462946C3E7EC269C
:104540000027E5E730463946BDE70000103B002074
:10455000D8FA03085B25733A256429206D757465C4
:1045600078206C6F636B206572726F722C2073748D
:1045700061743A30782530386C6C5800737562007D
:104580005B25733A256429206D7574657820756EF6
:104590006C6F636B206572726F722C207374617420
:1045A0003A30782530386C6C58000000F8B50CF0C3
:1045B000E7F906460024104D05EB4410017911B1CE
:1045C0000068FFF757FE641C2F2CF5D30A483169A9
:1045D000001F0068884708430AD0AC200090074BB2
:1045E00007A200210DA006F00BFBEC200021F8BD76
:1045F00000200146F8BD0000143B002088FA0308A3
:104600005B25733A256429206D757465782064658F
:104610007374726F79206572726F720073756200C5
:1046200008B50CF0ADF9C1680848884708430AD0BE
:1046300099200090064B07A200210DA006F0E0FA99
:10464000EC20002108BD0020014608BD103B0020E1
:1046500060FA03085B25733A256429206D7574653B
:104660007820637265617465206572726F720000F4
:10467000737562002DE9F74F84B0824691464FF47E
:10468000807600270CF07CF98046DFF8A0B0D8F8DF
:104690001410DBF80000884704460D4654EA050074
:1046A0000ED0F01D0090224B22A20021CDE9024540
:1046B0002AA006F0A5FA2046294607B0BDE8F08FEB
:1046C00000201A49091D01EB4012126852450FD112
:1046D00001EB4010059A8260B9F1000F05D0D9F8BE
:1046E00000108161D9F80410C1610026374602E04C
:1046F000401C2F28E7D3D8F81810DBF800008847B3
:104700000D46044654EA05000DD04FF48C7000901D
:10471000074B13A20021CDE9024510A006F070FA64
:1047200020462946C9E730463946C6E7103B0020F7
:1047300001FB03085B25733A256429206D757465B8
:1047400078206C6F636B206572726F722C207374AB
:1047500061743A30782530386C6C5800737562009B
:104760005B25733A256429206D7574657820756E14
:104770006C6F636B206572726F722C20737461743E
:104780003A30782530386C6C580000002DE9F74F2E
:1047900084B081468B464FF4807600270CF0F0F809
:1047A0008046DFF898A0D8F81410DAF8000088479F
:1047B00004460D4654EA05000FD04FF49570009062
:1047C0001F4B20A20021CDE9024528A006F018FACF
:1047D0002046294607B0BDE8F08F00201749091D83
:1047E00001EB401212684A450AD101EB4010A0F8D3
:1047F0000CB006990161012101710026374602E0E3
:10480000401C2F28ECD3D8F81810DAF8000088479D
:104810000D46044654EA05000DD04FF49D700090FB
:10482000074B13A20021CDE9024510A006F0E8F9DC
:1048300020462946CEE730463946CBE7103B0020DC
:104840002DFB03085B25733A256429206D7574657B
:1048500078206C6F636B206572726F722C2073749A
:1048600061743A30782530386C6C5800737562008A
:104870005B25733A256429206D7574657820756E03
:104880006C6F636B206572726F722C20737461742D
:104890003A30782530386C6C5800000030B58BB059
:1048A000242102A8EBF78FFD02A8FEF703FC0446C3
:1048B0000D462C430BD056200090264B26A20021FB
:1048C00032A006F09DF9EC2000210BB030BD9DF820
:1048D0000A0010B100200146F7E7049898B1049847
:1048E0008047406880470D46044654EA050015D0CD
:1048F00065200090174B26A2002124A006F080F925
:1049000020462946E1E75F200090124B29A20021B2
:104910001EA006F075F9EC200021D6E79DF81500E1
:10492000012813D108988047406880470D46044607
:1049300054EA05000AD06C200090064B26A2002104
:1049400012A006F05DF920462946BEE70020014688
:10495000BBE70000C69103085B25733A2564292054
:1049600043616E2774206765742073756273637288
:10497000697074696F6E206D6F64756C652070610D
:1049800072616D20636F6E66696700007375620007
:104990005B25733A256429204465696E6974207328
:1049A0007562736372697074696F6E206661696C99
:1049B00065642E005B25733A2564292047657420C1
:1049C000696E7465726E616C206F707320666169C8
:1049D0006C65642E000000005B25733A2564292075
:1049E0004465696E6974207365636F6E64207479C1
:1049F000706520737562736372697074696F6E207D
:104A00006661696C65642E002DE9F04387B000246F
:104A1000A046002A01D01E4E35E0E320002102F01E
:104A20008BFBB8B9E322002301A802F0C9FA01A860
:104A300004AB07C807C3DDE9042006994FF41B73D4
:104A4000CDE90032CDE90201124B13A2002116A0DC
:104A500006F0D6F8E320002107B0BDE8F08300237C
:104A6000474602EBC40550F824C056F83390CC45B5
:104A700005D106EBC30CDCF804C0C5E900C75B1C1C
:104A80002F2BF0D3641C8C42E9DB00200146E3E7C6
:104A900018050408000804085B25733A25642920DA
:104AA00025732573257300007375620030B58DB0D2
:104AB000242104A8EBF787FC04A8FEF7FBFA0446C0
:104AC0000D462C430BD02F200090304B30A20021FC
:104AD0003CA006F095F8EC2000210DB030BD9DF80B
:104AE000120010B100200146F7E7069800281DD0FB
:104AF0003C200090254B34A2032132A006F080F820
:104B000006988047006880470D46044654EA050031
:104B100017D03F2000901D4B33A20021CDE9024564
:104B200028A006F06DF820462946D6E738200090E8
:104B3000164B3CA2002123A006F062F8EC200021D5
:104B4000CBE79DF81D0001281DD1442000900F4B9C
:104B50003DA203211BA006F053F80A988047006885
:104B6000804704460D4654EA05000CD047200090CB
:104B7000064B40A20021CDE9024512A006F040F804
:104B800020462946A9E700200146A6E7AD91030883
:104B90005B25733A2564292043616E27742067657D
:104BA0007420737562736372697074696F6E206DBF
:104BB0006F64756C6520706172616D20636F6E66E5
:104BC00069670000737562005B25733A25642920CC
:104BD000496E6974206461746120737562736372D5
:104BE000697074696F6E2E005B25733A2564292005
:104BF000737562736372697074696F6E206F70731E
:104C000020696E6974206661696C65642C20726528
:104C10007475726E20636F64652030782530385863
:104C2000000000005B25733A256429204765742045
:104C3000696E7465726E616C206F70732066616955
:104C40006C65642E000000005B25733A2564292002
:104C5000496E6974207365636F6E64207479706542
:104C60002064617461207375627363726970746922
:104C70006F6E2E005B25733A256429207365636F80
:104C80006E6420737562736372697074696F6E20ED
:104C90006F707320696E6974206661696C65642C3D
:104CA0002072657475726E20636F6465203078259C
:104CB000303858002DE9FE4F81460D46144698467F
:104CC00029462246484600F055FA0646002E70D086
:104CD0002188A0784122CDE9002102904C4B4DA2C1
:104CE000032154A005F08CFF3746B144E91B221D77
:104CF000484600F0CDFB0646002E65D02089211DD8
:104D00004A22CDE900210290414B4CA2032149A047
:104D100005F076FF3744B14404F12202E91B9246C4
:104D2000484600F0ABF80646002E58D0E08C5421DF
:104D3000CDE9001A0290364B40A203213DA005F0B8
:104D40005FFF3744B14404F13302E91B9246484601
:104D500000F010FC0646002E4CD0B4F837005E215F
:104D6000CDE9001A02902A4B34A2032131A005F0AC
:104D700047FFB91909EB060004F14A02691A164601
:104D800000F042FA0546002D3FD0B4F84E006721EE
:104D9000CDE9001602901E4B28A2032125A005F0A4
:104DA0002FFFA8F800500020014603B0BDE8F08FA7
:104DB000FFE73D200090164B26A200211DA005F024
:104DC0001FFFFF200021F0E747200090104B21A299
:104DD000002118A005F014FFFF200021E5E7512075
:104DE00000900B4B1BA2002112A005F009FFFF2031
:104DF0000021DAE75B200090054B16A200210DA0F0
:104E000005F0FEFEFF200021CFE7FF200021CCE7C8
:104E100070E703085B25733A25642920636F6D6D85
:104E2000616E643A20256420616369746F6E3A2074
:104E30002564000061646170746572005B25733ADB
:104E400025642920696E666F3A2573206C656E3A79
:104E5000256400005B25733A256429207061727314
:104E6000652064657669636520696E666F20636F8F
:104E70006D6D616E64206572726F72002DE9FF4185
:104E80000746884615460BF07BFD044672A0006875
:104E9000039009220026B8F1090F0CD2C5208DE835
:104EA00005016E4B6EA2002179A005F0A9FE00203D
:104EB00004B0BDE8F08138789DF80C10884209D123
:104EC00078789DF80D10884204D1B8789DF80E10BE
:104ED00088420CD003A8CDE90107CC2100915F4B9B
:104EE0006DA200216AA005F08BFE0020E0E73946A4
:104EF0002846EBF74DFAE879297A0144A8798142EE
:104F00000BD0D422CDE900200291544B6FA2002196
:104F10005FA005F075FE0020CAE7C0EBC00101EB01
:104F20000010E16B884780465FEA080005D0E87909
:104F3000002160B1C5F809800BE0DC200090474BF0
:104F400070A2002152A005F05BFE0020B0E7C5F87A
:104F500009102A7A3AB1C0EBC00101EB00104044BD
:104F6000C5F80D0001E0C5F80D1007F1090428E0AF
:104F7000C6EBC60000EB06104044216801602179B1
:104F800001716279417962F30001417162795208DD
:104F900062F387014171D4F806100A34C0F8061094
:104FA0000279F2B1012A2DD0022A3CD04FF4877049
:104FB0008DE84500294B5CA2002135A005F020FEBC
:104FC000761CA879B042D3DCE41B4FF48A70CDE99B
:104FD0000004224B5FA203212DA005F011FE204604
:104FE00066E70B3014F8011B00F8011C2168016012
:104FF000A1888180D4F80610C0F8061061890C34AD
:105000004181DDE70B3014F8011B00F8011C216819
:10501000C0F80610A1884181D4F8061001606189AA
:105020000C348180CCE714F8011B827ACB0963F33E
:10503000000261F3071282722168C0F80B10A18888
:10504000A0F80F10D4F80610C0F8111061890C34C4
:10505000A0F81510B4E7000043484E00B3E703087A
:105060005B25733A2564292073697A65206973206A
:10507000746F6F2073686F72742E206578702025AE
:1050800075203E2061637475616C202575000000F9
:1050900061646170746572005B25733A2564292030
:1050A000696E666F2074797065206D69736D6174C7
:1050B00063682C206578702025347320213D2061A1
:1050C000637475616C202534730000005B25733AAE
:1050D000256429206368616E6E656C206E756D6253
:1050E0006572206D69736D617463682C20657870DA
:1050F00020256420213D2061637475616C20256446
:10510000000000005B25733A256429206461746106
:1051100020646573637320616C6C6F6361746520D8
:105120006572726F720000005B25733A2564292056
:10513000756E737570706F72742063686E6C207416
:105140007970653A2025642C206368616E6E656C09
:105150003A2069005B25733A2564292070617273D7
:105160006520257520627974652063686E6C5F69BF
:105170006E666F000EB502290DD2022040F2851234
:10518000CDE9002002910C4B0CA2002117A005F0E4
:1051900037FD00200EBD01881180408850804FF4FB
:1051A000C670CDE90001044B12A203210FA005F047
:1051B00027FD04200EBD000019E803085B25733AA3
:1051C0002564292073697A6520697320746F6F20C4
:1051D00073686F72742E20657870202575203E20CC
:1051E00061637475616C20257500000061646170F5
:1051F000746572005B25733A25642920636F6D6DB9
:10520000616E643A256400002DE9FF4781460C4633
:1052100016460BF0B5FB074664A00068039007250F
:105220004FF0000A072C0ED2CDE901544FF4A070C4
:1052300000905F4B5FA200216AA005F0E1FC002016
:1052400004B0BDE8F08799F800009DF80C10884282
:105250000BD199F801009DF80D10884205D199F8FD
:1052600002009DF80E1088420DD003A8CDE9010977
:1052700040F2471100914E4B5CA2002159A005F06D
:10528000BFFC0020DCE72A4649463046EBF780F8B1
:10529000B07900287CD0C0EB0010F96B4000884743
:1052A00004466CB1B079C0EB001041002046EBF72A
:1052B0008AF8C6F8074009F107004FF0000855E0EA
:1052C0004FF4A97000903A4B55A2002145A005F07B
:1052D00097FC0020B4E7D6F80710CAEB0A1201EBDE
:1052E000420401682160017921714179801D617159
:1052F0000168C4F806104168C4F80A10027AA17B5C
:1053000062F30001A173027A520862F34101A173B2
:10531000027A920862F38701A173D0F80910C4F8E9
:105320000F10417B0E30E1740546D1B1FA6B08468F
:105330009047606100282DD0E27C2946EBF728F8E1
:10534000E07C0544606940F26F11CDE900140290E1
:10535000174B3CA2002123A005F052FC396C606978
:10536000884728882083A81C08F10108B1794145A5
:10537000B1DCA0EB09054FF4BC70CDE900050C4B86
:105380003BA2032117A005F03BFC396C204688475F
:10539000284655E74FF4B5700090054B20A2002138
:1053A00010A005F02DFC00204AE700004441540005
:1053B000F8E703085B25733A2564292073697A6549
:1053C00020697320746F6F2073686F72742E20656C
:1053D0007870202564203E2061637475616C2025FF
:1053E0006400000061646170746572005B25733A4B
:1053F00025642920696E666F2074797065206D6957
:10540000736D617463682C20657870202534732077
:10541000213D2061637475616C20253473000000A8
:105420005B25733A25642920646174612064657387
:10543000637320616C6C6F63617465206572726F59
:10544000720000005B25733A256429206461746151
:105450005F696E666F20646573635F626173652068
:1054600025702063686E6C5F74797065202570000C
:105470005B25733A25642920706172736520257558
:10548000206279746520646174615F696E666F0083
:105490001FB513461AA2126803921E241E290CD2AD
:1054A000CDE90141A7200090164B17A2002122A0B0
:1054B00005F0A6FB002004B010BD01789DF80C207B
:1054C000914209D141789DF80D20914204D1817813
:1054D0009DF80E2091420CD003A9AE22CDE9002107
:1054E0000290084B16A2002113A005F089FB0020B2
:1054F000E1E7014622461846EAF74AFF2046DAE786
:105500004445560090E703085B25733A256429203B
:1055100073697A6520697320746F6F2073686F7286
:10552000742E20657870202575203E206163747587
:10553000616C202575000000616461707465720003
:105540005B25733A25642920696E666F2074797033
:1055500065206D69736D617463682C2065787020B7
:1055600025347320213D2061637475616C202534DE
:10557000730000001FB513461BA212680392172484
:1055800017290DD2CDE9014140F223100090174BAD
:1055900017A2002122A005F033FB002004B010BDAB
:1055A00001789DF80C20914209D141789DF80D2099
:1055B000914204D181789DF80E2091420DD003A92B
:1055C0004FF49572CDE900210290084B16A20021FC
:1055D00013A005F015FB0020E0E70146224618461F
:1055E000EAF7D6FE2046D9E748535400D7E7030828
:1055F0005B25733A2564292073697A6520697320D5
:10560000746F6F2073686F72742E20657870202518
:1056100075203E2061637475616C20257500000063
:1056200061646170746572005B25733A256429209A
:10563000696E666F2074797065206D69736D617431
:1056400063682C206578702025347320213D20610B
:10565000637475616C2025347300000010B5044636
:105660000BF08EF901466069096C884700200146FD
:1056700010BD00002DE9F043CDB0894690461F468D
:1056800046694FF4927104A8EAF79DFEB9F1000F44
:105690001DD00097B168A9F10D000A18D6E90001E4
:1056A000434601F0D5FA0D46044654EA050074D08D
:1056B000D12000904B4B4CA20021CDE9024557A0D0
:1056C00005F09EFA204629464DB0BDE8F0833068CB
:1056D0000178012901D0022914D1716801F01AFA68
:1056E00004460D4654EA05000CD0AA2000903D4B1C
:1056F0004DA20021CDE9024548A005F081FA2046DF
:105700002946E1E7D6E9000104AA01F0DBFA0446E4
:105710000D4654EA05000CD0B2200090314B4FA248
:105720000021CDE902453DA005F06AFA2046294650
:10573000CAE74598F060B8F10E0F0AD2B920009080
:10574000284B54A2002135A005F05AFAE32000218D
:10575000BAE70020386045990D3179607168B96009
:1057600038730D37009707CEA8F10D081FFA88F39C
:1057700001F06EFA0D46044654EA05002ED0C92009
:105780000090184B18A20021CDE9024523A005F096
:1057900037FA2046294697E7FFE730680178012964
:1057A00001D002291AD109EB0801F2680D399142A2
:1057B00014D1716801F0E2F90D46044654EA05007F
:1057C0000CD0DB200090074B3BA20021CDE9024525
:1057D00012A005F015FA2046294675E7002001467B
:1057E00072E70000CAF203085B25733A256429209A
:1057F000446F776E6C6F61642067657420646174B8
:1058000061206572726F722C2073746174203D2068
:1058100030782530386C6C5800000000646F776E6B
:105820006C6F6164657200005B25733A2564292002
:10583000446F776E6C6F61642066696C652063727B
:10584000657465206572726F722C207374617420A8
:105850003D2030782530386C6C5800005B25733A59
:1058600025642920446F776E6C6F61642066696CD3
:10587000652067657420696E666F206572726F724D
:105880002C2073746174203D2030782530386C6C86
:10589000580000005B25733A256429204765742071
:1058A0006669727374207061636B20646174612037
:1058B0006572726F720000005B25733A25642920BF
:1058C000446F776E6C6F61642066696C65206372EB
:1058D000656174652066696C65206572726F722CF3
:1058E0002073746174203D2030782530386C6C58FA
:1058F00000000000F0B5CDB00F4646694FF492713C
:1059000004A8EAF760FD30680178012901D0022976
:1059100015D1716801F0FEF80D46044654EA050001
:105920000DD08B200090154B15A20021CDE902452A
:1059300022A005F065F9204629464DB0F0BDD6E914
:10594000000104AA01F0BEF90D46044654EA050020
:105950000CD093200090094B1BA20021CDE90245F9
:1059600016A005F04DF920462946E6E74598B168AE
:10597000401A0D30386000200146DEE7A3F203082C
:105980005B25733A25642920446F776E6C6F6164E0
:105990002066696C65206372656174652066696C58
:1059A00065206572726F722C2073746174203D20C3
:1059B00030782530386C6C5800000000646F776ECA
:1059C0006C6F6164657200005B25733A2564292061
:1059D000446F776E6C6F61642066696C65206765E3
:1059E0007420696E666F206572726F722C207374FA
:1059F0006174203D2030782530386C6C58000000F0
:105A0000F0B587B006460C46A07901F0C7F9054607
:105A10000AF0B6FF0746E378E068A168A2799B091F
:105A2000CDE90232CDE904102068562120F0404033
:105A3000CDE900101F4B204A032120A005F0E0F81B
:105A4000A5B1284601F0E2F9E8B1F96B10208847CA
:105A50007061002822D0216821F04041416005603A
:105A6000A16881600020014607B0F0BDA0795F21E8
:105A7000CDE900100F4B14A2002110A005F0C0F8D2
:105A8000E3200021F0E7642000900A4B1AA20021D5
:105A90000AA005F0B5F8E3200021E5E76A200090B0
:105AA000044B1EA2002105A005F0AAF8E220002167
:105AB000DAE700008AF20308548E0408646F776EF8
:105AC0006C6F6164657200005B25733A2564292060
:105AD000446F776E6C6F61642066696C65206F62DD
:105AE0006A656374206973206E756C6C2C20747900
:105AF0007065203D202564005B25733A25642920CC
:105B0000446F776E6C6F61642066696C65206E6FA0
:105B1000742067656E657261746564005B25733A15
:105B2000256429204D616C6C6F63206572726F7201
:105B3000000000001FB50A4800F094FB50EA010283
:105B400009D0CDE9020148200090064B06A20021B1
:105B500014A005F055F8002004B0014610BD000067
:105B6000FC3900206DF203085B25733A2564292077
:105B7000526567697374657220646F776E6C6F61CC
:105B80006420646174612066696C65206572726F5F
:105B9000722C2073746174203D2030782530386C6D
:105BA0006C580000646F776E6C6F61646572000002
:105BB00070B505466E690AF0E3FE0446B068216CD4
:105BC0008847216C686988470020014670BD000045
:105BD0002DE9F04FCFB047694FF0000ACDF838A15A
:105BE0004FF4927105A8EAF7EEFBCDF810A00AF089
:105BF000C7FE83464EA9386800F0F6FF04460D46FE
:105C000054EA05000ED0A52000907A4B7AA200211C
:105C1000CDE9024584A004F0F3FF204629464FB0A9
:105C2000BDE8F08F0820786000260DF1140934E0FB
:105C3000B1B205AA386801F07BF804460D4654EA73
:105C400005000CD0B02000906A4B7AA20021CDE96B
:105C5000024575A004F0D4FF20462946DFE704A9D9
:105C600009F1040000F060F904460D4654EA05000D
:105C70000CD0B62000905F4B7BA20021CDE90245FD
:105C800069A004F0BDFF20462946C8E7BDF8100012
:105C90007968263008447860761CBDF83801864261
:105CA000C6DB7868BE21CDE90010524B7BA20321F0
:105CB0005DA004F0A5FFDBF83C1078688847B86069
:105CC00048B1BDF8381101607968416000F10806FB
:105CD0004FF0000887E0C2200090464B7AA20021D6
:105CE00051A004F08DFFC7F804A0E220002196E740
:105CF0001FFA88F105AA386801F01AF804460D4623
:105D000054EA05000AD0D02000903A4B49A2002165
:105D1000CDE9024544A004F073FF4AE047983060A3
:105D2000469870600598B060BDF83001B081BDF84C
:105D30003211B07B61F30500B073BDF83411F1731B
:105D400020F0C000B0739DF83601307404A909F149
:105D5000040000F0E9F804460D4654EA05000AD0B4
:105D6000DF200090234B40A20021CDE902452EA068
:105D700004F046FF1DE0BDF81000143070740D20D3
:105D8000B074BDF81000F0741436314609F1040007
:105D900000F0DCF904460D4654EA050012D0EE206E
:105DA0000090144B4EA20021CDE902451EA004F044
:105DB00027FFDBF84010B8688847C7F804A02046E2
:105DC00029462CE7BDF8100006440E2006F8010B0A
:105DD000102248A93046EAF7DBFA103686F800A010
:105DE000761C08F10108BDF83801804580DB0020F1
:105DF000014614E7FFF203085B25733A2564292066
:105E00004765742066696C6520636F756E742065E4
:105E100072726F722C2073746174203D203078256B
:105E200030386C6C58000000646F776E6C6F616482
:105E3000657200005B25733A2564292046696C650C
:105E4000206C6973742067657420696E666F2065C5
:105E500072726F72202C73746174203D203078252B
:105E600030386C6C580000005B25733A256429209B
:105E70004765742066696C65206E616D65206C6590
:105E80006E677468206572726F722C20737461740F
:105E9000203D2030782530386C6C58005B25733AF3
:105EA00025642920446F776E6C6F6164206461748F
:105EB00061206C6973742064617461206C656E6725
:105EC0007468203D202564005B25733A25642920F1
:105ED0004D616C6C6F63206572726F720000000020
:105EE0005B25733A256429205061746820746F2003
:105EF0006E616D65206572726F722C2073746174AF
:105F0000203D20256420000010B5406980680144D0
:105F10001846EAF73DFA0020014610BD4069406886
:105F2000086000200146704738B504460D46002C35
:105F300011D02046EAF770FAB0F5807F17D94FF4F8
:105F400089700090154B16A200211DA004F058FE88
:105F5000E320002138BD40F20D1000900F4B1BA232
:105F6000002117A004F04CFEE320002138BD20469C
:105F7000EAF752FA83B25A1E002A05DBA05C2F28EA
:105F800002D0521E002AF9DA002A03DB981A401EBA
:105F9000288000E02B800020014638BD20F3030854
:105FA0005B25733A2564292046696C65207061740D
:105FB00068206C656E677468206572726F7200008D
:105FC000646F776E6C6F6164657200005B25733A75
:105FD0002564292046696C652070617468206973A6
:105FE000206E756C6C0000002DE9FF4106460C46E2
:105FF0000AF0C6FC07460C20F96B88477061E0B1D7
:1060000000220260426082607569A07900F0C6FEDD
:10601000286000281ED000F0E5FD04460D4654EA35
:10602000050024D0682000901E4B1FA20021CDE95E
:1060300002452AA004F0E4FD2BE056200090194B05
:1060400029A2002125A004F0DBFDE220002104B0FC
:10605000BDE8F081A0796021CDE90010114B28A2A4
:1060600000211EA004F0CCFDE224002511E0304602
:10607000FFF7AEFD0D46044654EA05000FD06E2032
:106080000090084B2BA20021CDE9024513A004F09B
:10609000B7FD396C7069884720462946D7E700204C
:1060A0000146D4E7E6F203085B25733A256429200C
:1060B00046696C65206C6973742067656E657261F2
:1060C0007465206572726F722C2073746174203D48
:1060D0002030782530386C6C58000000646F776E83
:1060E0006C6F6164657200005B25733A256429203A
:1060F0004D616C6C6F63206572726F7200000000FE
:106100005B25733A2564292043616E2774206765F7
:106110007420646F776E6C6F61642066696C6520B3
:106120006F626A6563742C2074797065203D202548
:10613000640000005B25733A256429205374617460
:10614000203D2030782530386C6C58002DE9FC411A
:1061500007460E4601A93846FFF7E6FE04460D46FF
:1061600054EA05000CD04FF4977000900B4B0CA232
:10617000002114A004F044FD20462946BDE8FC811E
:106180003846EAF749F9BDF80420801AC1193046AB
:10619000EAF7FEF800200146F0E7000046F30308A6
:1061A0005B25733A256429204765742066696C6510
:1061B000206E616D65206C656E6774682065727213
:1061C0006F720000646F776E6C6F616465720000BF
:1061D000014800F047B8000044C301208168084727
:1061E00030B40469A44630BC6047C2681047000060
:1061F00008B500210B4B53F821202AB112788242B6
:1062000002D153F8210008BD491C0529F3DB4C20BD
:106210000090054B05A200210EA004F0F1FC002027
:1062200008BD0000E4BD012039E803085B25733A8E
:106230002564292043616E27742066696E6420649A
:106240006F776E6C6F61642064617461206F626A45
:1062500065637400646F776E6C6F616465720000D3
:106260004268104708B500210C4A52F821303BB172
:10627000491C0529F9DB052905D00020014608BD88
:1062800042F82100F7E75D200090054B05A20021B0
:1062900014A004F0B5FCFF20002108BDE4BD0120DE
:1062A00053E803085B25733A25642920446F776E11
:1062B0006C6F6164206461746120726567697374D6
:1062C0006572206F626A65637420636F756E7420F7
:1062D0006D6F7265207468616E20646566696E65B5
:1062E00000000000646F776E6C6F6164657200007F
:1062F0002DE9F04385B00AF043FB81460024049465
:106300000FF08EFC80460FF0EDFC0646002504A839
:10631000EEF7A0FC474F387800B39DF8100079786D
:10632000884209D19DF81100B978884204D1002033
:10633000014605B0BDE8F0833C70D9F84010F8681C
:106340008847B8680EF012FF084307D086200090F7
:10635000394B3AA2002142A004F052FC96B13468B5
:1063600020689DF810209DF8111009E0237A9342CF
:1063700004D1637A8B4201D104F10C050446006814
:10638000B442F3D11DB9B8F1000F00D04546D5B1E4
:1063900028780EF0FBFEB86000281FD029460EF0CA
:1063A0002BFF0D46044654EA050024D0A620009099
:1063B000214B2DA20021CDE9024529A004F020FCAB
:1063C00020462946B5E7992000901B4B33A20021B7
:1063D00023A004F015FCE3200021AAE728789F21E0
:1063E000CDE90010144B37A200211DA004F008FCD9
:1063F000E32000219DE700F09FF80D46044654EA93
:1064000005000CD0AC2000900B4B3DA20021CDE943
:10641000024513A004F0F4FB2046294689E79DF8C5
:10642000100078709DF81100B870012038700020BD
:1064300001467EE740380020239503085B25733A28
:1064400025642920446A6957696467657446696CE4
:10645000655F4465696E6974206572726F720000D1
:1064600077696467657400005B25733A25642920A9
:10647000446A6957696467657446696C655F496E0B
:106480006974206572726F722C2073746174203D80
:106490002030782530386C6C580000005B25733A4A
:1064A0002564292048617665206E6F7420736574B9
:1064B0002055492077696467657420636F6E66694B
:1064C000670000005B25733A25642920446A6957F8
:1064D000696467657446696C655F4765744F626A95
:1064E000656374206572726F722C20554920636F4A
:1064F0006E6669672074797065203D202564000010
:106500005B25733A2564292047656E657261746561
:106510002066696C6520696E666F206C69737420F3
:106520006572726F722C2073746174203D20307814
:106530002530386C6C5800002DE9F04F87B00AF018
:106540001FFA8246DFF8949104A9D9F808000EF0EA
:1065500011FE04460D4654EA05000FD04FF48D702D
:1065600000905F4B5FA20021CDE902456DA004F0D1
:1065700047FB2046294607B0BDE8F08F04A804F089
:10658000F2FA80B2A9F804004FF492714843DAF8A5
:106590003C108847C9F80C0030B10026049CD4F8A0
:1065A00000800DF1100B8EE040F2211000904C4B5A
:1065B0005EA200215BA004F023FBE2200021DAE7C9
:1065C00006EBC60000EB8617D9F80C0040F82760F0
:1065D000A068E9F721FF421CD9F80C00A16800EB84
:1065E0008700001DE9F7D4FED9F80C0000EB870105
:1065F00001F58272091DD9F808000EF0C5FD0446A8
:106600000D4654EA05000BD040F22D100090344B9B
:106610004CA20021CDE9024542A004F0F1FA1AE0B3
:10662000D9F80C0000EB870101F58472091DD9F837
:1066300008000EF0A1FD0D46044654EA050017D0EF
:106640004FF49A700090264B4DA20021CDE90245EF
:1066500034A004F0D5FADAF84010D9F80C008847D5
:1066600004A9D9F808000EF083FD2046294682E7E8
:10667000D9F80C0000EB870101F58672091DD9F8E5
:10668000080000F0F1F80D46044654EA05000DD06C
:1066900040F23B100090124B47A20021CDE9024589
:1066A00020A004F0ADFA2046294664E7D9F80C0092
:1066B000002100EB8700A0F81C1180F82211761C45
:1066C0004446D8F800805C457FF47AAF04A9D9F835
:1066D00008000EF04DFD002001464CE74038002038
:1066E0006B9503085B25733A25642920446A695732
:1066F000696467657446696C655F47656E6572615C
:10670000746546696C654C697374206572726F724A
:106710002C2073746174203D2030782530386C6CE7
:106720005800000077696467657400005B25733A60
:10673000256429204D616C6C6F63206572726F72E5
:10674000000000005B25733A25642920446A6946ED
:10675000696C655F47657446696C6553697A654223
:106760007950617468206572726F722C2073746145
:1067700074203D2030782530386C6C5800000000C3
:106780005B25733A25642920446A6946696C655F14
:1067900047657443726561746554696D65206572FF
:1067A000726F722C2073746174203D203078253014
:1067B000386C6C58000000005B25733A2564292072
:1067C0004765742066696C65204D4435206572729A
:1067D0006F722C2073746174203D2030782530381E
:1067E0006C6C580002488088088000200146704781
:1067F0004038002038B50498009001EBC10000EB50
:1068000081110448C468806804EB8101091D0EF001
:10681000B5FC38BD4038002010B5104601EBC1036F
:1068200003EB8111054B4FF49272DB6803EB81019E
:10683000E9F7AEFD0020014610BD00004038002001
:1068400010B5104601EBC10303EB8111054B4FF46A
:106850009272DB6803EB8101E9F79AFD00200146A3
:1068600010BD0000403800202DE9F047BEB08A4638
:10687000914680211DA8E9F7A6FD00201C90374F06
:106880001CAA5146B8680EF07FFC04460D4654EA37
:1068900005000ED0EE200090314B32A20021CDE950
:1068A00002453CA004F0ACF9204629463EB0BDE8C4
:1068B000F087002604A804F0D9FA0DF174081FE04F
:1068C000CDF80080802332465146B8680EF056FC61
:1068D0000D46044654EA05000CD0F8200090204BE9
:1068E0002EA20021CDE902452AA004F089F9204614
:1068F0002946DBE780221DA904A804F09DFE80360E
:106900001C98801B8028DBD81C98CDF80080801B49
:1069100083B232465146B8680EF030FC0D4604464C
:1069200054EA05000DD04FF4827000900C4B1BA26E
:106930000021CDE9024517A004F062F9204629465E
:10694000B4E71C981DA9821B04A804F075FE4946F3
:1069500004A804F033FA00200146A7E740380020DD
:106960004A9503085B25733A2564292067657420DE
:1069700066696C652073697A65206572726F722C26
:106980002073746174203D2030782530386C6C5849
:106990000000000077696467657400005B25733A46
:1069A000256429204765742066696C6520646174DC
:1069B00061206572726F722C2073746174203D20A7
:1069C00030782530386C6C580000000001480078A1
:1069D00070470000403800207FB5204800F040FAA2
:1069E00004460D4654EA05000DD05B2000901C4B78
:1069F0001CA20021CDE9024526A004F001F92046A1
:106A0000294604B070BD0EF075FB04460D4654EAED
:106A100005000CD061200090114B20A20021CDE98F
:106A200002451CA004F0ECF820462946E9E70EF0E8
:106A3000DDF904460D4654EA05000CD067200090AD
:106A4000074B25A20021CDE9024512A004F0D8F899
:106A500020462946D5E700200146D2E750380020DD
:106A6000049503085B25733A2564292046696C6503
:106A7000206C697374206D65646961206572726F42
:106A800072202C73746174203D2030782530386C6E
:106A90006C58000077696467657400005B25733A81
:106AA000256429205265676973746572206E6F7260
:106AB0006D616C207769646765742066696C652018
:106AC0006572726F722C2073746174203D2030786F
:106AD0002530386C6C5800005B25733A25642920FA
:106AE000526567697374657220617272617920778B
:106AF00069646765742066696C65206572726F727F
:106B00002C2073746174203D2030782530386C6CF3
:106B10005800000038B504460D46204600F076F9CE
:106B200030B1E26901B029462046BDE83040104747
:106B30006B200090044B05A200210DA004F060F82A
:106B4000E320002138BD000012E903085B25733AF9
:106B500025642920446F776E6C6F61642066696CD0
:106B600065206E6F742067656E6572617465640080
:106B7000646F776E6C6F61646572000038B50446AF
:106B80000D46204600F042F930B1226A01B0294694
:106B90002046BDE83040104776200090044B05A207
:106BA00000210DA004F02CF8E320002138BD0000E6
:106BB0002DE903085B25733A25642920446F776E1D
:106BC0006C6F61642066696C65206E6F7420676508
:106BD0006E65726174656400646F776E6C6F61647A
:106BE000657200004168084738B504460D462046E6
:106BF00000F00CF930B1E26801B029462046BDE84A
:106C0000304010473E200090044B05A200210DA00B
:106C100003F0F6FFE320002138BD000096E80308EA
:106C20005B25733A25642920446F776E6C6F61642D
:106C30002066696C65206E6F742067656E65726191
:106C400074656400646F776E6C6F616465720000D8
:106C50002DE9F8430546089C0E46174698462846F7
:106C600000F0D4F840B10094AC6943463A4631464E
:106C70002846A047BDE8F88360200090044B05A299
:106C800000210DA003F0BCFFE3200021F2E700008B
:106C9000F6E803085B25733A25642920446F776E74
:106CA0006C6F61642066696C65206E6F7420676527
:106CB0006E65726174656400646F776E6C6F616499
:106CC00065720000F8B504460D461646204600F0F1
:106CD0009DF838B1636901B0324629462046BDE8C7
:106CE000F040184754200090044B05A200210DA04D
:106CF00003F086FFE3200021F8BD0000DAE8030876
:106D00005B25733A25642920446F776E6C6F61644C
:106D10002066696C65206E6F742067656E657261B0
:106D200074656400646F776E6C6F616465720000F7
:106D3000F8B504460D461646204600F067F838B10F
:106D4000236901B0324629462046BDE8F040184785
:106D500049200090044B05A200210DA003F050FF34
:106D6000E3200021F8BD0000B3E803085B25733A77
:106D700025642920446F776E6C6F61642066696CAE
:106D800065206E6F742067656E657261746564005E
:106D9000646F776E6C6F61646572000008B50021E6
:106DA0000B4B53F821202AB11278824202D153F8BA
:106DB000210008BD491C0529F3DB89200090054B03
:106DC00005A200210EA003F01BFF002008BD00005B
:106DD0008CF5012049E903085B25733A25642920D5
:106DE00043616E27742066696E6420646F776E6CF1
:106DF0006F61642064617461206F626A656374000E
:106E0000646F776E6C6F61646572000008B500286E
:106E100004D0816801B05DF804EB0847342000908D
:106E2000034B04A201210BA003F0EAFE002008BDE1
:106E300072E803085B25733A25642920446F776E56
:106E40006C6F616446696C654F626A206973206E7D
:106E5000756C6C00646F776E6C6F616465720000B6
:106E600008B500210C4A52F821303BB1491C0529D4
:106E7000F9DB052905D00020014608BD42F82100B4
:106E8000F7E79A200090054B05A2002114A003F01B
:106E9000B7FEFF20002108BD8CF5012063E903083F
:106EA0005B25733A25642920446F776E6C6F6164AB
:106EB0002064617461207265676973746572206F04
:106EC000626A65637420636F756E74206D6F72659E
:106ED000207468616E20646566696E65000000005C
:106EE000646F776E6C6F6164657200007FB5FFF749
:106EF0006FF904460D4654EA05000DD03520009088
:106F0000114B12A20021CDE902451DA003F078FE2D
:106F10002046294604B070BDFEF70CFE0D4604461F
:106F200054EA05000CD03B200090074B17A200212B
:106F3000CDE9024512A003F063FE20462946E9E7A9
:106F400000200146E6E7000082E903085B25733A6A
:106F500025642920526567697374657220646174C1
:106F600061206C697374206572726F722C20737467
:106F70006174203D2030782530386C6C580000005A
:106F8000646F776E6C6F6164657200005B25733AA5
:106F90002564292052656769737465722064617481
:106FA000612066696C65206572726F722C20737443
:106FB0006174203D2030782530386C6C580000001A
:106FC00070B588B0064614461D4600200790049010
:106FD0000590069007AA2046294600F0B3F800F075
:106FE000ABF868B107998868A8B10490C868002810
:106FF00028D015490968059100D1144806901CE075
:107000004FF055000090124B12A24FF000011AA051
:1070100003F0F6FD07E05A2000900D4B18A2002166
:1070200015A003F0EDFD66200090094B1DA2002184
:10703000CDE9024510A003F0E3FD04A807C807C688
:1070400008B070BD0149D6E7C0C101208898030887
:10705000CEAE03085B25733A25642920536561721F
:107060006368206572726F72206F626A6563742054
:107070006661696C65642E006572726E6F00000057
:107080005B25733A256429204572726F722064650E
:10709000736372697074696F6E206973206E756CAA
:1070A0006C2E00005B25733A256429205072696EAE
:1070B00074206572726F72206D65737361676520ED
:1070C0006661696C65642C206572726F7220636FF3
:1070D00064652069732030782530386C6C582E0038
:1070E000F8B500200F4A4FF4B17602EB001130C919
:1070F000411C02EB0111D1E90031E31A8D410AD3A1
:107100003D200090084B094A002109A003F078FDBA
:10711000EC200021F8BD401CB042E6D3002001461F
:10712000F8BD000090980308C0AE03088C6E0408F8
:107130006572726E6F000000084301D00020704736
:10714000012070472DE9F84300264FF4B177002A5B
:1071500002D0DFF85CC01EE07B200090154B16A229
:10716000002120A003F04CFDE3200021BDE8F883BE
:10717000F31903EBD3735D100CEB051418CCB3EBD0
:10718000000874EB010801D26E1C04E0C31A71EB15
:10719000040306D26F1EBE42EADD4FF48070002168
:1071A000E4E70CEB0510106000200146DEE700006C
:1071B00090980308EBAE03085B25733A25642920F9
:1071C000506F696E74657220746F206572726F7291
:1071D000206F626A656374206973206E756C6C2E13
:1071E000000000006572726E6F000000002802D07F
:1071F000FF20002170470020014670477FB53221F3
:107200002248F4F763F80620F4F7C2F8204E3078ED
:1072100018B10020014604B070BDF0F727F904460C
:107220000D4654EA050002D020462946F3E71848E7
:10723000801CEDF7B3FC0D46044654EA05000CD063
:1072400041200090114B13A20021CDE902451DA061
:1072500003F0D6FC20462946DDE7FDF727FC0D4666
:10726000044654EA05000CD047200090074B16A2B4
:107270000021CDE9024513A003F0C2FC20462946B7
:10728000C9E70120307000200146C4E7F279030805
:107290009AC001205B25733A256429204765742034
:1072A0006261736520696E666F206661696C6564F2
:1072B0002C206572726F723A2030782530386C6CF1
:1072C000582E0000737562005B25733A25642920EF
:1072D000496E6974206461746120737562736372AE
:1072E000697074696F6E206661696C65642C2065D5
:1072F00072726F723A2030782530386C6C582E00DC
:107300002DE9F041074609F03BFB06463C6825683D
:1073100008E0A06808B1316C8847316C2046884786
:107320002C462D68BC42F4D1BDE8F0817FB50546FE
:107330000E461446204603F01FFC224631462846DE
:1073400000F032F804460D4654EA05000DD03C200A
:107350000090074B07A20021CDE9024510A003F0E1
:107360004FFC2046294604B070BD00200146FAE7D4
:1073700025AF03085B25733A2564292053656172A4
:1073800063682066696C65206572726F722C207369
:10739000746174203D2030782530386C6C580000C2
:1073A0007574696C730000002DE9F74FADF50A7D27
:1073B00082468B460024254609F0E2FA06464FF441
:1073C000067102A8E8F7FFFFBBF1000F0ED009F02D
:1073D00081FA0746380017D0BA6988A958469047FD
:1073E000889800281BD007A8899099E05E2000901B
:1073F000514B52A2002159A003F002FCE3200021CE
:107400000DF50D7DBDE8F08F642000904A4B55A22C
:1074100000215DA003F0F4FBE0200021F0E76A20EA
:107420000090454B45A200214CA003F0E9FBE3206E
:107430000021E5E757A18998E8F7F5FF00286FD00C
:107440005846E8F7E9FF80468998E8F7E5FF4044A9
:10745000F16B801C884781465FEA09001AD05A46C2
:107460004DA1899B15F02AF89DF81C02012838D0FF
:10747000F16B0C20884780465FEA080015D048462B
:107480000CF096FBC8F80800E8B140468C9903F070
:1074900063FB42E072200090274B41A200212FA005
:1074A00003F0AEFBE224002540E07C200090224B5C
:1074B00041A2002129A003F0A3FBE3240025316CA5
:1074C0004846884732E0842000901B4B3AA20021B6
:1074D00022A003F095FBE3240025316C4846884741
:1074E00024E0BAF1010F18D1494650468C9AFFF7B3
:1074F0005BFF0D46044654EA05000ED08F20CDE90F
:1075000000090D4B32A2002114A003F079FBE32403
:107510000025316C4846884708E0316C484688476A
:107520003A6A02A988989047084383D0F9698898F5
:1075300088472046294663E746AF03085B25733A30
:1075400025642920496E7075742064697220636116
:107550006E2774206265204E554C4C007574696C22
:10756000730000005B25733A256429204E6F742058
:10757000737570706F72742066696C6520737973AF
:1075800074656D2E00000000646F776E6C6F61642F
:10759000657200002E00000025732F257300000087
:1075A0005B25733A256429206D616C6C6F632065DF
:1075B00072726F72000000005B25733A2564292007
:1075C0004D616C6C6F63206572726F720000000019
:1075D0005B25733A256429205365617263682066D0
:1075E000696C65206572726F722C207061746820FE
:1075F0003D2025640000000070B5ADF5067D06460F
:107600000C4609F067F905464FF406716846E8F73D
:10761000DAFE55B12A6B694630469047084307D0D9
:10762000EC2000210DF5067D70BDE0200021F9E77A
:10763000BDF80400E17860F34701E1709DF80610A1
:10764000608861F3481060809DF80710A07861F3AE
:107650000400A0709DF80810607861F3C7006070A6
:107660009DF80910208861F34A1020809DF80A00D7
:107670004108207861F30400207000200146D1E722
:107680002DE9FC4782468946164698460A9F09F02E
:1076900021F9044601AA256815A15046A84701987A
:1076A00038B1226949469047084306D0EC240025AA
:1076B00017E0E3200021BDE8FC87E4686B46324612
:1076C00041460198A04704460D4654EA050002D100
:1076D0000098B04202D9EC24002502E03880002452
:1076E000254601984FF0FF3020462946E3E7000089
:1076F00072622B0070B5ADF5067D06460D4609F0A9
:10770000E9F804464FF406716846E8F75CFE54B1A8
:10771000226B694630469047084307D0EC20002191
:107720000DF5067D70BDE0200021F9E70098286086
:1077300000200146F4E7000008B500281ED090EDB7
:10774000130AF8EE400A90ED000A60EE800AFDEEA2
:10775000E00A10EE901A01610023C364D0ED140A10
:10776000F8EE600A20EE800ABDEEC00A10EE102A84
:107770004261036591420DDD01210CE040F2CF2012
:107780000090074B07A200210EA003F039FAE32076
:10779000002108BD002180F854100020014608BDDA
:1077A000A9B003085B25733A25642920696E7075BA
:1077B0007420706F696E746572206973206E756CC9
:1077C0006C2E00007574696C730000002DE9F04F99
:1077D0008DB0814609F0D4F8834600263746002054
:1077E0000B900890079006900590B9F1000F17D004
:1077F000DBF81410D9F8400088470D46044654EAD7
:10780000050019D040F225200090C74BC7A20021E7
:10781000CDA003F0F5F9204629460DB0BDE8F08F64
:1078200040F21F200090C04BC9A20021C6A003F067
:10783000E7F9E3200021F0E709F120000BA90C9003
:10784000EFF793FF0D46044654EA05000DD040F2D1
:107850002B200090B44BC6A20021CDE90245BAA06E
:1078600003F0CEF926462F4644E1D9F824000B99BF
:10787000401A3CE1DBF83C100420884782465FEA6E
:107880000A0018D007AB042251460C98EFF738FFD6
:1078900004460D4654EA050019D040F23E200090FF
:1078A000A14BC0A20021CDE90245A7A003F0A8F991
:1078B00026462F46FCE040F2352000909A4BC7A2A6
:1078C0000021A1A003F09CF9E226002712E107980D
:1078D00004280DD0042140F24322CDE9002102907A
:1078E000914BCB4A002198A003F08AF9EC2600279F
:1078F000DAF80000D9F8241088420BD940F24A2166
:10790000CDE90010884BC3A200218FA003F078F9C5
:10791000EC260027002004900990DAF80080DBF8BC
:10792000401050468847DBF83C1008F104008847B7
:107930008246BAF1000F19D007AB42460AF10401A2
:107940000C98EFF7DDFE04460D4654EA050019D009
:1079500040F25F200090744B92A20021CDE90245D5
:1079600079A003F04DF926462F46A1E040F25720BA
:1079700000906D4BB5A2002173A003F041F9E226FF
:107980000027B7E0079840456BD04FF41971CDE957
:1079900000180290644B9E4A00216BA003F030F95E
:1079A000EC2600275DE0B9F84800404500D9404684
:1079B00080B20A9008AA48460A9901F003F80446E2
:1079C0000D4654EA05000DD040F26F200090564B52
:1079D000A9A20021CDE902455BA003F011F92646DA
:1079E0002F4641E09DF82000D0B10998D9F84430E5
:1079F0005044001D06AA0A9998470D46044654EAC9
:107A0000050010D04FF41F700090474BA6A2002134
:107A1000CDE902454CA003F0F3F826462F4620E0BE
:107A20000120049020E0BDF818000A9988420ED089
:107A30000A9940F27F22CDE9002102903A4BA74AF1
:107A4000002141A003F0DCF8EC26002709E0D9F87A
:107A500050100144C9F85010099901440991A8EB4C
:107A60000008B8F1000F9ED1049808B300200090E0
:107A7000099805AB0AEB0001091D4246484600F093
:107A8000E1FF0D46044654EA05000CD04FF4247083
:107A90000090254B92A20021CDE902452AA003F0D7
:107AA000AFF826462F46DBF840105046884721E0C5
:107AB000DBF84010504688470BA90C98EFF755FEAD
:107AC0000D46044654EA05000DD040F29D2000907A
:107AD000154B27A20021CDE902451BA003F090F829
:107AE00026462F4606E0D9F824000B99401A0028B4
:107AF0007FF4C0AEDBF81810D9F8400088470D4677
:107B0000044654EA05000BD04FF42A700090064B4F
:107B100081A200210CA003F073F8204629467CE6E0
:107B20003046394679E6000069B003085B25733AB0
:107B3000256429206D75746578206C6F636B2065F2
:107B400072726F72000000007574696C730000003F
:107B50005B25733A25642920696E70757420706FF7
:107B6000696E746572206973206E756C6C2E0000EE
:107B70005B25733A2564292067657420756E7573DB
:107B800065642073697A65206F6620627566666534
:107B900072206572726F723A2030782530386C6CC2
:107BA000582E00005B25733A2564292067657420F0
:107BB000646174612066726F6D2066726F6E7420EE
:107BC0006F6620627566666572206572726F723AC2
:107BD0002030782530386C6C582E00005B25733AC5
:107BE0002564292073697A65206F66206461746159
:107BF00020626C6F636B20696E20627566666572C9
:107C0000206D616C6C6F63206572726F722E000064
:107C1000348304085B25733A2564292073697A65E7
:107C2000206F66206461746120626C6F636B2069F1
:107C30006E20627566666572206572726F722C20A6
:107C400073697A652069732025642E005B25733A79
:107C5000256429206461746120626C6F636B206904
:107C60006E20627566666572206D616C6C6F632054
:107C70006572726F722E00005B25733A25642920AD
:107C800074727920746F20636F6E73756D652074E4
:107C90006F6B656E206572726F723A203078253096
:107CA000386C6C582E0000005B25733A256429203F
:107CB00073656E6420686F6F6B2066756E637469A0
:107CC0006F6E2065786563757465206572726F727A
:107CD0003A2030782530386C6C582E00D082040859
:107CE0005B25733A25642920707574206461746182
:107CF00020746F2066726F6E74206F6620627566E6
:107D0000666572206572726F723A2030782530385D
:107D10006C6C582E000000005B25733A2564292006
:107D20006D7574657820756E6C6F636B206572720B
:107D30006F72000008B500281CD090ED030A90ED8A
:107D4000001AF8EEC00A80EE810AD0ED020A60EE59
:107D5000800AFDEEE00A10EE901ABDEEC00A4368FC
:107D600010EE102A1A4442608A4200DD4160002071
:107D7000014608BD4FF4FF700090044B04A200219F
:107D80000BA002F03DFFE320002108BD4CB003082A
:107D90005B25733A25642920696E70757420706FB5
:107DA000696E746572206973206E756C6C2E0000AC
:107DB0007574696C730000002DE9FF4707460026C3
:107DC000B14608F0DDFD8046D7B1DFF848A1D8F80C
:107DD0001410DAF8040088470D46044654EA0500FA
:107DE00019D0E72000904C4B4CA20021CDE9024570
:107DF00052A002F005FF2046294604B0BDE8F087F6
:107E0000E1200090444B4FA200214CA002F0F8FE6C
:107E1000E3200021F1E7534850F82610B94205D17C
:107E2000002140F826104FF0010902E0761C0A2ECE
:107E3000F2DBD8F81810DAF80400884704460D463B
:107E400054EA05000CD0F5200090334B46A20021E7
:107E5000CDE9024539A002F0D3FE20462946CCE701
:107E60004FF48076B9F1000F12D0D8F81010B86D29
:107E7000884704460D4654EA050014D0264B42A21A
:107E800000212EA0009602F0BBFE20462946B4E752
:107E9000FA200090204B43A2012128A002F0B0FE5E
:107EA00030460021A9E7D8F81010386C88470D46F5
:107EB000044654EA05000BD04FF483700090164B33
:107EC00031A200211DA002F09BFE2046294694E726
:107ED00007F12000EFF703FC0D46044654EA0500C5
:107EE0000DD04FF4867000900B4B3BA20021CDE9E2
:107EF000024512A002F084FE204629467DE7D8F80C
:107F00004010B869884760213846E8F75CFA0020DD
:107F1000014672E7C4C10120BBAF03085B25733A79
:107F2000256429206C6F636B206D757465782065FE
:107F300072726F723A2025642E0000007574696CAD
:107F4000730000005B25733A25642920696E707503
:107F50007420706F696E746572206973206E756C21
:107F60006C2E00006CA901205B25733A2564292042
:107F7000756E6C6F636B206D7574657820657272B9
:107F80006F723A2025642E005B25733A2564292000
:107F90006D757465782064657374726F792065728D
:107FA000726F72005B25733A25642920666C6F77C7
:107FB00020636F6E74726F6C6C65722068616E64A2
:107FC0006C6572206973206E6F74206265656E2027
:107FD000666F756E642E00005B25733A2564292058
:107FE0006465696E69742062756666657220657283
:107FF000726F723A2030782530386C6C582E000041
:108000000FB42DE9FF4706464FF004084FF0000972
:1080100008F0B6FC07467EB360213046E8F7D3F996
:10802000F96B10988847B061002831D09DED0D0A9A
:1080300086ED000A9DED0E0A86ED020A0F99F160A9
:1080400011997164BDF84810A6F84810014606F170
:108050002000109AEFF797FB04460D4654EA0500FE
:1080600021D0962000905D4B5DA20021CDE9024514
:1080700065A002F0C5FD82E0FFE781200090574B2C
:1080800063A2002160A002F0BBFDE324002576E09E
:108090008A200090514B66A200215BA002F0B0FD47
:1080A000E22400256BE0F96806F1400088470D46A0
:1080B000044654EA050008D09D200090474B68A272
:1080C000002151A002F09CFD59E0F96806F158002A
:1080D00088470D46044654EA050008D0A4200090C5
:1080E0003E4B5FA2002148A002F08AFD47E0DFF886
:1080F0008CA17969DAF80400884704460D4654EAF1
:1081000005000AD0AB200090344B5DA20021CDE9E0
:1081100002453DA002F074FD31E00020604951F8B5
:108120002020B2B1401C0A28F9DBB969DAF8040052
:1081300088470D46044654EA05000FD0BA20009047
:10814000264B58A20021CDE902452FA002F058FD90
:1081500015E041F820604FF00109E6E7B9F1000FA2
:1081600002D04FF4FA7425E0C02000901B4B55A2BA
:10817000002125A002F044FD40F201140025304604
:10818000FFF71AFE084307D0D3200090134B59A2E3
:1081900000211DA002F034FD2046294604B0BDE8B0
:1081A000F0075DF814FB706838B9B9682046884755
:1081B000A8F10108B8F1000FF5DCB8F1040F02D006
:1081C00000200146EAE7CB200090044B55A2002195
:1081D0000DA002F015FDE1200021DFE79DAF0308AF
:1081E0005B25733A25642920696E6974206275667F
:1081F000666572206572726F723A20307825303869
:108200006C6C582E000000007574696C73000000DF
:108210005B25733A25642920696E70757420706F30
:10822000696E746572206973206E756C6C2E000027
:108230005B25733A25642920666C6F7720636F6E27
:1082400074726F6C6C657220627566666572206D03
:10825000616C6C6F63206572726F722E000000009B
:108260005B25733A256429206D75746578206372E7
:1082700065617465206572726F720000C4C101206F
:108280005B25733A256429206C6F636B206D7574D0
:108290006578206572726F723A2025642E000000A6
:1082A0006CA901205B25733A25642920756E6C6FDB
:1082B000636B206D75746578206572726F723A20F9
:1082C00025642E005B25733A25642920636F756E43
:1082D00074206F6620666C6F7720636F6E74726FA8
:1082E0006C6C657273207265616368206C696D697E
:1082F000742E00005B25733A25642920666C6F7725
:1083000020636F6E74726F6C6C6572732068616E3F
:10831000646C6572206465696E6974206572726F41
:10832000722E00005B25733A2564292077616974F9
:1083300020746F6B656E20666C7573682074696D50
:10834000656F75742E0000007FB508F019FBC168D9
:108350001948884704460D4654EA05000DD05220BE
:108360000090164B16A20021CDE902451CA002F098
:1083700047FC2046294604B070BD20481AA1816000
:108380001F49C160F2F700F81C490EF0B3FF0D461B
:10839000044654EA05000CD05B200090074B19A25C
:1083A0000021CDE902450EA002F02AFC2046294614
:1083B000E1E700200146DEE7C8C1012061AF030804
:1083C0005B25733A25642920637265617465206DAD
:1083D00075746578206572726F723A2025642E007C
:1083E0007574696C73000000666C6F77436F6E7410
:1083F000726F6C6C65725461736B000054A901203C
:10840000658701085B25733A25642920666C6F77C0
:1084100020636F6E74726F6C6C6572207461736B25
:1084200020637265617465206572726F723A30788C
:108430002530386C6C5800002DE9F74F88B0804625
:10844000914608F09DFA07904FF0000B002006902F
:1084500005900490B8F1000F1AD00998002823D095
:108460000799D8F85800496988470F46064656EAE2
:10847000070025D04FF4A57000906F4B6FA200212C
:1084800075A002F0BDFB304639460BB0BDE8F08F59
:1084900040F23F100090684B71A200216EA002F0E4
:1084A000AFFBE3200021F0E74FF4A2700090624B95
:1084B00073A2002168A002F0A3FBE3200021E4E7FF
:1084C000D8F84C004844C8F84C000799D8F8400048
:1084D000496988470F46064656EA07007BD04FF4A5
:1084E000A9700090544B55A200215BA002F088FBBC
:1084F00089E0B8F848A0CA4500D9CA4604AA51463E
:10850000404600F05FFA0D46044654EA05000DD0DF
:108510004FF4AE700090484B64A20021CDE90245B3
:108520004DA002F06DFB26462F4657E09DF8100047
:10853000D0B10998D8F844301FFA8AF1584405AAF6
:1085400098470D46044654EA05002AD040F26F10C1
:108550000090394B61A20021CDE902453EA002F016
:108560004FFB26462F4636E001200090099806ABC7
:1085700000EB0B014A46404600F064FA04460D4603
:1085800054EA05002AD04FF4B37000902A4B60A241
:108590000021CDE9024530A002F032FB26462F46ED
:1085A0001CE0BDF8140050450DD04FF4B971CDE971
:1085B000001A0290204B634A002127A002F020FB02
:1085C000EC26002707E0D8F850100144C8F85010F6
:1085D0008344A9EB0009B9F1000F8AD10799D8F8B3
:1085E0004000896988470D46044654EA05000AD0D0
:1085F00040F27F100090104B53A2002116A002F011
:10860000FFFA26462F460799D8F858008969884707
:108610000D46044654EA05000AD040F28710009047
:10862000054B49A200210CA002F0EAFA26462F468B
:108630003046394629E70000FFAF03085B25733A4F
:10864000256429206D75746578206C6F636B2065D7
:1086500072726F72000000007574696C7300000024
:108660005B25733A25642920696E70757420706FDC
:10867000696E746572206973206E756C6C2E0000D3
:108680005B25733A25642920706F696E74657220CA
:10869000746F206461746120746F2062652073655B
:1086A0006E74206973206E756C6C2E005B25733AB6
:1086B0002564292074727920746F20636F6E73753E
:1086C0006D6520746F6B656E206572726F723A20F3
:1086D00030782530386C6C582E0000005B25733ADA
:1086E0002564292073656E6420686F6F6B20667542
:1086F0006E6374696F6E2065786563757465206557
:1087000072726F723A2030782530386C6C582E00B7
:108710005B25733A2564292074727920746F207068
:108720007574206461746120746F2062756666657B
:1087300072206572726F723A2030782530386C6C16
:10874000582E0000D08204085B25733A2564292046
:108750006D7574657820756E6C6F636B20657272D1
:108760006F7200002DE9FF41002408F009F9054669
:10877000F1F7FEFD0A21B0FBF1F1514E3068421CC9
:108780003260B0FBF1F201FB120000287ED14D4FA8
:1087900069697068884750EA01020BD0CDE902018F
:1087A0004FF4E0700090484B48A200214FA002F027
:1087B00027FA7CE057F82400002865D090ED000AE5
:1087C000F2EE040AB26880EE801ABCEEC10A10EE26
:1087D000101AB2FBF1F301FB1321002954D169698E
:1087E000806D8847084309D040F2CB100090364B8B
:1087F00040A200213DA002F003FA45E057F8240012
:10880000FFF798FA50EA01020AD0CDE9020140F2DE
:10881000D11000902C4B3EA2002134A002F0F0F9C0
:1088200057F82400FEF7D2FF50EA01020AD0CDE942
:1088300002014FF4EB700090234B43A200212BA0C8
:1088400002F0DEF957F82400FEF776FF50EA010245
:108850000AD0CDE9020140F2DB1000901A4B494AE0
:10886000002122A002F0CCF957F82400A969806DFC
:108870008847084308D040F2E1100090124B42A212
:1088800000211AA002F0BCF9A96900E016E07068A6
:10889000884750EA01020AD0CDE9020140F2E9100E
:1088A0000090094B3FA2002110A002F0A9F9641C1E
:1088B0000A2CFFF66DAFB068401CB060BDE8FF81C8
:1088C000C4C101206CA9012035B003085B25733AAF
:1088D000256429206C6F636B206D75746578206545
:1088E00072726F723A2025642E0000007574696CF4
:1088F000730000005B25733A256429206D7574654B
:1089000078206C6F636B206572726F7200000000DC
:108910005B25733A25642920666C75736820746F33
:108920006B656E206F6620666C6F7720636F6E7468
:10893000726F6C6C6572206572726F723A2030785B
:108940002530386C6C582E005B25733A256429203D
:10895000636C65617220627566666572206F662061
:10896000666C6F7720636F6E74726F6C6C657220CB
:108970006572726F723A2030782530386C6C582EE0
:1089800000000000848204085B25733A25642920D6
:108990006D7574657820756E6C6F636B206572728F
:1089A0006F7200005B25733A25642920756E6C6F29
:1089B000636B206D75746578206572726F723A20F2
:1089C00025642E0008B5002808D09AB143688B4270
:1089D0001CD3591A41600120107019E040F2B320F5
:1089E00000900D4B0DA2002114A002F009F9E32024
:1089F000002108BD4FF42E700090074B07A2002104
:108A00000EA002F0FDF8E320002108BD0020107048
:108A10000020014608BD000087B003085B25733ABB
:108A200025642920696E70757420706F696E746595
:108A300072206973206E756C6C2E00007574696C01
:108A4000730000002DE9FF4F85B082469346DDF8A4
:108A5000489007F095FF074600242546BAF1000F1D
:108A60001DD0069848B30898002832D00BF10408AE
:108A7000F96B404688470646300036D0C6F800B04D
:108A80005A46301D0699E7F783FC42460AF120005A
:108A9000B9F1010F35D0B9F1000F39D03EE040F205
:108AA000F6200090274B28A2002133A002F0A8F85E
:108AB000E320002109B0BDE8F08F40F2FB200090D8
:108AC000204B2FA200212CA002F09AF8E3200021D5
:108AD000F0E74FF4407000901A4B32A2002126A01C
:108AE00002F08EF8E3200021E4E74FF4427000909A
:108AF000144B34A2002120A002F082F8E2240025C9
:108B00001AE03146089BEEF7F6FE04460D4605E0F6
:108B10003146089BEEF713FF04460D4654EA050064
:108B20000AD040F219300090064B2FA20021CDE967
:108B3000024511A002F064F8396C3046884720469F
:108B40002946B7E7D6B003085B25733A2564292088
:108B5000696E70757420706F696E74657220666CD2
:108B60006F77436F6E74726F6C6C657220697320DF
:108B70006E756C6C2E0000007574696C73000000DB
:108B80005B25733A25642920696E70757420706FB7
:108B9000696E7465722064617461206973206E75FA
:108BA0006C6C2E005B25733A25642920696E707504
:108BB0007420706F696E746572206973206E756CB5
:108BC0006C2E00005B25733A256429206461746172
:108BD00020626C6F636B206D616C6C6F63206572DB
:108BE000726F722E000000005B25733A2564292005
:108BF000707574206461746120746F20627566669C
:108C00006572206572726F723A2030782530386C48
:108C10006C582E002DE9F843804607F0B1FE064659
:108C2000184F71697869884704460D4654EA050073
:108C30000CD04FF43E700090134B14A200211AA0E8
:108C400001F0DEFF20462946BDE8F8830D221849D1
:108C50004046E7F79DFBB169786988470D460446B1
:108C600054EA05000BD04FF440700090064B11A25F
:108C700000210DA001F0C4FF20462946E4E70020B2
:108C80000146E1E7F0350020147E03085B25733AC6
:108C9000256429204C6F636B206D757465782065A1
:108CA00072726F722E0000006368616E6E656C00F8
:108CB0006FA401205B25733A25642920556E6C6FE3
:108CC000636B206D75746578206572726F722E000B
:108CD00010B58AB00446002008900990002C11D0ED
:108CE00008A8EBF75BFF08432CD040F2E22000908D
:108CF0001F4B20A2002129A001F082FFEC200021BF
:108D00000AB010BDE3200021FEF716FAB8B9E3223D
:108D1000002302A8FEF754F902A805AB07C807C351
:108D2000DDE9052107984FF43773CDE90032CDE92D
:108D300002100F4B1BA2002118A001F061FFE320DD
:108D40000021DDE7BDF82200214600F049F8084384
:108D50000BD040F2E9200090054B16A201210FA094
:108D600001F04EFFEC200021CAE700200146C7E7D2
:108D7000E47D03085B25733A256429204765742048
:108D8000616972637261667420696E666F726D618B
:108D900074696F6E206572726F722E006368616E07
:108DA0006E656C005B25733A256429202573257355
:108DB000257300005B25733A2564292047657420DC
:108DC0007374617469632062616E64776964746846
:108DD000206C696D6974206661696C2E000000006A
:108DE00038B50022002500290AD0154B33F832404F
:108DF000844211D103EBC2004068086001250EE0F7
:108E000040F28B5000900F4B0FA2002116A001F0F2
:108E1000F7FEE320002138BD521C102AE6D315B11D
:108E20000020014638BD4FF4B3600090054B10A2FE
:108E300000210DA001F0E4FE4FF48070002138BD48
:108E4000747B0308BA7F03085B25733A25642920E5
:108E5000696E70757420706F696E746572206973C5
:108E6000206E756C6C2E00006368616E6E656C0020
:108E70005B25733A2564292062616E6477696474A6
:108E800068206C696D6974206973206E6F74206648
:108E90006F756E642E0000002DE9F04F89B0144606
:108EA0000021069107918846CDF81480CDF81080F6
:108EB00007F066FD07466078E17810FB01F0C11706
:108EC000CDF8008006AB0322CDF804800BF078F9D2
:108ED00004460D4654EA05000FD040F21E300090C3
:108EE000804B814A0021CDE9024580A001F088FE37
:108EF0002046294609B0BDE8F08F05A8FFF7E8FE37
:108F00000D46044654EA05000DD040F2253000908D
:108F1000744B78A20121CDE9024574A001F070FEE6
:108F200020462946E6E7DDE90621059815460E4666
:108F3000821A78EB010101DA05464646CDE906566C
:108F4000DFF8E4A17969DAF81800884704460D468D
:108F500054EA05000BD040F22E300090614B73A212
:108F6000002162A001F04CFE20462946C2E76E486F
:108F7000401C46788DF8116090F800808DF81080C4
:108F800090F802908DF81290B969DAF818008847C5
:108F900004460D4654EA05000BD04FF44E70009085
:108FA000504B69A2002151A001F02AFE204629461B
:108FB000A0E77969DAF80800884704460D4654EAC4
:108FC00005000BD040F23E300090464B57A20021E6
:108FD00046A001F015FE204629468BE706984FF083
:108FE000640B08FB00F898FBFBF05E490860B96968
:108FF000DAF80800884704460D4654EA05000BD00D
:109000004FF452700090374B4FA2002137A001F06F
:10901000F7FD204629466DE77969DAF80C008847A4
:1090200004460D4654EA05000BD040F24E30009045
:109030002C4B3EA200212DA001F0E2FD2046294646
:1090400058E706984749464396FBFBF00D31086008
:10905000B969DAF80C0088470D46044654EA050061
:109060000BD04FF4567000901E4B37A200211FA06A
:1090700001F0C6FD204629463CE77969DAF814007C
:1090800088470D46044654EA05000BD040F25E3096
:109090000090144B25A2002114A001F0B1FD204640
:1090A000294627E706982F4909FB00F999FBFBF0B1
:1090B00027310860B969DAF81400884704460D467C
:1090C00054EA05000BD04FF45A700090054B1EA2D5
:1090D000002106A001F094FD204629460AE7002061
:1090E000014607E7437E0308EC1D04086368616ED0
:1090F0006E656C005B25733A2564292067657420D2
:109100007374617469632062616E64776964746802
:10911000206C696D6974206572726F723A203078C4
:109120002530386C6C582E00F03500205B25733AE2
:10913000256429204C6F636B206D757465782065FC
:1091400072726F722E0000005B25733A256429202D
:10915000556E6C6F636B206D7574657820657272E7
:109160006F722E0048A401202DE9F04F8DB0924679
:1091700000210A910B910020089009900691079117
:10918000002637468146CDF8149007F0F9FB80465B
:10919000002440F2D33B18E004EB840101EB0A0504
:1091A000AB4B6A78D5F8021002F00702CDE9022134
:1091B000CDE900B0A7A20321B4A001F021FDD5F8AC
:1091C0000200861949EB0707641C9AF80000A042C8
:1091D000E2DCB048D8F814108069884704460D4690
:1091E00054EA05000DD04FF477700090984BAAA276
:1091F0000021A6A001F004FD204629460DB0BDE8DF
:10920000F08FA448401C90F801B08DF815B090F88C
:1092100000A08DF814A080788DF816000C909D4861
:10922000D8F81810806988470D46044654EA0500AE
:109230000BD040F2E6300090854B9EA2002193A017
:1092400001F0DEFC20462946D8E7ABFB060109FB0E
:1092500006110BFB071164220023E7F740F8CDF855
:1092600000900AAB0322CDF804900AF0A9FF04464F
:109270000D4654EA05000DD040F2F2300090744BD8
:10928000934A0021CDE9024580A001F0B9FC2046B7
:109290002946B3E7AAFB060109FB06110AFB0711E1
:1092A00064220023E7F71BF8CDF8009008AB0322F7
:1092B000CDF804900AF084FF0D46044654EA0500F8
:1092C0000DD04FF480600090614B814A0021CDE9C0
:1092D00002456EA001F094FC204629468EE70C99C9
:1092E0000023A1FB060209FB062201FB07216422E1
:1092F000E6F7F5FFCDF8009006AB0322CDF8049019
:109300000AF05EFF04460D4654EA05000DD040F217
:109310000E4000904E4B6E4A0021CDE902455BA005
:1093200001F06EFC2046294668E75A4ED8F8141022
:10933000F06888470D46044654EA05000BD040F219
:1093400016400090424B54A2002150A001F058FC5E
:109350002046294652E75F490A980860D8F8181055
:10936000F06888470D46044654EA05000BD040F2E9
:109370001E400090364B4FA2002144A001F040FC5B
:10938000204629463AE7D8F81410B06888470446C2
:109390000D4654EA05000BD040F2244000902C4BBF
:1093A0003DA2002139A001F02BFC2046294625E7EB
:1093B000484908980D390860D8F81810B0688847EF
:1093C00004460D4654EA05000BD040F22C400090B4
:1093D0001F4B38A200212DA001F012FC2046294687
:1093E0000CE7D8F814107069884704460D4654EA13
:1093F00005000BD040F232400090154B26A2002110
:1094000022A001F0FDFB20462946F7E631490698E7
:109410001A310860D8F818107069884704460D465C
:1094200054EA05000BD040F23A400090084B21A2CC
:10943000002116A001F0E4FB20462946DEE607F0F5
:109440008DFA08B907F06CFA00200146D6E6000054
:10945000B67E03085B25733A25642920746F746116
:109460006C4368616E6E656C4E756D3A2564206460
:10947000617461496E6465783A25642062616E6446
:1094800057696474683A2564000000006368616E7F
:109490006E656C00F03500205B25733A2564292049
:1094A0004C6F636B206D75746578206572726F7296
:1094B0002E0000005B25733A25642920556E6C6FE1
:1094C000636B206D75746578206572726F722E0003
:1094D000EC1D040855A401202DE9F0438BB0904603
:1094E0000021089109910691079107F049FA064673
:1094F000D8F80400E7F76CF90027009708AB0222C0
:1095000001970AF05DFE04460D4654EA05000FD0AF
:109510004FF461700090554B554A0021CDE902454A
:1095200054A001F06DFB204629460BB0BDE8F08346
:10953000DFF848917169D9F80800884704460D465C
:1095400054EA05000BD040F28B300090474B4CA200
:10955000002148A001F054FB20462946E5E74F4989
:109560000898486088600A68904201DD012000E0A8
:1095700000200873B169D9F8080088470D460446F1
:1095800054EA05000BD040F297300090374B44A2CC
:10959000002138A001F034FB20462946C5E7D8F861
:1095A0000000E7F715F9009706AB022201970AF0D1
:1095B00007FE04460D4654EA05000DD040F2A130E6
:1095C00000902A4B3D4A0021CDE9024529A001F037
:1095D00017FB20462946A8E77169D9F80C0088478F
:1095E0000D46044654EA05000BD04FF46A70009013
:1095F0001E4B23A200211FA001F002FB204629469A
:1096000093E7264906980D31486088600A689042C1
:1096100001DD012000E000200873B169D9F80C00D9
:1096200088470D46044654EA05000BD04FF46D7090
:1096300000900E4B1AA200210EA001F0E1FA204684
:10964000294672E7DDE90801CDE90401DDE90601FB
:10965000CDE902014FF46E700090044B184A0321CB
:1096600004A001F0CDFA002001465EE7727E0308F7
:10967000381E04086368616E6E656C00F03500206A
:109680005B25733A256429204C6F636B206D7574DC
:109690006578206572726F722E00000048A4012068
:1096A0005B25733A25642920556E6C6F636B206DC2
:1096B00075746578206572726F722E00841E0408BE
:1096C000D01E040870B5ADF5CA6D05460E461446A9
:1096D0001421DEA8E6F777FE2421B0A8E6F773FE92
:1096E000684607F06DFA4FF430726946E3A8E6F772
:1096F0004FFE2022EFA9B0A8E6F74AFEB9A8202223
:10970000B0A90AF089FA102221460AF085FA044627
:10971000C6A801F0ABFBB9A8221AB9A9C6A801F0E6
:109720008BFF0DF27931C6A801F048FB00208DF8BF
:1097300078031123DEAA31462846EFF769FE044676
:109740000D4654EA05000AD040F215100090064B71
:1097500006A20021CDE9024511A001F051FA0DF554
:10976000CA6D2046294670BD82B303085B25733A53
:109770002564292070726F64756374206964656E56
:1097800074697479207665726966792061636B20EB
:109790006572726F723A30782530386C6C58000000
:1097A000617574680000000070B58CB000200990ED
:1097B0005148ECF73DFE04460D462C430BD0592092
:1097C00000904E4B4EA2002156A001F019FAE32062
:1097D00000210CB070BD484EB07850B15E200090B2
:1097E000464B524A01214FA001F00AFA00200146DF
:1097F000EFE7B068804704460D4654EA05000AD0FA
:10980000642000903D4B4AA2002146A001F0F8F9E7
:10981000EC200021DDE707F095F8B8B107F092F8E9
:10982000026909A90120904704460D4654EA050043
:109830000CD06B200090314B4DA20021CDE90245A8
:1098400058A001F0DDF9EC200021C2E730780228B1
:1098500005D17078022802D19DF8240028B327484A
:1098600005AC401CD0E907238169406A0EC408900A
:10987000F0788DF8150005A80A900120ADF82C00AD
:10988000E7F784FE0AA9EFF737FA04460D4654EAD3
:1098900005000DD081200090184B44A2002121A08A
:1098A00001F0AEF92046294693E70020014690E7F3
:1098B000307998B100F0D8FB0D46044654EA050013
:1098C00017D08C2000900D4B42A20021CDE902451B
:1098D00014A001F095F9204629467AE786200090E9
:1098E000064B494A03210FA001F08AF900200146E6
:1098F0006FE7002001466CE794A90120FBB2030842
:109900005B25733A2564292043616E2774206765BF
:1099100074206175746820706172616D20636F6E70
:10992000666967006175746800000000848304083C
:109930005B25733A256429204163746976617465F7
:10994000206661696C65642C20706C6561736520AC
:10995000636865636B20796F7572206170705F69F1
:109960006420616E64206170705F6B65792E000009
:109970005B25733A256429204765742075617274EC
:1099800020737461747573206572726F722C20720B
:10999000657475726E436F6465203D20256C6C6440
:1099A0000000000061646170746572005B25733AA9
:1099B0002564292052656720657874656E6420638C
:1099C0006D642068616E646C6572206572726F727E
:1099D000000000005B25733A2564292055706461FE
:1099E0007465206669726577616C6C20706F6C6954
:1099F0006379206572726F722C20737461743A30CF
:109A00007825303858000000CC83040830B58BB07E
:109A100000240794089409940A94049405940694E5
:109A200003208DF8100002258DF81C50E7F7AEFDDD
:109A3000EEF7CCFEADF824001A48C1788DF81F105F
:109A400080798DF820008DF81D408DF81E503C2047
:109A50008DF8210040208DF822000C200A90E7F7B5
:109A600095FD4FF47A72CDE900424FF6FF710291F5
:109A70000D4B04AA07A9EFF7B3FD04460D4654EABF
:109A800005000AD040F2AD100090084B08A200215A
:109A9000CDE9024513A001F0B3F80BB020462946EA
:109AA00030BD000094A90120ED9A0108DCB3030841
:109AB0005B25733A2564292072657175657374207E
:109AC00075706461746520706F6C69637920666974
:109AD0006C65206572726F723A2030782530386C70
:109AE0006C582E0061757468000000001CB5002BD6
:109AF00002D0012B19D015E0087850B14FF4E17174
:109B0000CDE900100F4B10A200211BA001F078F846
:109B100008E04FF4E07000900A4B19A2032116A050
:109B200001F06EF8002001461CBD40F2C510009007
:109B3000044B1EA2012110A001F062F8E1200021D7
:109B40001CBD000007B403085B25733A2564292077
:109B500072657175657374207570646174652070C9
:109B60006F6C6963792066696C65206661696C65F4
:109B7000643A202523782E00617574680000000087
:109B80005B25733A256429207265717565737420AD
:109B900075706461746520706F6C696379206669A3
:109BA0006C65207375636365737300005B25733A9E
:109BB0002564292072657175657374207570646100
:109BC000746520706F6C6963792066696C652074B8
:109BD000696D656F75742E002DE9F047A4B080465D
:109BE0008946144606F0CCFE0646182106A8E6F77C
:109BF000EAFB00270597207840F23F11CDE90010DD
:109C00007F4B80A203218AA000F0FAFF207820B1C8
:109C1000012837D0022834D198E08DF818708DF8DB
:109C20001A708DF8197040F2FF14CDF81B400CA883
:109C300001F01CF9224680490CA801F0FDFC0DF151
:109C40001F010CA801F0BAF84FF4A67000906C4BFD
:109C50007AA2032176A000F0D3FF172306AA494673
:109C60004046EFF7D5FB50EA01020AD0CDE90201E8
:109C700040F251100090624B7FA200216CA000F0D6
:109C8000BFFFBAE02089C01C1FFA80FAF16B504672
:109C900088470546280025D05146E6F794FBA06882
:109CA000616862884FF4AF73CDE90032CDE90210EC
:109CB000534B80A203215EA000F0A2FF60684FF426
:109CC000FF7188421CD8A068884219D82F7060881C
:109CD000A5F8010060685849A2680144E81CE6F74D
:109CE00057FB1BE040F259100090454B7EA200212B
:109CF0004FA000F085FFE220002124B0BDE8F087EE
:109D0000E32028706088A5F8010040F269100090F7
:109D10003B4B7CA2002146A000F072FF53462A462E
:109D200049464046EFF774FB50EA01020AD0CDE9FC
:109D300002014FF4B7700090314B82A200213CA089
:109D400000F05EFF316C2846884756E0607820B10D
:109D5000012802D0FF282FD037E040F27510009084
:109D6000274B87A2032132A000F04AFF8F4C716974
:109D70006068884750EA01020AD0CDE9020140F24A
:109D8000791000901E4B8AA2002129A000F038FF14
:109D900001202070B1696068884750EA010214D040
:109DA000CDE902014FF4C0700090154B89A200214B
:109DB0001FA000F025FF08E040F283100090104B38
:109DC0008EA201211AA000F01BFF8DF81470ADF8CF
:109DD0001570042305AA49464046EFF719FB50EADF
:109DE00001020AD0CDE902014FF4C6700090044B85
:109DF0008DA200210EA000F003FF002001467CE7A9
:109E0000ACB303085B25733A25642920726571752C
:109E10006573742075706C6F616420706F6C69631A
:109E2000792066696C6520747970653A2564000054
:109E30006175746800000000FCB003085B25733A8C
:109E40002564292075706C6F616420706F6C696384
:109E5000792066696C6520696E666F206D643520B7
:109E6000636865636B73756D20616E6420766572DF
:109E700073696F6E000000005B25733A256429202A
:109E8000726571756573742075706C6F6164207094
:109E90006F6C6963792066696C6520696E666F20F6
:109EA00061636B206572726F723A30782530386C5E
:109EB0006C5800005B25733A256429207265717522
:109EC0006573742075706C6F616420706F6C69636A
:109ED000792066696C6520646174613A202564208C
:109EE00025642025640000005B25733A2564292041
:109EF0006D656D6F7279206D616C6C6F632065723A
:109F0000726F72005B25733A256429207265717542
:109F10006573742075706C6F616420706F6C696319
:109F2000792066696C65206461746120706172617A
:109F30006D206572726F723A30782530386C6C58CB
:109F4000000000005B25733A256429207265717555
:109F50006573742075706C6F616420706F6C6963D9
:109F6000792066696C6520646174612061636B208F
:109F70006572726F723A30782530386C6C58000018
:109F80005B25733A256429207265717565737420A9
:109F900075706C6F616420706F6C6963792066699D
:109FA0006C6520737563636573730000E838002087
:109FB0005B25733A256429206C6F636B206D757483
:109FC0006578206572726F723A2030782530386C6F
:109FD0006C582E005B25733A25642920756E6C6FD2
:109FE000636B206D75746578206572726F723A20AC
:109FF00030782530386C6C582E0000005B25733AA1
:10A0000025642920726571756573742075706C6F95
:10A01000616420706F6C6963792066696C65206685
:10A0200061696C65640000005B25733A2564292032
:10A03000726571756573742075706C6F61642070E2
:10A040006F6C6963792066696C6520726573756CE5
:10A05000742061636B206572726F723A30782530BC
:10A06000386C6C58000000002DE9F0438BB006F00E
:10A0700087FC07463B4805ACD0E91923016EC06E4A
:10A080000EC408903848C0788DF81500F968374834
:10A09000884704460D4654EA050010D04FF4ED7091
:10A0A000304B00903E3332A20021CDE902453AA068
:10A0B00000F0A6FD204629460BB0BDE8F08305A8B8
:10A0C00009900120ADF82800E7F760FA09A9EEF73A
:10A0D00013FE04460D4654EA050032D040F2E31068
:10A0E000204B00903E332EA200212BA000F088FDD3
:10A0F00027E0FFF78BFC0D46044654EA050009D023
:10A1000040F2E910174B00903E332FA2002122A00D
:10A1100000F076FD002640F2ED184FF47A79114BED
:10A1200035A23E3302213EA0CDF8008000F068FD4C
:10A13000B9684846884700F08FF810B9761C052E9C
:10A14000EDDB00F089F80028D3D040F2F510054B84
:10A1500000903E3334A2022131A000F051FD204690
:10A160002946A9E7FCB3030894A90120EC38002094
:10A170005B25733A25642920637265617465206DDF
:10A1800075746578206572726F723A203078253068
:10A19000386C6C58000000006175746800000000A5
:10A1A0005B25733A256429205265672065787465BC
:10A1B0006E6420636D642068616E646C65722065F6
:10A1C00072726F72000000005B25733A25642920CB
:10A1D0005265717565737420757064617465207063
:10A1E0006F6C696379206173796E632073656E6447
:10A1F000206572726F7200005B25733A2564292016
:10A200005570646174696E6720646A692073646B59
:10A2100020706F6C6963792066696C652E2E2E0044
:10A22000636F7265000000005B25733A2564292086
:10A2300055706461746520646A692073646B207072
:10A240006F6C6963792066696C65207375636365FB
:10A25000737366756C6C79007FB506F091FB0446EC
:10A26000144E61697068884750EA01020CD0CDE94C
:10A270000201E8200090104B10A2002118A000F06D
:10A28000BFFC002004B070BD3578A16970688847B4
:10A2900050EA01020BD0CDE90201F0200090064BFC
:10A2A00011A200210EA000F0ABFC0020EAE7284636
:10A2B000E8E70000E838002060B303085B25733A44
:10A2C000256429206C6F636B206D7574657820653B
:10A2D00072726F723A2030782530386C6C582E00CC
:10A2E00061757468000000005B25733A25642920BD
:10A2F000756E6C6F636B206D757465782065727216
:10A300006F723A2030782530386C6C582E0000007F
:10A310000FB4FEB5374E1798316849688847044630
:10A320000D4654EA05000DD08D200090324B33A22B
:10A3300000213BA000F064FC2046294603B0F0BC9D
:10A340005DF814FB0C990F98884704460D4654EAB3
:10A3500005000AD094200090274B33A2002130A0A2
:10A3600000F04EFC20462946E8E731681898096954
:10A3700088470D46044654EA05000AD09A2000900A
:10A380001D4B32A2002126A000F03AFC20462946AF
:10A39000D4E71B9801F000FC04460D4654EA050082
:10A3A0000AD0A0200090144B31A200211CA000F084
:10A3B00027FC20462946C1E731681498096C884774
:10A3C00031681998096C884731681A98096C884770
:10A3D0009DF858109DF84000A922CDE90021029077
:10A3E000054B2BA203210EA000F00AFC0020014621
:10A3F000A4E70000FCC20120AAE903085B25733A28
:10A400002564292064657374726F79206C696E6BA2
:10A410006572207461736B206572726F7200000048
:10A420006C696E6B657200005B25733A25642920A8
:10A430006465496E6974206368616E6E656C20683E
:10A44000616E646C65206572726F72005B25733A91
:10A450002564292064657374726F792073656E6456
:10A46000206D75746578206572726F72000000004F
:10A470005B25733A2564292064657374726F7920B3
:10A4800072656376206D736771206572726F7200FA
:10A490005B25733A256429206465696E6974206CB4
:10A4A000696E6B657220737563636573732C2070BE
:10A4B000726F746F636F6C3A25642C206368616EF1
:10A4C0006E656C49643A2564000000002DE9F04196
:10A4D00086B007460E4600240494059406F050FA10
:10A4E000DFF89881C8F80000002832D04FF480656A
:10A4F000C16B28468847306370B3D8F80000C16B41
:10A5000028468847706450B3D8F80000C16B2846CD
:10A510008847B064706C28B374632946306BE5F7E4
:10A5200052FFD8F80000C16806F1400088470D4688
:10A53000044654EA050018D052200090504B51A216
:10A5400000215AA000F05CFB2046294606B0BDE879
:10A55000F08100200146F9E7E2200021F6E7E22041
:10A560000021F3E7E2200021F0E752A004904FF42D
:10A570008050059006F14C0104A801F0E3F90D4666
:10A58000044654EA05000AD05B2000903C4B4EA2E2
:10A59000002146A000F034FB20462946D6E7387952
:10A5A00006F1080100F090FA04460D4654EA050051
:10A5B0000AD061200090324B4BA200213BA000F05A
:10A5C0001FFB20462946C1E797F8300006F1240119
:10A5D00006F0D4FC0D46044654EA05000AD0672074
:10A5E0000090274B40A2002130A000F009FB20463C
:10A5F0002946ABE7F268391D06F11C0090470D466D
:10A60000044654EA05000AD06D2000901C4B3EA27F
:10A61000002126A000F0F4FA2046294696E706F12C
:10A620003C000090D8F8000033464FF40062046804
:10A630003E493FA0A0470D46044654EA05000AD013
:10A64000752000900E4B3DA2002118A000F0D8FA12
:10A65000204629467AE7203697F830003076397957
:10A6600031707F22CDE900200291054B3CA20321ED
:10A670000EA000F0C5FA0020014667E7FCC20120E9
:10A680009BE903085B25733A2564292063726561A1
:10A6900074652073656E64206672616D65206D75EA
:10A6A000746578206572726F720000006C696E6B61
:10A6B000657200006E6F726D616C5F726563765FCC
:10A6C0006D736771000000005B25733A25642920D3
:10A6D0006372656174652072656376206D7367715E
:10A6E000206572726F7200005B25733A2564292021
:10A6F000676574206368616E6E656C206F7073208F
:10A700006572726F720000005B25733A2564292020
:10A71000696E6974206368616E6E656C2068616E35
:10A72000646C65206572726F7200000011A80108E8
:10A730006C696E6B65725F7461736B005B25733A55
:10A7400025642920637265617465206C696E6B6590
:10A7500072207461736B206572726F72000000006A
:10A760005B25733A25642920696E6974206C696ED3
:10A770006B657220737563636573732C2070726FE1
:10A78000746F636F6C3A25642C206368616E6E652C
:10A790006C49643A256400000FB470B586B0DDE9F9
:10A7A0001E46002502950395049505950195009593
:10A7B00001AB102202A91D9801F010FB084302D141
:10A7C0000198102805D0EC20002106B070BC5DF87F
:10A7D00014FB02A80FC80FC4059840F2FE31401EBA
:10A7E000884212D8009501AB3146059A1D9801F0B8
:10A7F000F5FA084306D101990598884202D1002054
:10A800000146E2E7EC200021DFE700200146DCE71B
:10A81000ADF58E6D014650220DF58460E5F7B8FD6B
:10A820004FF48067394608A8E5F7CDFD0020079072
:10A8300003900490059006900290DDF8384407AB31
:10A840003A4608A9DDF83C04A04704460D4654EA00
:10A85000050074D10798002871D000266CE002A88A
:10A86000009008A8DDF84C44815D03AA0DF58A60CC
:10A87000DDF86834A04704460D46E9F77FF818BBB9
:10A880009DF80C10022915D19DF8110020B1032864
:10A890000CD000284FD104E09DF8120050B10128DF
:10A8A00008D09DF81200872845D103E09DF81200DA
:10A8B000FD2840D1012907D19DF8110000283AD187
:10A8C0009DF81200002836D12C4334D1029800287C
:10A8D00031D00A23102203A9DDF86C0401F0DAFB61
:10A8E0000D46044654EA050009D040F235100090A8
:10A8F000164B17A200211EA000F082F91BE006985B
:10A9000040F2FE31401E884215D80A23069ADDF82F
:10A910006814DDF86C0401F0BDFB04460D4654EAF2
:10A92000050008D040F23D100090084B08A200211D
:10A930000FA000F065F9761C079886428FD30E4869
:10A94000006881680120884777E70000CDE90308A7
:10A950005B25733A2564292073656E64206D7367E7
:10A9600020746F207175657565206572726F720055
:10A970006C696E6B65720000FCC201200FB42DE99A
:10A98000FE4FDDE9209A0026374600200290019014
:10A99000DFF8B8801C98D8F8001049698847044649
:10A9A0000D4654EA05000ED0B9200090284B29A28C
:10A9B00000212FA000F024F92046294603B0BDE86D
:10A9C000F00F5DF814FB169C01AB514648461D9AEA
:10A9D000A0470D46044654EA05000AD0BF20009067
:10A9E0001B4B25A2002122A000F00AF926462F4683
:10A9F00014E0119C02AB019A1D991398A0470446DC
:10AA00000D4654EA050009D0C6200090104B20A244
:10AA1000002117A000F0F4F826462F46D8F80010C1
:10AA20001C98896988470D46044654EA05000AD0F7
:10AA3000CE200090064B1DA200210DA000F0E0F8F2
:10AA400020462946BAE730463946B7E7FCC201201E
:10AA5000BBE903085B25733A256429206D7574658D
:10AA600078206C6F636B206572726F72000000005B
:10AA70006C696E6B657200005B25733A2564292052
:10AA80007061636B2064617461206572726F720023
:10AA90005B25733A256429207772697465206461A7
:10AAA0007461206572726F72000000005B25733A5A
:10AAB000256429206D7574657820756E6C6F636BE5
:10AAC000206572726F72000038B503460D46002093
:10AAD000002D11D0124A00EB800412F824409C4251
:10AAE00016D100EB800002EB800114222846E5F726
:10AAF0004FFC0020014638BD4520094B00903C33F7
:10AB000008A2002112A000F07BF8E320002138BD4C
:10AB1000401C80B20328DED34FF48070002138BD82
:10AB2000D0EF03085B25733A25642920696E7075A0
:10AB3000742070726F746F636F6C206F7073206914
:10AB40006E76616C696420706172616D0000000056
:10AB50006C696E6B6572000001604A6842604A6809
:10AB600010604860704702460020114600E0401C1B
:10AB700009689142FBD17047006040607047D0E99E
:10AB800000215160D0E900100160704710B5044603
:10AB900057211848F0F79AFB14B32079032822D8DC
:10ABA000236803B30021144850F831203AB100EB78
:10ABB000C1021279032A02D8491C0929F4DB0929A8
:10ABC00014D040F8313000EBC10022790271617974
:10ABD00041710A490878401C08700020014610BDE8
:10ABE000E320002110BDE320002110BD40F2011040
:10ABF000002110BDF87F0308A0A50120A8C00120F6
:10AC00000FB42DE9F04F8BB080460D4605F0B8FE2D
:10AC100006463F480078002856D04FF4C074F16BC8
:10AC200020468847074638004ED0F16B20468847BB
:10AC300009900998F0B321463846E5F7C4FB214650
:10AC40000998E5F7C0FB17AB0A9321463846169AD8
:10AC500011F048FC316B08A888470024DFF8B0B039
:10AC6000DFF8B0904FF47A7A0BF1040B59F8340006
:10AC7000F8B109EBC4000179A9421AD3407901283F
:10AC800027D0089824A290FBFAF190FBFAF30AFB74
:10AC900011015BF82500CDE90018CDE902074FF45A
:10ACA000C071099811F0F0FB81B259F8342009986D
:10ACB000904700E002E0641C092CD7DB316C384679
:10ACC0008847316C099888470BB0BDE8F00F5DF8F4
:10ACD00014FB08985BF8252090FBFAF1CDE903827C
:10ACE0000AFB110112A3CDE90573094A90FBFAF0A2
:10ACF000143211A352F82520CDE9002002910FA2B1
:10AD00004FF4C071099811F0BFFB81B2CDE700008C
:10AD1000A8C00120A0A501205B25642E2530336446
:10AD20005D5B25735D2D25732D25730D0A000000D5
:10AD30001B5B306D000000001B5B0000257325735A
:10AD40005B25642E253033645D5B25735D2D257393
:10AD50002D25732025730D0A000000000FB42DE986
:10AD6000F041064605F00CFE0446B0210F48F0F70E
:10AD7000ADFA002C16D04FF4C077E16B3846884707
:10AD80000546002D0ED008AB39462846079A11F02B
:10AD9000A9FB2B4606A2314606A0FFF731FF216C26
:10ADA00028468847BDE8F0015DF814FB25800308BC
:10ADB00025730000757365720000000070B50446CD
:10ADC0000D46226C80230026382A08D2501CA3543A
:10ADD00002E00146401C66543828FAD30FE0511CAB
:10ADE000A35402E00846491C26544029FAD32146C0
:10ADF000204600F04FF838212046E5F7E4FA3834D1
:10AE0000A068D4E90421C00010187141C4E904010C
:10AE1000227C2270020A42EA01626270020C42EA5B
:10AE20000142A270000E40EA0120E07060692071CA
:10AE3000010A6171010CA171000EE071383C2146DC
:10AE4000204600F027F80020226DC100CA402A5495
:10AE5000636DCB402A181371A36DCB401372E36D61
:10AE6000CB401373401C0428EED370BD0021016455
:10AE700000228264C26405490165054941650349B0
:10AE8000C94381650249C943C165704701234567CC
:10AE900089ABCDEF2DE9F04390B0002200236D4641
:10AEA0000EE0CC18CE5C677806EB0726A778E4782E
:10AEB0003F0407EB0464344445F82240521C1B1D38
:10AEC000102AEED3D0F85080436D876DD0F85CC067
:10AED00003EA07012CEA03021143FE4A1144009AD7
:10AEE0004244114403EB716202EA030127EA0204BF
:10AEF0002143F94C2144019C6444214402EB315428
:10AF000004EA020123EA04052943F44D2944029D81
:10AF10003D44294404EBF13101EA040522EA01062B
:10AF20003543EF4E3544039E1E44354401EBB525B1
:10AF300005EA010624EA050946EA0906DFF8A493B2
:10AF40004E44DDF810904A44324405EB726202EA46
:10AF5000050621EA020946EA0906DFF88C934E4409
:10AF6000DDF814904C44344402EB345606EA0204F3
:10AF700025EA060944EA0904DFF870934C44DDF839
:10AF800018904944214406EBF13404EA060122EA10
:10AF9000040941EA0901DFF858934944DDF81C909F
:10AFA0004D44294404EBB12505EA040126EA0509CC
:10AFB00041EA0901DFF83C934944DDF820904A4416
:10AFC000114405EB716202EA050124EA020941EA33
:10AFD0000901DFF824934944DDF824904E443144BC
:10AFE00002EB315101EA020625EA010946EA0906A7
:10AFF000DDF82890A6F524464F3E4C44344401EB3E
:10B00000F43606EA010422EA060944EA0904DFF8F4
:10B01000EC924C44DDF82C904D442C4406EBB424C7
:10B0200004EA060521EA040945EA0905DFF8D09299
:10B030004D44DDF830904A442A4404EB726505EA39
:10B04000040226EA050942EA0902DFF8B8924A44F6
:10B05000DDF834904944114405EB315202EA050110
:10B0600024EA020941EA0901DFF89C924944DDF82B
:10B0700038904E44314402EBF13101EA020625EAF0
:10B08000010946EA0906DFF884924E44DDF83C9057
:10B090004C44344401EBB42606EA020421EA0209D6
:10B0A00044EA0904DFF868924C44DDF804904D440A
:10B0B0002C4406EBF46404EA010526EA010945EA9A
:10B0C0000905DFF850924D44DDF818904A442A44AF
:10B0D00004EBF25505EA060224EA060942EA0902EF
:10B0E000DFF834924A44DDF82C904944114405EBD2
:10B0F000B14909EA040125EA04021143874A1144CF
:10B10000009A3244114409EB313101EA050229EA7F
:10B1100005063243824E3244059E3444224401EBFC
:10B12000F26202EA090421EA090634437D4E3444FE
:10B130000A9E35442C4402EBF45505EA010422EA48
:10B1400001063443784E34440F9E4E44344405EB9C
:10B15000B44404EA020625EA020946EA0906DFF8D1
:10B16000CC914E44DDF810904944314404EB313128
:10B1700001EA050624EA050946EA0906DFF8B09166
:10B180004E44DDF824904A44324401EBF26202EA74
:10B19000040621EA040946EA0906DFF898914E44BC
:10B1A000DDF838904D44354402EBF55606EA0105CA
:10B1B00022EA010945EA0905DFF87C914D44DDF8F2
:10B1C0000C904C442C4406EBB44505EA020426EAF4
:10B1D000020944EA0904DFF864914C44DDF8209048
:10B1E0004944214405EB313404EA060125EA060905
:10B1F00041EA0901DFF848914944DDF834904A44B6
:10B20000114404EBF16101EA050224EA050942EA6E
:10B210000902DFF830914A44DDF808904E44324488
:10B2200001EBF25202EA040621EA040946EA0906A1
:10B23000DFF814914E44DDF81C904D44354402EB88
:10B24000B54505EA010622EA010946EA0906DFF8E2
:10B25000FC904E44DDF830904C44344405EB3434DB
:10B26000059EDFF8EC900E4484EA05015140494404
:10B27000314404EB3171089EDFF8D890164481EA1E
:10B2800004026A404A44324401EB72520B9EDFF8DA
:10B29000C8902E4482EA010565404D44354402EBD6
:10B2A00035450E9EDFF8B490264485EA02044C40F2
:10B2B0004C44344405EB7424019EDFF8A4900E4402
:10B2C00084EA050151404944314404EB3171049E44
:10B2D000164447E078A46AD756B7C7E8DB70202445
:10B2E000EECEBDC1AF0F7CF52AC68747134630A806
:10B2F000019546FDD8988069AFF7448BBED75C892D
:10B300002211906B937198FD8E4379A62108B44960
:10B3100062251EF640B340C0515A5E26AAC7B6E960
:10B320005D102FD65314440281E6A1D8C8FBD3E7A1
:10B33000E6CDE121D60737C3870DD5F4ED145A4584
:10B3400005E9E3A9F8A3EFFCD9026F678A4C2A8DBF
:10B350004239FAFF81F6718722619D6D0C38E5FD57
:10B3600044EABEA481EA0402DFF860926A404A44DB
:10B37000324401EB7256079ADFF85492154486EA7C
:10B38000010262404A442A4406EB32450A9ADFF839
:10B390004492144485EA06024A404A44224405EB9A
:10B3A00072240D9ADFF830920A4484EA0501714054
:10B3B0004944114404EB31720099DFF820920E44A5
:10B3C00082EA040169404944314402EB7156039911
:10B3D000DFF80C920D4486EA020161404944294499
:10B3E00006EB31450699DFF8FC910C4485EA06012D
:10B3F00051404944214405EB7121099CDFF8E89153
:10B40000144481EA050272404A44224401EB32723C
:10B410000C9CDFF8D891264482EA01046C404C442D
:10B42000344402EB74560F9CDFF8C491254486EA3D
:10B4300002044C404C442C4406EB3444029DDFF89B
:10B44000B4910D4484EA060151404944294404EB77
:10B450007121009DDFF8A091154461EA0602624067
:10B460004A442A4401EBB262079DDFF890912E44D2
:10B4700062EA04054D404D44354402EBB5560E9D3D
:10B48000DFF87C91254466EA010454404C442C4486
:10B4900006EB7445059CDFF86C910C4465EA0201EB
:10B4A00071404944214405EBF1240C99DFF858918F
:10B4B0000A4464EA060169404944114404EBB1615D
:10B4C000039ADFF84891164461EA050262404A4453
:10B4D000324401EBB2560A9ADFF83491154466EA19
:10B4E00004024A404A442A4406EB7242019DDFF8B6
:10B4F0002491254462EA010474404C442C4402EB3C
:10B50000F424089DDFF810910D4464EA06015140CF
:10B510004944294404EBB1610F9DDFF800912E44AA
:10B5200061EA020565404D44354401EBB555069E80
:10B53000DFF8EC90164465EA04024A404A4432447B
:10B5400005EB72420D9EDFF8DC90264462EA0104AE
:10B550006C404C44344402EBF424049EDFF8C89061
:10B560000E4464EA050151404944314404EBB161A1
:10B570000B9EDFF8B8902E4461EA020565404D4409
:10B58000354401EBB555029EDFF8A490164465EAF8
:10B5900004024A404A44324405EB7242099EDFF8F5
:10B5A0009490264462EA01046C404C44344402EB1B
:10B5B000F4244144016519194165B91881650CEB02
:10B5C0000501C16510B0BDE8F0830000A9CFDE4BD6
:10B5D000604BBBF670BCBFBEC67E9B28FA27A1EAB3
:10B5E0008530EFD4051D880439D0D4D9E599DBE640
:10B5F000F87CA21F6556ACC4442229F497FF2A4365
:10B60000A72394AB39A093FCC3595B6592CC0C8FF4
:10B610007DF4EFFFD15D84854F7EA86FE0E62CFEC0
:10B62000144301A3A111084E827E53F735F23ABDAF
:10B63000BBD2D72A91D386EB2DE9F04104460E46C2
:10B6400017460025A84617E0216C705D6054206CF9
:10B65000401C206440280ED121462046FFF71AFCEA
:10B66000D4E912104FF40072891840F10000C4E9C7
:10B670001210C4F840806D1CBD42E5D3BDE8F081D6
:10B680002DE9F04104460F46154605F079F90646C6
:10B690002846F16B8847054665B13A462846216839
:10B6A000E4F776FE316C206888472560002001466B
:10B6B000BDE8F081E2200021FAE700007FB502F04A
:10B6C0007FFE04460D4654EA050009D08120009013
:10B6D000054B06A20021CDE9024513A0FFF790FA21
:10B6E00004B02046294670BD26EA03085B25733A5C
:10B6F000256429204661696C656420746F20676544
:10B7000074206D6F756E7420706F736974696F6EDD
:10B710002E2072657475726E20636F6465203078B8
:10B720002530385800000000696E666F7200000016
:10B7300010B588B0044602A8E8F710FD08430BD006
:10B7400034200090144B15A2022120A0FFF758FAD4
:10B75000E320002108B010BD9DF80910022908D08F
:10B76000032909D04FF4807404290AD0204600210F
:10B77000F0E70420207001E0052020700020014641
:10B78000E8E741210091044B124A00210FA0FFF786
:10B7900037FA20460021DDE7E0E903085B25733A2C
:10B7A0002564292043616E277420676574206169D0
:10B7B00072637261667420696E666F207061726177
:10B7C0006D20636F6E66696700000000696E666FCA
:10B7D00072000000EC8904082DE9F04393B007469D
:10B7E00000260F961096119612960B960C960D96B3
:10B7F0000E96049605F0C4F8814605A8E8F7AEFC5D
:10B8000004460D462C430CD057200090314B32A2F9
:10B8100002213DA0FFF7F4F9E320002113B0BDE8B9
:10B82000F0834FF002088DF83C80E5F7AFFEECF7AF
:10B83000CDFFADF844009DF817008DF83F009DF84E
:10B8400028008DF840008DF83D608DF83E8019206D
:10B850008DF8410032208DF842001296E5F796FEF1
:10B8600000220FA9EDF7DEFC0D46044654EA050060
:10B8700002D020462946D1E74FF47A74D9F808104F
:10B8800020468847E5F782FECDE90184032104AA1A
:10B89000009203910BAB00220FA9EEF79FF904462B
:10B8A0000D4654EA050002D19DF8100060B17220E7
:10B8B0000090084B16A20021CDE9024512A0FFF727
:10B8C0009FF920462946A9E79DF81100387000200D
:10B8D0000146A3E704EA03085B25733A256429209F
:10B8E00043616E27742067657420616972637261B9
:10B8F000667420696E666F20706172616D20636F7F
:10B900006E66696700000000696E666F7200000075
:10B910005B25733A25642920676574207061796C12
:10B920006F6164206D6F756E7420706F73697469D8
:10B930006F6E206572726F723A2030782530386CE5
:10B940006C582E002DE9F84306460F4605F018F80E
:10B95000DFF83481C8F8000020B13EB137B10125CD
:10B9600071680FE0EC200021BDE8F88332200090E0
:10B97000464B47A200214FA0FFF742F9E3200021E8
:10B98000F2E76D00A942FCD2C16B05F13000884797
:10B99000044620001BD003CEC4E9000104F13000AE
:10B9A000E06225620020A0626062E061D8F80000D9
:10B9B000C16804F108008847084313D0452000906F
:10B9C000324B3EA200213BA0FFF71AF94FE03B208B
:10B9D00000902E4B42A2002136A0FFF711F9E22081
:10B9E0000021C1E7D8F80000C16804F10C008847C5
:10B9F000084308D049200090244B41A200212DA0EB
:10BA0000FFF7FEF833E0D8F80000C16804F1100039
:10BA10008847084308D04D2000901C4B41A20021CC
:10BA200024A0FFF7EDF822E0D8F8000004F114019B
:10BA3000C26900209047084308D051200090134B62
:10BA400041A200211BA0FFF7DBF810E0D8F80000AE
:10BA500004F11801C2690020904708430FD0552017
:10BA600000900A4B42A2002112A0FFF7C9F8D8F8B3
:10BA70000000016C20468847FF20002174E73C60ED
:10BA80000020014670E70000A43900204EEA0308B8
:10BA90005B25733A256429206D65737361676520A2
:10BAA000717565756520706172616D206572726F68
:10BAB000720000007574696C730000005B25733AB6
:10BAC0002564292073656E64206D75746578206324
:10BAD0007265617465206661696C656400000000D0
:10BAE0005B25733A256429206D73677175657565EB
:10BAF000206D616C6C6F63206572726F7200000064
:10BB00005B25733A2564292072656376206D757410
:10BB1000657820637265617465206661696C65642F
:10BB2000000000005B25733A25642920636F756E61
:10BB300074206D7574657820637265617465206624
:10BB400061696C65640000005B25733A25642920F7
:10BB500073656E642073656D6170686F72652063D4
:10BB60007265617465206661696C6564000000003F
:10BB70005B25733A25642920726563762073656DB1
:10BB80006170686F726520637265617465206661BB
:10BB9000696C65640000000038B504462E4DA0684D
:10BBA00029680969884708430AD0642000902B4B14
:10BBB0002BA2002133A0FFF723F8FF20002138BD7E
:10BBC0002968E0680969884708430AD0682000901E
:10BBD000224B2EA200212BA0FFF712F8FF200021FC
:10BBE00038BD296820690969884708430AD06C2054
:10BBF00000901A4B2EA2002122A0FFF701F8FF208F
:10BC0000002138BD29686069096A884708430AD05D
:10BC100070200090114B2FA200211AA0FEF7F0FF18
:10BC2000FF20002138BD2968A069096A88470843B8
:10BC30000AD074200090094B30A2002111A0FEF719
:10BC4000DFFFFF20002138BD2868016C20468847AF
:10BC50000020014638BD0000A43900205DEA030839
:10BC60005B25733A2564292073656E64206D7574B5
:10BC700065782064657374726F79206661696C659C
:10BC8000640000007574696C730000005B25733AF2
:10BC90002564292072656376206D7574657820644B
:10BCA000657374726F79206661696C656400000069
:10BCB0005B25733A25642920636F756E74206D755A
:10BCC0007465782064657374726F79206661696C3D
:10BCD000656400005B25733A2564292073656E64F2
:10BCE0002073656D6170686F72652064657374722E
:10BCF0006F79206661696C65640000005B25733AAA
:10BD000025642920726563762073656D6170686FA4
:10BD100072652064657374726F79206661696C6501
:10BD200064000000F8B504460E46174D20692968E6
:10BD30004A69904708430BD040F207100090134B1C
:10BD400013A200211AA0FEF75BFFFF200021F8BD1F
:10BD5000E069002801DA0020E061E06930602968CC
:10BD600020698969884708430BD04FF48970009097
:10BD7000064B11A200210EA0FEF742FFFF2000217A
:10BD8000F8BD00200146F8BDA439002087EA030869
:10BD90005B25733A256429206C6F636B20636F7594
:10BDA0006E74206D75746578206661696C656400D9
:10BDB0007574696C730000005B25733A2564292053
:10BDC000756E6C6F636B20636F756E74206D757428
:10BDD0006578206661696C65640000002DE9FF47A5
:10BDE0000446DDF83090884616461D46002C1AD0D1
:10BDF000B8F1000F17D0B5B16B4FE06839684969E9
:10BE0000884750EA01027AD0CDE9020188200090EB
:10BE1000664B67A2002170A0FEF7F2FEFF20002112
:10BE200004B0BDE8F08782200090604B6CA2002136
:10BE300069A0FEF7E5FEE3200021F1E7B9F1000F6C
:10BE40001DD0B9F1FF3F31D03968A0698A6A4946EF
:10BE50009047084353D03968E0688969884750EAB9
:10BE6000010249D0CDE90201A12000904F4B64A20C
:10BE7000002159A0FEF7C4FEFF200021D0E7396859
:10BE8000E0688969884750EA01020CD0CDE90201D7
:10BE90008F200090454B5AA200214FA0FEF7B0FE24
:10BEA000FF200021BCE7FF200021B9E73968A06925
:10BEB000496A8847084322D03968E0688969884719
:10BEC00050EA01020CD0CDE9020197200090374BD7
:10BED0004BA2002140A0FEF793FEFF2000219FE728
:10BEE0009A200090314B51A200213BA0FEF788FE22
:10BEF000FF20002194E702E0E120002190E7D4E94F
:10BF00000901401A216A491E084297D0D4E9090163
:10BF1000401A216A491E0840B04200D828602E60AD
:10BF2000A56A206AA91981420DD9421BE06A41190C
:10BF30004046E4F72DFA206A00EB0801A1EB050862
:10BF4000401B361A0025E06A324641194046E4F7A4
:10BF50001FFAA819A0623968E06889698847084310
:10BF60000AD0BD200090114B38A200211AA0FEF784
:10BF700047FEFF20002153E739686069C96A884796
:10BF800008430AD0C2200090084B39A2002112A019
:10BF9000FEF736FEFF20002142E7E069401EE06127
:10BFA000002001463CE70000A43900206DEA0308A8
:10BFB0005B25733A256429206D75746578206C6F54
:10BFC000636B206572726F722C20737461743A30E7
:10BFD000782530386C6C58007574696C73000000FB
:10BFE0005B25733A256429206D736720726563763B
:10BFF00020706172616D206572726F7200000000C6
:10C000005B25733A256429206D7574657820756EFB
:10C010006C6F636B206572726F722C207374617425
:10C020003A30782530386C6C580000005B25733A44
:10C030002564292073656D6170686F726520776172
:10C040006974206572726F72000000005B25733A9C
:10C0500025642920756E6C6F636B20726563762092
:10C060006D75746578206661696C65640000000018
:10C070005B25733A2564292073656E642073656DB2
:10C080006170686F726520706F7374206661696C8F
:10C09000656400002DE9F8430446884616461D46AF
:10C0A000002C15D0B8F1000F12D0524FA06839689B
:10C0B00049698847084353D0D32000904E4B4FA284
:10C0C000002156A0FEF79CFDFF200021BDE8F8836B
:10C0D000CE200090484B53A2002150A0FEF790FDC7
:10C0E000E3200021F2E7BDB1681C24D03968606903
:10C0F0008A6A29469047084332D03968A06889691E
:10C100008847E62000903C4B4EA2002143A0FEF75A
:10C1100077FDE1200021D9E73968A068896988475F
:10C12000DA200090344B4FA200213CA0FEF768FDBE
:10C13000FF200021CAE739686069496A88470843D7
:10C140000ED03968A06889698847DF2000902A4BA3
:10C150004BA2002131A0FEF753FDFF200021B5E7DF
:10C16000D4E90901411A206A421E1140401A401EBA
:10C17000B042B8D3656A206AA91981420AD9421B24
:10C18000E06A41462844E4F703F9206A401B8044F2
:10C19000361A0025E06A324628444146E4F7F8F8AA
:10C1A000A81960623968A0688969884708430AD07D
:10C1B000F7200090104B3AA2002118A0FEF720FDB6
:10C1C000FF20002182E73968A069C96A88470843CF
:10C1D0000AD0FC200090084B3AA200210FA0FEF7E5
:10C1E0000FFDFF20002171E7E069401CE0610020A5
:10C1F00001466BE7A43900207AEA03085B25733A0D
:10C20000256429206C6F636B2073656E64206D75E7
:10C21000746578206661696C656400007574696C8A
:10C22000730000005B25733A256429206D73672035
:10C2300073656E6420706172616D206572726F72D9
:10C24000000000005B25733A2564292073656D6149
:10C2500070686F726520776169742074696D656FAD
:10C26000757400005B25733A256429206E6F206584
:10C270006E6F756768207265736F75726365000015
:10C280005B25733A2564292073656D6170686F7250
:10C29000652077616974206572726F72000000001A
:10C2A0005B25733A25642920756E6C6F636B207370
:10C2B000656E64206D75746578206661696C65646F
:10C2C000000000005B25733A2564292072656376BF
:10C2D0002073656D6170686F726520706F73742074
:10C2E0006661696C6564000070B586B0044605A897
:10C2F000E5F72EF950EA01021DD104A8E5F778FA16
:10C3000050EA010217D100209DF81420134D9DF82A
:10C31000103000EB80016E5C96420ED129444978C2
:10C3200099420AD100EB800028440168216000791D
:10C3300020710020014606B070BD401C1028E8D3D3
:10C3400099208DE80D00054B054A5033002105A0CA
:10C35000FEF756FC4FF480700021ECE76CB4030844
:10C360002C2C04087574696C7300000070B586B0DD
:10C3700000200490059004F003FB06465348FFF7A5
:10C38000B3FF04460D4654EA05000BD07A20009016
:10C390004F4B50A200215BA0FEF732FC20462946FD
:10C3A00006B070BD4948F1680838884704460D4614
:10C3B00054EA05000AD080200090454B55A2002188
:10C3C00050A0FEF71DFC20462946E9E740480E2113
:10C3D000E038ECF711FF04460D4654EA05000AD098
:10C3E000872000903A4B52A2002146A0FEF708FC9D
:10C3F00020462946D4E762485AA181606149C1605C
:10C40000EDF7C2FF5E490AF075FF0D46044654EA97
:10C4100005000CD0902000902D4B5BA20021CDE9AF
:10C42000024538A0FEF7ECFB20462946B8E704A8F1
:10C43000E8F7B4FB0D46044654EA05000CD09620FC
:10C440000090234B5FA20021CDE902452DA0FEF70D
:10C45000D7FB20462946A3E7BDF812003C2801D0AF
:10C46000592827D100F050FC04460D4654EA050037
:10C470000CD09E200090164B5FA20021CDE9024512
:10C4800020A0FEF7BDFB2046294689E700F09EFB71
:10C4900004460D4654EA05000CD0A52000900C4B34
:10C4A00065A20021CDE9024516A0FEF7A9FB2046B2
:10C4B000294675E7054901200C390870B1684FF429
:10C4C000FA708847002001466AE70000FC38002027
:10C4D000BCB503085B25733A2564292047657420A1
:10C4E0007061796C6F61642063616D657261207049
:10C4F0006172616D20636F6E666967206572726F2D
:10C5000072000000636F6C6C61626F726174696FBE
:10C510006E0000005B25733A256429206D757465F3
:10C520007820637265617465206572726F720000B5
:10C530005B25733A25642920526567207061796C08
:10C540006F616420636F6C6C61626F726174696F9C
:10C550006E20636D642068616E646C657220657224
:10C56000726F72007061796C6F6164436F6C6C61A3
:10C57000626F726174696F6E576F726B00000000BA
:10C5800070DB012045CE01085B25733A2564292024
:10C590007061796C6F616420636F6C6C61626F7243
:10C5A0006174696F6E20776F726B2063726561745E
:10C5B00065206572726F723A2030782530386C6C65
:10C5C000580000005B25733A2564292067657420B4
:10C5D000616972637261667420696E666F726D6103
:10C5E00074696F6E206572726F723A2030782530F0
:10C5F000386C6C582E0000005B25733A25642920A6
:10C60000737562736372696265206F746865722006
:10C6100063616D6572612073797374656D207374E5
:10C62000617465206572726F723A203078253038F7
:10C630006C6C582E000000005B25733A256429209D
:10C64000737562736372696265206F7468657220C6
:10C6500063616D657261206C656E732070617261DB
:10C660006D6574657273206572726F723A203078EE
:10C670002530386C6C582E002DE9F04F85B00C46F3
:10C68000904604F07DF9814604A8E4F761FF064670
:10C690000F4656EA07000DD040F2412000905A4B59
:10C6A0005AA2002162A0FEF7ABFA3046394605B027
:10C6B000BDE8F08F9DF81000012810D0022810D09E
:10C6C00005280ED040F25721CDE900104E4B5CA258
:10C6D000002157A0FEF794FAEC200021E7E70120A3
:10C6E00017E0E07801280FD041280FD081280FD023
:10C6F00040F252200090444B5BA200214CA0FEF778
:10C700007FFAEC200021D2E7012002E0022000E0C5
:10C710000320401E00F0FF0A5E48D9F8141040685C
:10C72000884704460D4654EA05000BD040F25E20CF
:10C730000090354B58A200213DA0FEF761FA20463B
:10C740002946B4E75B490AEB4A00B8F8192021F8FA
:10C75000202001EB8000B8F817204280B8F81D10A7
:10C7600081804FF0010B80F806B0D9F83010083006
:10C77000884704460D4654EA05000CD04FF41A7061
:10C780000090214B4CA20021CDE9024528A0FEF7E4
:10C7900037FA26462F464748B8F81B10243020F8B1
:10C7A0003A1000EBCA0080F802B0D9F83010001D32
:10C7B000884704460D4654EA05000CD04FF41C701F
:10C7C0000090114B3CA20021CDE9024518A0FEF7D4
:10C7D00017FA26462F462F48D9F818104068884780
:10C7E0000D46044654EA05000BD040F27620009036
:10C7F000054B3AA200210EA0FEF702FA2046294678
:10C8000055E73046394652E7ECB603085B25733AE4
:10C8100025642920476574206169726372616674BA
:10C8200020736572696573206661696C65642E00AA
:10C83000636F6C6C61626F726174696F6E0000008F
:10C840005B25733A2564292061697263726166749D
:10C850002073657269657320697320696E76616CF7
:10C8600069643A2025642E005B25733A25642920EB
:10C8700063616D657261206C656E732070617261B9
:10C880006D657465727320697320696E76616C6979
:10C89000642E0000F03800205B25733A25642920BF
:10C8A0006D75746578206C6F636B206572726F7242
:10C8B00000000000A0DB01205B25733A25642920DD
:10C8C0006765742074696D65206572726F723A20B5
:10C8D00030782530386C6C582E0000005B25733A98
:10C8E000256429206D7574657820756E6C6F636B97
:10C8F000206572726F7200002DE9F04F85B00C4612
:10C90000904604F03DF8824604A8E4F721FE06466E
:10C910000F4656EA07000DD04FF4F3700090674BB6
:10C9200067A200216FA0FEF76BF93046394605B0CB
:10C93000BDE8F08F9DF81000012810D0022810D01B
:10C9400005280ED04FF4FE71CDE900105B4B69A2B3
:10C95000002164A0FEF754F9EC200021E7E7012054
:10C9600017E0E07801280FD041280FD081280FD0A0
:10C9700040F2F7100090514B68A2002159A0FEF739
:10C980003FF9EC200021D2E7012002E0022000E084
:10C990000320401E00F0FF09DFF8A8B1DAF81410F8
:10C9A000DBF80400884704460D4654EA05000BD026
:10C9B00040F203200090414B63A2002149A0FEF702
:10C9C0001FF920462946B2E798F82100654C1A283D
:10C9D0004ED008DC0E284BD00F2849D0112847D064
:10C9E000142808D144E01F2842D0292840D02A2802
:10C9F0003ED02B283CD04FF40571CDE900102F4BD1
:10CA000059A2032137A0FEF7FBF8002024F83900D3
:10CA100004EBC90001218170DAF83010001D88474D
:10CA20000D46044654EA05000CD04FF40770009000
:10CA3000224B56A20021CDE902452AA0FEF7E0F8DC
:10CA400026462F46DAF81810DBF80400884704461B
:10CA50000D4654EA05000ED040F222200090174BFC
:10CA600053A200211FA0FEF7CBF8204629465EE71F
:10CA700024F83900CCE73B4909EB8900543198F898
:10CA8000392001F8202098F8002001EB8000C2F343
:10CA9000C202427098F8001089098170B8F81D1020
:10CAA0008180D8F805108160D8F80910C16098F825
:10CAB000041001613046394639E70000BEB603086C
:10CAC0005B25733A25642920476574206169726388
:10CAD0007261667420736572696573206661696C42
:10CAE00065642E00636F6C6C61626F726174696F54
:10CAF0006E0000005B25733A25642920616972632A
:10CB00007261667420736572696573206973206948
:10CB10006E76616C69643A2025642E005B25733A59
:10CB20002564292063616D65726120737973746572
:10CB30006D20737461746520697320696E76616C11
:10CB400069642E00F03800205B25733A25642920A3
:10CB50006D75746578206C6F636B206572726F728F
:10CB60000000000088DB01205B25733A2564292042
:10CB700063616D65726120747970652069732075D9
:10CB80006E6B6E6F776E3A2025642E005B25733ACC
:10CB9000256429206765742074696D65206572724B
:10CBA0006F723A2030782530386C6C582E000000B7
:10CBB0005B25733A256429206D7574657820756E40
:10CBC0006C6F636B206572726F72000030B58FB04E
:10CBD00000240B940C940D940E94079408940994DB
:10CBE0000A940694059401208DF8180002258DF80A
:10CBF0001A5087208DF81B008DF82C50E4F7C6FCE6
:10CC0000EBF7E4FDADF834002848C0788DF82F002C
:10CC100005208DF830008DF82D408DF82E508DF8C0
:10CC200031000B208DF8320004200E90E4F7AEFCAA
:10CC30000321C82205ABCDE90221CDE9003507ABC0
:10CC400006AA0BA9ECF7CAFF04460D4654EA0500F4
:10CC50000ED040F2F5200090154B16A20021CDE930
:10CC6000024524A0FDF7CCFF204629460FB030BD79
:10CC70009DF8141021B99DF8150098B1052811D020
:10CC80009DF8150040F2FD22CDE900210290084BED
:10CC90001C4A012117A0FDF7B3FF9DF81400FAF715
:10CCA000A5FAE3E700200146E0E70000FC38002099
:10CCB0009CB703085B25733A25642920737562735A
:10CCC0006372696265206F746865722063616D6567
:10CCD0007261206C656E7320706172616D65746540
:10CCE0007273206572726F723A2030782530386C1A
:10CCF0006C582E00636F6C6C61626F726174696F47
:10CD00006E0000006084040830B58FB000240B94DE
:10CD10000C940D940E940794089409940A94069424
:10CD2000059401208DF8180002258DF81A508020F6
:10CD30008DF81B008DF82C50E4F728FCEBF746FD2E
:10CD4000ADF834002848C0788DF82F0005208DF804
:10CD500030008DF82D408DF82E508DF831000B20CD
:10CD60008DF8320004200E90E4F710FC0321C82255
:10CD700005ABCDE90221CDE9003507AB06AA0BA929
:10CD8000ECF72CFF04460D4654EA05000ED040F2A5
:10CD900099200090154B16A20021CDE9024524A050
:10CDA000FDF72EFF204629460FB030BD9DF8141028
:10CDB00021B99DF8150098B1052811D09DF81500EE
:10CDC00040F2A222CDE900210290084B1C4A012129
:10CDD00017A0FDF715FF9DF81400FAF707FAE3E72F
:10CDE00000200146E0E70000FC3800201EB70308E1
:10CDF0005B25733A256429207375627363726962D7
:10CE000065206F746865722063616D65726120735F
:10CE1000797374656D207374617465206572726FC7
:10CE2000723A2030782530386C6C582E00000000A3
:10CE3000636F6C6C61626F726174696F6E00000089
:10CE400018840408F0B585B000240026049603F089
:10CE500097FD0546EDF78CFA384F0146B868421C3D
:10CE6000BA60B0FBF1F201FB1200002810D1296B6F
:10CE700004A8884750EA01020CD0CDE9020140F233
:10CE8000AD1000902E4B2FA2002137A0FDF7B8FE69
:10CE900005B0F0BD696978688847084309D04FF448
:10CEA000D9700090264B34A200212FA0FDF7A8FED8
:10CEB000EEE7384A049940F6B83302EBC400D0F8E4
:10CEC00004C0A1EB0C0C9C4502D922F8346086709A
:10CED000641C032CF1D300202E4C183400EB4002CC
:10CEE00004EB8202D2F808C0A1EB0C0C9C4502D9DD
:10CEF000166096809671401C0328EFD30020254CC5
:10CF00003C3404EBC002D2F804C0A1EB0C0C9C45ED
:10CF100002D924F830609670401C0328F1D3A96927
:10CF2000786888470843B3D04FF4E8700090044B0A
:10CF300019A200210CA0FDF763FEA9E7F03800203C
:10CF4000A1B603085B25733A256429206765742020
:10CF500074696D65206572726F723A203078253081
:10CF6000386C6C582E000000636F6C6C61626F72DD
:10CF70006174696F6E0000005B25733A2564292097
:10CF80006D75746578206C6F636B206572726F725B
:10CF90000000000088DB01205B25733A256429200E
:10CFA0006D7574657820756E6C6F636B2065727239
:10CFB0006F72000070B586B0044605A8E4F7C8FAA1
:10CFC00050EA010220D104A8E4F712FC50EA010261
:10CFD0001AD100209DF81420144D9DF8103000EB5C
:10CFE000400115F83160964210D105EBC101497836
:10CFF00099420BD100EB400005EBC00118222046FE
:10D00000E3F7C6F90020014606B070BD401C0F28AA
:10D01000E5D3D6208DE80D00054B064A002106A079
:10D02000FDF7EEFD4FF480700021EDE7C4BB03086F
:10D030002CBD03082C2C04087574696C7300000067
:10D0400070B59EB000241A941B941C941D941694E1
:10D0500017941894199430210AA8E3F7B4F90994A5
:10D0600003F07CFC054603F05BFC059406940794F2
:10D07000089404941E21ADF8281002268DF82A6029
:10D080009DF82B1021F00F01C91C8DF82B1095B1C4
:10D09000296905A88847BDF81600CDF84E00BDF8EF
:10D0A0001400CDF852009DF82D0020F00E00801CD9
:10D0B0008DF82D0011E080B1816804A88847BDF883
:10D0C0001000CDF84E00BDF81200CDF852009DF8CA
:10D0D0002D0020F00E008DF82D009DF82D0040F061
:10D0E00001008DF82D0020222BA10DF12E00E3F779
:10D0F0004FF98DF868602B4D6868EBF767FBADF86A
:10D1000070002948C1788DF86B1001798DF86C108A
:10D110008DF869408DF86A608DF86D4087218DF833
:10D120006E102E211D91408A042209ABCDE90032F8
:10D130001421CDE9020116AB0AAA1AA96868ECF716
:10D140004DFD50EA01020ED0CDE9020140F2DB5064
:10D150000090164B16A2002121A0FDF751FDFF20E3
:10D1600000211EB070BDBDF824001F2802D1BDF8FB
:10D17000260070B1BDF8260040F2E351CDE9001061
:10D180000A4B19A2002116A0FDF73AFDFF2000214D
:10D19000E7E700200146E4E76F7073646B5F6E653C
:10D1A00074000000D0C1012024DC0120DEBA030895
:10D1B0005B25733A2564292061646420646576697F
:10D1C00063652073796E632073656E642065727287
:10D1D0006F723A30782530386C6C582E00000000A1
:10D1E00061646170746572005B25733A256429205F
:10D1F000616464206465766963652073796E632079
:10D2000061636B20726573756C74203A25642E001F
:10D21000F0B58DB00746002609960A960B960C9637
:10D220000596069607960896049602248DF82440E3
:10D230002148C1788DF8271000798DF82800E4F78F
:10D24000A5F9EBF7C3FAADF82C008DF825608DF841
:10D2500026408DF829608DF82A600C96E4F796F93F
:10D2600003214FF47A7204ABCDE90221CDE90034F9
:10D2700005AB002209A9ECF7B1FC04460D4654EABF
:10D2800005000ED040F2332000900C4B0CA2002180
:10D29000CDE9024515A0FDF7B3FC204629460DB0A7
:10D2A000F0BD9DF8100018B13E7020462946F6E703
:10D2B00001203870F9E7000024DC012056B903088A
:10D2C0005B25733A2564292053657420636F6D6D67
:10D2D00020706172616D2073796E63206572726F68
:10D2E000723A30782530386C6C582E006164617069
:10D2F0007465720030B585B0002204920F4A927AAC
:10D30000022A03D00020014605B030BD012304AA43
:10D31000ECF77EF80D46044654EA05000AD040F2C8
:10D3200051200090064B07A20021CDE9024514A030
:10D33000FDF766FC20462946E6E7000018DC0120E0
:10D3400084B903085B25733A256429207061796CE0
:10D350006F6164206E65676F7469617465207069C0
:10D360006E67207374617475732061636B206572DE
:10D37000726F723A30782530386C6C5800000000BB
:10D3800061646170746572002DE9F04F85B00746E5
:10D3900003F0E4FA824603F0C3FA049050A1384641
:10D3A000E3F75CF8DFF83C8198F80C0038724FF036
:10D3B000000B87F807B0387AB871C0EBC00101EBF9
:10D3C0000010C01DB88007F1090900256FE0C5EB0A
:10D3D000C50000EB051000EB09042560607940F002
:10D3E0000100607105EB45060822D8F8081002EB31
:10D3F000C602895C61F341006071C4F806B0BAF1FD
:10D40000000F37D0CDF800B0CDF804B0CDF808B09B
:10D41000CDF80CB0DAF81010684688470220641D79
:10D4200004F8010C1621D8F8080001EBC601405C95
:10D43000617921F0010161711723D8F8082003EB0D
:10D44000C603D25C62F34301617100EB400268469F
:10D4500000EB4200027962F307116171BDF802101E
:10D46000C4F80610BDF80010E160C1886181008930
:10D4700020821AE0049840B3641D04F801BC84F8CB
:10D4800005B0C4F80CB01421D8F8080001EBC601AF
:10D49000084400882082C4F806B00E21D8F808009D
:10D4A00001EBC6010844008860816D1CEDB2B879BB
:10D4B000A8428CD8B87905B0C0EBC00101EB0010D0
:10D4C0004844C01B80B2BDE8F08F40F27660009007
:10D4D000054B06A2022113A0FDF792FBEAE700002C
:10D4E00043484E0024DC012075BB03085B25733ADA
:10D4F000256429204E6F2068696768207370656510
:10D5000064206C696E6B6167652C206368616E6E68
:10D51000656C20696E666F206E6F206E6565646550
:10D52000642E000061646170746572000180428045
:10D53000042070472DE9F041044603F00FFA03F090
:10D54000EFF9072603F01CFA21488078012812D051
:10D55000012520A12046E2F781FF1F4F387BA071F3
:10D5600000EB400101EBC00006EB4000801EA080F4
:10D57000E21D002125E00025EBE701EB410302203D
:10D58000D7F808C000EBC30060440068062606EB2D
:10D59000C3061CF806604FF0070808EBC3031CF82D
:10D5A0000330116016715371921D1060002050609D
:10D5B0006B001372C2F809105073D0811032491CED
:10D5C000C9B2A0798842D8D8101B80B2BDE8F081DA
:10D5D000DCC101204441540024DC01201CB5044678
:10D5E0001C20A08016A12046E2F738FF082215A1D2
:10D5F00004F10800E2F704FF082214A104F110006E
:10D60000E2F7FEFE0220A0710620E07140F24161C7
:10D61000CDE900100F4B10A202211AA0FDF7F0FA7D
:10D620000F2020760020C4F81A00607E20F0200031
:10D6300040F0010020F01E0060761E201CBD00009E
:10D64000444556005061796C6F6164005053444BFF
:10D65000322E310050BB03085B25733A2564292024
:10D660006E65676F74696174696F6E20736574208D
:10D6700073756220646576696365207479706520CE
:10D6800025640000616461707465720010B5044621
:10D6900008A12046E2F7E2FE1520A080082206A19C
:10D6A00004F10F00E2F7ACFE002044F8070F6060C1
:10D6B000172010BD485354007061796C6F61645F2E
:10D6C00073646B002DE9F74FAEB0914603F058F943
:10D6D000824603F043F92C9003F022F92B90582155
:10D6E00013A8E2F770FE0026FEA003C8CDE91001E2
:10D6F000FEA003C8CDE90E0101200C900027089779
:10D7000009970A970B972F98DAF83C30C06898472A
:10D710000D900D9800282AD02F98C1680D98E2F737
:10D7200052FE2F984946C2680D98E2F731FE2F98B5
:10D7300012AB13AAC1680D98F7F7BCFA04460D4660
:10D7400054EA05001FD040F2A3200090E94BEAA262
:10D750000021CDE90245F4A0FDF752FADAF84010B5
:10D760000D9888472046294631B0BDE8F08F40F239
:10D770009B200090DF4BEEA20021EBA0FDF740FACA
:10D78000FF200021F0E7F34D287803280AD0042871
:10D7900008D0062806D0082804D0092802D0052879
:10D7A00003D005E04FF005082DE06978022904D088
:10D7B00002280ED0052812D014E04FF003080120F3
:10D7C0008DF8390005208DF83A0004208DF84000CE
:10D7D00019E04FF0040804208DF83B0013E068784E
:10D7E00001280BD04FF431700090C24BDAA2002117
:10D7F000CDA0FDF705FAE0200021B5E74FF00408C1
:10D8000004208DF83B00C8EBC80000EB081408EBBF
:10D81000480000EBC8002D9004EB4000493080B276
:10D820002A90DAF83C102A988847299029980028ED
:10D8300069D0DDE92901E2F7C6FDDDF8A4B0B9F849
:10D840000000401CABF800000BF1020BABF80070BD
:10D850000BF1020B5F46C9A13846E2F7FFFD182025
:10D86000B8800220BB46B871BA48007805285AD063
:10D870000120F8710822C2A107F11000E2F7C0FDF3
:10D880000822C1A107F10800E2F7BAFD00253D76A4
:10D89000787E20F01E0040F0010020F0200020F0F3
:10D8A000C0007876C7F81A500BF11E0BD946B8A104
:10D8B0004846E2F7D3FD89F8068089F8088089F8A0
:10D8C0000750E41CCB46A9F804400BF1090B2C9837
:10D8D00000287CD02C98016908A888470D4604468A
:10D8E00054EA05000AD040F211300090814BA9A201
:10D8F0000021CDE902458CA0FDF782F99548017819
:10D9000005291AD01CE040F2CE200090794BAFA23E
:10D91000002185A0FDF774F9DAF840100D988847CA
:10D92000EC20002120E7B2484078022802D00120F4
:10D93000F8719FE70320F8719CE74078022867D0D0
:10D940000020CBF8000002228BF804209BF8051081
:10D9500041F0010121F0020121F0FC018BF80510DA
:10D96000CBF806009BF80A1021F0010121F00E010E
:10D97000891C8BF80A10BDF82010CBF81110BDF8E7
:10D980002210CBF80B10BDF824109BF80A3061F37D
:10D9900007138BF80A30BDF82610ABF80F10BDF84E
:10D9A0002810ABF815100121CBF817108BF81B20AD
:10D9B0009BF81C1041F0010121F0020121F0FC0153
:10D9C0008BF81C10CBF81D009BF8210000E03AE119
:10D9D00020F0010020F00E00001D8BF82100BDF8A2
:10D9E0002000CBF82800BDF82200CBF82200BDF8BB
:10D9F00024009BF8211060F307118BF82110BDF86B
:10DA00002600ABF82600BDF82800ABF82C0059E141
:10DA10000021CBF8001002228BF804209BF80500AF
:10DA200040F0010040F0020020F0FC008BF80500FF
:10DA3000CBF806109BF80A0020F0010020F00E0041
:10DA40008BF80A00BDF82000CBF81100BDF82200C9
:10DA5000CBF80B00BDF824009BF80A3060F30713E5
:10DA60008BF80A30BDF82600ABF80F00BDF828008F
:10DA7000ABF815000120CBF817008BF81B209BF8A2
:10DA80001C0040F0010040F0020020F0FC008BF888
:10DA90001C00CBF81D109BF8210020F0010020F0A5
:10DAA0000E008BF82100BDF82000CBF82800BDF84F
:10DAB0002230CBF82230BDF824309BF8214063F3AC
:10DAC00007148BF82140BDF82630ABF82630BDF89E
:10DAD0002830ABF82C30CBF82E208BF832209BF876
:10DAE000332087E00004040404000000000001006B
:10DAF00001000000DDB903085B25733A2564292085
:10DB000070617273652064657620616C6C20696E4B
:10DB1000666F206572726F722C20737461743A3074
:10DB2000782530386C6C58006164617074657200DF
:10DB30005B25733A2564292070726F746F636F6C74
:10DB4000427566206D616C6C6F63206572726F72D6
:10DB50000000000024DC01205B25733A25642920A5
:10DB6000556E6B6E6F776E20616972637261667459
:10DB7000207365726965732E0000000044455600ED
:10DB80005053444B322E31005061796C6F61640008
:10DB900043484E005B25733A25642920476574206D
:10DBA0007573622062756C6B2064657669636520AD
:10DBB000696E666F206661696C65642C20737461A0
:10DBC000743A30782530386C6C5800005B25733A15
:10DBD000256429206D616C6C6F63206465765F63DA
:10DBE00061705F73697A65206572726F7200000000
:10DBF000DCC1012042F0010222F0020222F0FC020C
:10DC00008BF83320CBF834109BF8381021F0010149
:10DC100021F00E018BF83810CBF83F00BDF8220040
:10DC2000CBF83900BDF82A109BF8380061F30710D3
:10DC30008BF83800BDF82C00ABF83D00BDF82E0085
:10DC4000ABF843003EE02B98E0B3F8480178052993
:10DC500002D1407802283AD00020CBF800008BF89F
:10DC600004009BF8051041F0010121F0FC018BF844
:10DC70000510CBF806008BF80A00CBF8110045F62A
:10DC8000DB11ABF81510CBF80B00ABF80F1001212E
:10DC9000CBF817108BF81B009BF81C1041F001010A
:10DCA00021F0FC018BF81C10CBF81D008BF8210033
:10DCB000CBF8280045F6DA11ABF82C10CBF822008F
:10DCC000ABF82610D9490878052856D058E000202E
:10DCD000CBF800008BF804009BF8051041F001011F
:10DCE00041F0020121F0FC018BF80510CBF8060091
:10DCF0008BF80A00CBF8110047F23051ABF8151041
:10DD0000CBF80B00ABF80F100122CBF817208BF8E3
:10DD10001B009BF81C2042F0010242F0020222F09C
:10DD2000FC028BF81C20CBF81D008BF82100CBF8EF
:10DD3000280047F27652ABF82C20CBF82200ABF843
:10DD400026200222CBF82E208BF832009BF83320BD
:10DD500042F0010222F0020222F0FC028BF8332092
:10DD6000CBF834008BF83800CBF83F00ABF8431009
:10DD7000CBF83900ABF83D10A4E7497802291BD055
:10DD80000221CBF82E1000218BF832109BF83320A3
:10DD900042F0010222F0FC028BF83320CBF8341061
:10DDA0008BF83810CBF83F1045F6DC12ABF8432067
:10DDB000CBF83910ABF83D2003284CD004284AD0CA
:10DDC000062848D0082846D0092844D00320CBF89C
:10DDD000450001208BF849009BF84A0040F0010003
:10DDE00020F0FC008BF84A000020CBF84B008BF8A9
:10DDF0004F00CBF856001521ABF85A10CBF8500065
:10DE0000ABF8541099F80600C0EBC00101EB00100C
:10DE100000EB0B04254686A12846E2F71FFB1120E4
:10DE2000A8804FF0000B2C4685F806B01734072069
:10DE3000079080A12046E2F711FB84F806802D9917
:10DE4000079800EB4100801FA080E01D7A49897887
:10DE500001297DD0D8E02C98E8B32C98016908A856
:10DE6000884704460D4654EA05000CD0734B40F237
:10DE7000B730AFF2E0220021CDE902450090AFF2C9
:10DE80005830FCF7BDFE0320CBF8450002218BF88B
:10DE900049109BF84A0040F0010040F0020020F0D9
:10DEA000FC008BF84A000022CBF84B209BF84F0077
:10DEB00020F0010020F00E008BF84F00BDF820008C
:10DEC000CBF85600BDF82230CBF85030BDF82430E6
:10DED0009BF84F4000E03CE063F307148BF84F40A1
:10DEE000BDF82630ABF85430BDF82830ABF85A30C6
:10DEF0000423CBF85C308BF860109BF8611041F084
:10DF0000010121F0020121F0FC018BF86110CBF836
:10DF100062209BF8661021F0010121F00E018BF8C0
:10DF20006610CBF86D00BDF82200CBF86700BDF895
:10DF30002A009BF8661060F307118BF86610BDF895
:10DF40002C00ABF86B00BDF82E00ABF8710059E760
:10DF50003CE02B980028FAD00320CBF845000020A5
:10DF60008BF849009BF84A1041F0010141F0020191
:10DF700021F0FC018BF84A10CBF84B008BF84F00D6
:10DF8000CBF8560047F23051ABF85A10CBF850009E
:10DF9000ABF854100422CBF85C208BF860009BF89F
:10DFA000612042F0010222F0020222F0FC028BF812
:10DFB0006120CBF862008BF86600CBF86D00ABF8FF
:10DFC0007110CBF86700ABF86B101BE700210C91C8
:10DFD0001AE0066010A9895D01710EA9895D417181
:10DFE00040F20351C0F80610C0F80AB00C9949007D
:10DFF0008173C0F80F60133080F800B0401CA0F8A7
:10E0000000B0801C761CF6B2A179B142E1D8A1889B
:10E01000AA88B9F804302A98CDE90232CDE9041073
:10E02000B88840F22241054B0AE0000024DC0120C0
:10E030004853540044415400DCC10120DDB90308B9
:10E04000CDE9001013A20321AFF22450FCF7D8FD54
:10E05000DDE92923DDE92E01EBF7DAF904460D4667
:10E0600054EA05000BD04FF48560184B184A002184
:10E07000CDE902450090AFF25050FCF7C1FDDAF84F
:10E08000401029988847DAF840100D9888472046B4
:10E09000294647E45B25733A2564292067656E6548
:10E0A000726174652064657669636520696E666F68
:10E0B0003A25642025642025642025642C20746F73
:10E0C00074616C2073697A6520256400DDB90308EA
:10E0D0003C8504087FB5044602F052FC0546174E05
:10E0E00069697069884750EA01020AD0CDE90201E6
:10E0F0004FF4A0600090124B12A200211BA0FCF76D
:10E100007FFD1C48D0E900128068C4E90012A060BD
:10E11000A9697069884750EA01020AD0CDE9020175
:10E1200040F207500090064B13A200210FA0FCF70D
:10E1300067FD002004B0014670BD0000D0C1012081
:10E1400072BA03085B25733A256429206D757465DE
:10E1500078206C6F636B206572726F722C20737401
:10E1600061743A30782530386C6C580061646170A5
:10E170007465720018DC01205B25733A2564292040
:10E180006D7574657820756E6C6F636B2065727247
:10E190006F722C20737461743A30782530386C6C4F
:10E1A0005800000070B588B0064600200790049023
:10E1B0000590069025480178012902D14078012870
:10E1C0000AD002F0ADFB70B12148807A022811D04C
:10E1D000E420002108B070BD1EA13046E2F73EF9F0
:10E1E00000200146F6E71BA13046E2F737F9002090
:10E1F0000146EFE704A8FFF76DFF0D46044654EA19
:10E2000005000DD040F2C7100090154B15A200215B
:10E21000CDE9024521A0FCF7F3FC20462946D9E7C9
:10E22000049807909DF81E109DF81D20CDE900214F
:10E230009DF81F0002909DF81C301AA21021304654
:10E240000EF022F900200146C4E70000DCC10120E5
:10E2500018DC01203139322E3136382E352E33007C
:10E26000BCB803085B25733A256429207061796C7A
:10E270006F6164206E65676574696174652074619F
:10E28000736B20637265617465206572726F723A98
:10E2900030782530386C6C58000000006164617083
:10E2A0007465720025642E25642E25642E25640075
:10E2B00070B588B00646002007900490059006903F
:10E2C00025480178012902D1407801280AD002F0BE
:10E2D00027FB70B12148807A022811D0E420002168
:10E2E00008B070BD1EA13046E2F7B8F80020014624
:10E2F000F6E71BA13046E2F7B1F800200146EFE750
:10E3000004A8FFF7E7FE0D46044654EA05000DD0C9
:10E310004FF4F4700090164B16A20021CDE902458F
:10E3200022A0FCF76DFC20462946D9E70598079006
:10E330009DF81E109DF81D20CDE900219DF81F00BD
:10E3400002909DF81C301BA2102130460EF09CF864
:10E3500000200146C4E70000DCC1012018DC0120D8
:10E360003139322E3136382E352E31300000000052
:10E37000DDB803085B25733A256429207061796C48
:10E380006F6164206E65676574696174652074618E
:10E39000736B20637265617465206572726F723A87
:10E3A00030782530386C6C58000000006164617072
:10E3B0007465720025642E25642E25642E25640064
:10E3C00070B588B006460020059006900790124868
:10E3D000807A022803D0E420002108B070BD05A88F
:10E3E000FFF778FE0D46044654EA05000DD040F2D2
:10E3F000FD100090094B0AA20021CDE9024516A0AC
:10E40000FCF7FEFB20462946E7E7BDF81C0030700C
:10E4100000200146E1E7000018DC0120FFB80308F6
:10E420005B25733A256429207061796C6F616420E3
:10E430006E6567657469617465207461736B2063D0
:10E440007265617465206572726F723A307825303A
:10E45000386C6C5800000000616461707465720073
:10E460002DE9F34F9BB08B46002702F089FA064650
:10E4700002F068FA179002F071FA169002F050FA62
:10E480008146BA46CDF848A0CDF84CA0CDF850A0B2
:10E49000CDF854A0CDF838A0CDF83CA0CDF840A0E0
:10E4A000CDF844A0B846CDF834A01B98B8B1BBF164
:10E4B000000F14D0F048FEF77DFD0D46044654EAE7
:10E4C000050017D081200090EC4BEDA20021F4A0B4
:10E4D000FCF796FBE32000211DB0BDE8F08F7B2008
:10E4E0000090E64BF1A20321F8A0FCF789FBE320A2
:10E4F0000021F1E7E0488078012803D0F548007852
:10E5000058B14EE086200090DC4BF3A20221EFA030
:10E51000FCF776FB00200146DEE7EE48F168143098
:10E5200088470D46044654EA05000CD08D20009023
:10E53000D24BF3A20021CDE90245E4A0FCF760FB39
:10E5400020462946C8E7E348F168183088470D4659
:10E55000044654EA05000CD093200090C74BE8A273
:10E560000021CDE90245D9A0FCF74AFB2046294607
:10E57000B2E7D849F26910310020904704460D46B1
:10E5800054EA05000AD099200090BC4BE7A2002174
:10E59000F2A0FCF735FBEC2000219DE7CD490120DE
:10E5A00008705046DFF8D0A2AAF10C0A8AF80A00D7
:10E5B000C84871698069884704460D4654EA0500D9
:10E5C0000CD0A4200090AD4BCDA20021CDE9024596
:10E5D000BEA0FCF715FB204629467DE7BD48DBF8C9
:10E5E0000010C160B1698069884704460D4654EA4D
:10E5F00005000CD0AC200090A04BC1A20021CDE9B9
:10E600000245B2A0FCF7FCFA2046294664E79A4B83
:10E610005878022803D1169951EA090105D0AD496D
:10E620001B9A4A60022803D017E00020014653E7F6
:10E63000BE244FF47A7509E0904BCDA20221A3A02D
:10E640000094FCF7DDFAB168284688470DA8FEF76C
:10E65000DFFD9DF834000028EED09BF80300012870
:10E6600050D1864809AB00F11C0136C936C3824A35
:10E67000D1788DF8251012798DF82620D0E90C5C20
:10E68000C46A806BCDE9065C059408908DF815107E
:10E690008DF8162009A818900120ADF864008D4867
:10E6A00018A94068EAF728FB0D46044654EA05001D
:10E6B0000CD0DD200090714BB9A20021CDE90245BC
:10E6C00082A0FCF79DFA2046294605E705A8189088
:10E6D0000120ADF864007F4818A94068EAF70CFBF8
:10E6E00004460D4654EA05000CD0E5200090634B2B
:10E6F000ABA20021CDE9024574A0FCF781FA2046C7
:10E700002946E9E65C4800780A2833D05A48407820
:10E7100002287DD0169949EA01001A904FF49870AA
:10E720000090564BABA2022168A0FCF769FAB168D1
:10E730004FF47A7088471A9800286AD04E493846B4
:10E740007F1C098AFFB2884273D901F057FA0D463F
:10E75000044654EA05006DD040F23B100090474B50
:10E76000A7A20021CDE9024558A0FCF749FA2046AE
:10E770002946B1E60CA801F051FC0D46044654EAC6
:10E7800005000DD084F0E100284321D0F72000904F
:10E790003A4BAAA20021CDE902454CA0FCF730FA81
:10E7A00001F084FC0D46044654EA050009D0FD2022
:10E7B0000090324BAEA20021CDE9024543A0FCF708
:10E7C0001FFA002440F201172B4D4FF47A7817E01E
:10E7D000F5200090294BADA202213CA0FCF710FAD5
:10E7E000DEE7264BB6A2022138A00097FCF708FA14
:10E7F000B168404688479AF80A0002281BD0641C7A
:10E80000288AA042EDDC9AF80A00022832D001E002
:10E810001BE0E7E14FF486700090184BB3A2022191
:10E820002AA0FCF7EDF9B1680A208847E120002111
:10E8300052E603E2E4E14FF4837000900F4BB4A280
:10E84000022122A0FCF7DCF9DDE701F0D7F90D4643
:10E85000044654EA05000ED040F213100090074B16
:10E8600067A20021CDE9024518A0FCF7C9F92046AE
:10E87000294631E6F2E15FE124DC012044B80308D7
:10E880005B25733A2564292043616E2774206765F0
:10E890007420706172616D20636F6E66696700003D
:10E8A000706F736974696F6E000000005B25733AC6
:10E8B00025642920696E70757420696E76616C69B3
:10E8C0006420706172616D6574657200616461706D
:10E8D00074657200D0C101205B25733A256429203C
:10E8E0004E6F206E656564206E65676F7469617434
:10E8F000652064657669636520696E666F00000057
:10E900005B25733A25642920637265617465206D07
:10E9100075746578206572726F722C2073746174DF
:10E920003A30782530386C6C580000005B25733A1B
:10E93000256429204372656174652073656C6620C7
:10E94000706F736974696F6E2073656D6170686F45
:10E950007265206572726F722E0000006D657373B0
:10E960006167655F7265636F7264657200000000C5
:10E970005B25733A2564292057616974696E6720A5
:10E98000666F72206E65676F746961746F72207450
:10E990006F2062652072656164792E2E2E00000062
:10E9A0005B25733A2564292052656720636F6D6D7E
:10E9B0006F6E20636D642068616E646C65722065A3
:10E9C00072726F722C20737461743A30782530380B
:10E9D0006C6C58005B25733A256429205761697473
:10E9E000696E67207061796C6F6164206E65676F16
:10E9F00074696174652066696E69736865642E0068
:10EA00005B25733A256429205061796C6F6164201D
:10EA10006E65676F74696174652072656D6F766588
:10EA2000206465766963652073796E632065727210
:10EA30006F723A30782530386C6C58005B25733A29
:10EA40002564292057616974696E6720706F736946
:10EA500074696F6E206E6F74696669656420726593
:10EA60007475726E2030782530386C6C5800000058
:10EA70005B25733A256429204164642064657669C6
:10EA80006365206661696C65642E00005B25733ADE
:10EA90002564292057616974696E6720706F7369F6
:10EAA00074696F6E206E6F74696669656420726543
:10EAB0007475726E2074696D656F75740000000066
:10EAC0005B25733A2564292057616974696E672054
:10EAD0007061796C6F6164206E65676F74696174D1
:10EAE000652066696E6973682E2E2E005B25733A69
:10EAF000256429205061796C6F6164206E65676FB1
:10EB000074696174652074696D656F75742E000099
:10EB10005B25733A256429205061796C6F6164200C
:10EB20006E65676F746961746520686173206669DA
:10EB30006E69736865642E00B1684FF4FA608847A7
:10EB4000FEF77EFA0D46044654EA05000FD07C4BD2
:10EB50004FF48E70AFF258120021CDE902450090BB
:10EB6000AFF29820FCF74CF820462946B4E41698FA
:10EB7000744D40F2211849EA0004714B72A202213F
:10EB8000AFF2B820CDF80080FCF73AF8B1684FF446
:10EB90007A70884744B138467F1C298AFFB2884280
:10EBA00010D9E120002197E402208AF80A0040F2FF
:10EBB0002510634B6FA202210090AFF2F020FCF70A
:10EBC0001FF803E09AF80A000228D6D15C4B40F205
:10EBD0002D10AFF2C40203210090AFF21030FCF709
:10EBE0000FF83BE002208AF80A004FF49A70544B69
:10EBF00060A202210090AFF22C30FCF701F822E075
:10EC0000504C40F2411515E04D4B64A20321AFF288
:10EC100044300095FBF7F4FFB1684FF47A708847F1
:10EC200008F101081FFA88F8208A404502D2E12045
:10EC3000002151E49AF80A000228E5D19AF80A0066
:10EC400002287FF46BAD3E4B4FF4A570AFF240123B
:10EC500003210090AFF28C30FBF7D2FF179860B31E
:10EC6000B9F1000F36D05AA10EA8E1F7F7FB12A8B0
:10EC7000FFF798FA04460D4654EA05000ED04FF40B
:10EC8000AB702F4B55A20021CDE902450090AFF2A9
:10EC9000C430FBF7B5FF204629461DE4D9F8003003
:10ECA0005D4A0EA912A898470D46044654EA05008D
:10ECB00010D04FF4AE70224B00E00BE057A20021C1
:10ECC000CDE902450090AFF2FC30FBF799FF2046FA
:10ECD00029460EE49BF8030001282ED11848D0E9FC
:10ECE0000F31D0E91120CDE90931CDE90B201548CC
:10ECF000C1788DF8251000798DF8260009A81890A4
:10ED00000120ADF86400444818A908384068E9F7C4
:10ED10007DF90D46044654EA05000ED040F26B1012
:10ED2000074B4CA20021CDE902450090AFF26440B0
:10ED3000FBF766FF2046294604E40020014617E45D
:10ED400044B8030824DC01205B25733A256429209C
:10ED500057616974696E67207061796C6F616420B6
:10ED60006E65676F74696174652066696E69736842
:10ED70002E0000005B25733A256429204E6F206E1B
:10ED80006565642077616974206E65676F74696179
:10ED900074652066696E6973686564005B25733A03
:10EDA0002564292057616974696E67207061796CE8
:10EDB0006F6164206E65676F746961746520726548
:10EDC0006D6F76652066696E69736865642E0000F4
:10EDD0003235352E3235352E302E30005B25733AE4
:10EDE000256429205061796C6F6164206E65676FBE
:10EDF000746961746520676574206C6F63616C2051
:10EE000061646472657373206572726F723A3078F0
:10EE10002530386C6C580000D8C101205B25733A4E
:10EE2000256429205061796C6F6164206E65676F7D
:10EE30007469617465206E6574776F726B20636F9F
:10EE40006E666967206572726F723A307825303865
:10EE50006C6C58005B25733A25642920416E7469F7
:10EE60002052656720636F6D6D6F6E20636D642047
:10EE700068616E646C6572206572726F722C2073AB
:10EE80007461743A30782530386C6C58000000009A
:10EE9000002A06D0022806D0052804D011700020D0
:10EEA0007047E3207047491E1170F8E72DE9F74FCE
:10EEB000A0B00E46904601F063FD07464FF0000AF1
:10EEC000CDF824A072A003C8CDE90501F96BF06864
:10EED000884781465FEA090029D0F168E1F773FAB3
:10EEE00041464846F268E1F753FAF06840F269415A
:10EEF000CDE90010684B69A2032173A0FBF780FEE7
:10EF000007AB0AAA4846F168F5F7D4FE04460D4659
:10EF100054EA050019D040F26D4000905E4B6CA29F
:10EF20000021CDE9024568A0FBF76AFEA9E040F2A6
:10EF300063400090584B72A2002163A0FBF760FE73
:10EF4000EC20002123B0BDE8F08F9DF8520090B175
:10EF50000DA908228B4605A8E1F789FA002816D0EA
:10EF600040F27740CDE9000B4B4B6EA2002156A03A
:10EF7000FBF746FE85E0F06840F27241CDE90010F3
:10EF8000454B77A2002150A0FBF73AFE79E0DDF86F
:10EF90005700D0F80B0008909DF821209DF8230021
:10EFA0009DF822109DF82030CDE90132CDE9031003
:10EFB00040F27D400090384B77A2032142A0FBF73E
:10EFC0001FFEADF826A0B8F80000401CADF82400E4
:10EFD000042309AA31462098EAF71AFA04460D4696
:10EFE00054EA05000BD040F2854000902A4B724A4B
:10EFF0000021CDE9024534A0FBF702FE41E06F4E4F
:10F000007969706988470D46044654EA05000BD0BB
:10F0100040F28C400090204B69A20021CDE90245CE
:10F0200029A0FBF7EDFD2CE06F4902208872DDF886
:10F030005700D0F811000860DDF85700D0F80B0039
:10F0400048609DF84400088140F29541CDE90010E8
:10F05000114B66A203211CA0FBF7D2FDB9697069B0
:10F0600088470D46044654EA05000AD040F299400C
:10F070000090094B64A20021CDE9024512A0FBF7E4
:10F08000BFFD396C48468847204629465AE70000AC
:10F090005061796C6F61640026BA03085B25733A8E
:10F0A000256429206E6F74696679206465766963CA
:10F0B000652063617020696E666F206C656E677491
:10F0C000683A256400000000616461707465720034
:10F0D0005B25733A2564292070617273652064652D
:10F0E0007620616C6C20696E666F206572726F723B
:10F0F0002C20737461743A30782530386C6C580069
:10F100005B25733A2564292070726F746F636F6C8E
:10F11000427566206D616C6C6F63206572726F72F0
:10F12000000000005B25733A25642920706172732A
:10F1300065206E6F74696679206465766963652001
:10F1400063617020696E666F206572726F722C2029
:10F15000646576696365206E616D65203A2573008C
:10F160005B25733A256429207061727365206E6F88
:10F1700074696679206465766963652063617020CF
:10F18000696E666F206572726F722C206C656E6797
:10F1900074683A25640000005B25733A25642920D1
:10F1A00075617620697020616464723A25642E2549
:10F1B000642E25642E2564003C850408D0C10120FE
:10F1C0005B25733A256429206D75746578206C6F12
:10F1D000636B206572726F722C20737461743A30A5
:10F1E000782530386C6C580018DC01205B25733AA8
:10F1F000256429204E6F74696669656420646576AC
:10F2000020706F73202564005B25733A25642920E4
:10F210006D7574657820756E6C6F636B20657272A6
:10F220006F722C20737461743A30782530386C6CAE
:10F2300058000000F0B585B006460F46154601F0AF
:10F240009FFB0446002004902121ADF81010ADF87A
:10F250001200042304AA39463046EAF7D9F850EAE6
:10F2600001020AD0CDE902014FF4BF600090254BA6
:10F27000254A002125A0FBF7C3FC264E6169706971
:10F28000884750EA01020AD0CDE9020140F2FE505F
:10F2900000901C4B20A200211CA0FBF7B1FC688849
:10F2A000274D2881A1697069884750EA01020AD078
:10F2B000CDE9020140F205600090124B21A200212D
:10F2C00012A0FBF79DFC28894FF4C161CDE9001025
:10F2D0000C4B27A202210DA0FBF792FCE16A3069DA
:10F2E000884750EA01020AD040F20C600090054BBA
:10F2F00027A200212EA0FBF783FCEC20002105B003
:10F30000F0BD000000BB0308F48404086164617070
:10F3100074657200D0C101205B25733A25642920F1
:10F320006D75746578206C6F636B206572726F7297
:10F330002C20737461743A30782530386C6C580026
:10F3400018DC01205B25733A256429206D757465EE
:10F350007820756E6C6F636B206572726F722C20F3
:10F36000737461743A30782530386C6C5800000042
:10F370005B25733A256429206E6F7469666965643C
:10F3800020706F736974696F6E202564000000003F
:10F390005B25733A25642920646A692073656D6171
:10F3A00020706F7374206661696C656400000000F2
:10F3B0006368616E6E656C002DE9FF410746884603
:10F3C000164600242546308820287DD008DC0128F8
:10F3D0001DD003283AD0052877D0072806D177E03A
:10F3E000222852D0242871D0282870D04FF49E6152
:10F3F000CDE90010794B7AA2002181A0FBF700FC37
:10F40000D424002504B020462946BDE8F08140F20E
:10F41000AC400090714B7CA2032179A0FBF7F0FB7C
:10F4200032464146384600F079FD0D46044654EA1E
:10F430000500E7D04FF496600090684B7DA2002154
:10F44000CDE902456EA0FBF7DBFBDBE740F2B54000
:10F450000090624B83A2032169A0FBF7D1FB3246E7
:10F4600041463846FEF72EF904460D4654EA05009B
:10F47000C8D040F2B9400090584B84A20021CDE999
:10F4800002455FA0FBF7BCFBBCE740F2BE4000902A
:10F49000524B8BA203215AA0FBF7B2FB32464146E6
:10F4A000384600F055FF04460D4654EA0500A9D041
:10F4B00040F2C2400090494B74A20021CDE90245C0
:10F4C0004FA0FBF79DFB9DE75FE020E07CE03DE087
:10F4D00040F2C7400090414B84A2032148A0FBF7B3
:10F4E0008FFB32464146384600F086FC04460D4606
:10F4F00054EA050086D040F2CB400090374B86A2FC
:10F500000021CDE902453EA0FBF77AFB7AE74FF4F4
:10F510009A600090314B8CA2032139A0FBF770FB5D
:10F52000324641463846FFF7C1FC04460D4654EAD0
:10F5300005008AD040F2D4400090284B8EA20021D2
:10F54000CDE902452EA0FBF75BFB5BE740F2D9401B
:10F550000090224B94A2032129A0FBF751FB3246D5
:10F5600041463846FFF7A2FC0D46044654EA050022
:10F570008AD040F2DD400090184B7FA20021CDE9F7
:10F5800002451FA0FBF73CFB3CE740F2E240009045
:10F59000124B92A203211AA0FBF732FB32464146DE
:10F5A0003846FFF747FE04460D4654EA05008AD068
:10F5B00040F2E6400090094B95A20021CDE90245BA
:10F5C0000FA0FBF71DFB1DE740F2EB400090034B43
:10F5D00098A203210AA0FBF713FB13E747BA03081D
:10F5E0005B25733A25642920496E76616C69642035
:10F5F000636F6D6D616E643A203078253034780029
:10F6000061646170746572005B25733A256429201A
:10F61000646576696365206E65676F74696174659A
:10F62000207265712070726F742076657273696FD5
:10F630006E0000005B25733A2564292067657420FD
:10F6400076657269736F6E2068616E646C652065A3
:10F6500072726F722C20737461743A30782530386E
:10F660006C6C58005B25733A2564292064657669C3
:10F670006365206E65676F7469617465207265717A
:10F680002064657620696E666F0000005B25733A22
:10F69000256429206765742064657669636520693F
:10F6A0006E666F2068616E646C65206572726F7241
:10F6B0002C20737461743A30782530386C6C5800A3
:10F6C0005B25733A25642920646576696365206E3D
:10F6D00065676F7469617465207265712064657611
:10F6E00020696E666F20286E657729005B25733A66
:10F6F00025642920646576696365206E65676F748B
:10F700006961746520726571207365742069702069
:10F7100061646472000000005B25733A256429204F
:10F7200073657420697020616464722068616E641E
:10F730006C65206572726F722C20737461743A303C
:10F74000782530386C6C58005B25733A2564292085
:10F75000646576696365206E65676F746961746559
:10F7600020726571206E6F746966792064657620F9
:10F77000696E666F000000005B25733A25642920DE
:10F780006E6F746966792064657669636520696E59
:10F79000666F206572726F722C20737461743A30D8
:10F7A000782530386C6C58005B25733A2564292025
:10F7B000646576696365206E65676F7469617465F9
:10F7C00020726571206E6F74696679206465762099
:10F7D000696E666F20286E65772900005B25733A95
:10F7E00025642920646576696365206E65676F749A
:10F7F0006961746520726571206E6F746966792025
:10F80000706F736974696F6E20286E6577290000C8
:10F810005B25733A25642920736574206D797365BF
:10F820006C6620706F736974696F6E206661696CB5
:10F83000656400005B25733A256429206465766958
:10F840006365206E65676F746961746520726571A8
:10F8500020707265206368616E6E656C20286E652D
:10F86000772900002DE9F047A0B082460E461446E5
:10F8700001F086F88046002709970797D8F83C10D2
:10F88000F068884781465FEA09001ED0F168E0F71A
:10F890009AFD21464846F268E0F77AFD08AB0AAACD
:10F8A0004846F168F5F706FA04460D4654EA0500A5
:10F8B00019D040F273100090644B65A20021CDE98D
:10F8C00002456FA0FBF79CF99DE040F26B100090A1
:10F8D0005E4B6DA200216AA0FBF792F9EC2000219B
:10F8E00020B0BDE8F08706A8E1F732FE0D460446D9
:10F8F00054EA05000BD040F279100090534B6BA2F4
:10F900000021CDE902455EA0FBF77AF97BE09DF886
:10F91000441005AA9DF81800FFF7BAFA3D460446C0
:10F9200054EA05000BD040F27F100090474B6D4A1F
:10F930000021CDE9024552A0FBF762F963E09DF892
:10F940002A008DF81C009DF833108DF81E109DF8CC
:10F9500032108DF81D109DF814108DF81F1011280D
:10F960000BD0222813D040F28D100090374B5EA2AE
:10F97000002143A0FBF744F945E040F289100090D4
:10F98000324B66A202213EA0FBF73AF908E040F2B2
:10F990008B1000902D4B6BA2022139A0FBF730F9A0
:10F9A00004A800F0ADFD04460D4654EA050009D058
:10F9B00040F293100090254B6DA2002175A0FBF73B
:10F9C0001FF920E0754804994068B1EB900F09D306
:10F9D0004FF4CC7000901D4B71A202216DA0FBF77B
:10F9E0000FF910E007A800F093FE04460D4654EA14
:10F9F000050008D04FF4CF700090144B76A2002180
:10FA000064A0FBF7FDF8ADF826700620ADF82400E1
:10FA1000042309AA31465046E9F7FAFC0D4604468C
:10FA200054EA05000AD04FF4D4700090074B724A94
:10FA30000021CDE9024512A0FBF7E2F8D8F840100A
:10FA400048468847204629464AE7000045BE030845
:10FA50005B25733A256429207061727365206465A3
:10FA60007620616C6C20696E666F206572726F72B1
:10FA70002C20737461743A30782530386C6C5800DF
:10FA800061646170746572005B25733A2564292096
:10FA900070726F746F636F6C427566206D616C6C11
:10FAA0006F63206572726F72000000005B25733A0D
:10FAB00025642920476574206169726372616674E8
:10FAC00020736572696573206661696C65642C20BA
:10FAD0006572726F7220636F6465203078253038EC
:10FAE00058000000C88504085B25733A2564292066
:10FAF0007061796C6F616420706F72742025642C62
:10FB00002020756E6B6E6F776E2064657669636515
:10FB100020616374696F6E2E000000005B25733AEC
:10FB2000256429207061796C6F616420706F727434
:10FB30002025642C20646576696365206F6E6C698E
:10FB40006E652E005B25733A256429207061796CFF
:10FB50006F616420706F72742025642C2064657658
:10FB6000696365206F66666C696E652E0000000033
:10FB70005B25733A2564292047657420646576699E
:10FB8000636520696E666F20636F756E74206572A1
:10FB9000726F72006C696E6B65720000F0C10120BB
:10FBA0005B25733A25642920477565737320746853
:10FBB00061742063616D657261206D616E6765724D
:10FBC000206973206E6F742072756E6E696E672087
:10FBD0006E6F772E000000005B25733A25642920A4
:10FBE00073656E64206D736720746F207175657521
:10FBF00065206572726F72003C8504082DE9F04142
:10FC000090B000F0BDFE054600240C940D940E94B7
:10FC10000F94089409940A940B94069407940594FD
:10FC20001520ADF818009DF81C0040F0010040F0D0
:10FC300002006421ADF81A1020F0FC008DF81C00C1
:10FC40004FF002088DF830803A4E7068E8F7BEFD3C
:10FC5000ADF83800384FF8788DF8330038798DF8E2
:10FC600034008DF831408DF832808DF83540872092
:10FC70008DF8360005200F9069697069884750EA51
:10FC800001020AD0CDE9020140F2295000902B4B2D
:10FC90002BA2002134A0FAF7B3FF27480C38847256
:10FCA000A9697069884750EA01020AD0CDE90201CA
:10FCB0004FF4A6600090214B2DA200212AA0FAF754
:10FCC0009FFF788A042205ABCDE900321421CDE9EB
:10FCD000020108AB06AA0CA97068E9F77FFF50EA99
:10FCE00001020FD0CDE902014FF4A7600090134B41
:10FCF0002AA200211CA0FAF783FFFF20002110B0E8
:10FD0000BDE8F081BDF81400162802D0EC200021D7
:10FD1000F5E7BDF8160048B14FF4A861CDE9001031
:10FD2000064B2AA2032110A0FAF76AFF0020014621
:10FD3000E5E70000D0C1012024DC012094BA0308CB
:10FD40005B25733A256429206D75746578206C6F86
:10FD5000636B206572726F722C20737461743A3019
:10FD6000782530386C6C580061646170746572007D
:10FD70005B25733A256429206D7574657820756E4E
:10FD80006C6F636B206572726F722C207374617478
:10FD90003A30782530386C6C580000005B25733A97
:10FDA0002564292072656D6F7665206465766963C8
:10FDB000652073796E632073656E64206572726F5F
:10FDC000723A30782530386C6C582E005B25733AC7
:10FDD0002564292072656D6F766520646576696398
:10FDE000652073796E632061636B20726573756C37
:10FDF00074203A25642E00002DE9F04F85B082462C
:10FE00008B46174600F0BCFD06464FF00008CDF8C3
:10FE10001080DFF89C907169D9F814008847044677
:10FE20000D4654EA05000AD040F23E400090214BB6
:10FE300021A20021CDE9024529A0FAF7E1FE2A49D5
:10FE4000D7F802000860B169D9F8140088470D4658
:10FE5000044654EA05000AD040F245400090154B94
:10FE600022A20021CDE902451DA0FAF7C9FEADF896
:10FE700012800820ADF81000042304AA5946504609
:10FE8000E9F7C6FA0D46044654EA05000AD040F2E6
:10FE90004D400090074B204A0021CDE9024510A0BB
:10FEA000FAF7AEFE05B020462946BDE8F08F000007
:10FEB000D0C1012002BA03085B25733A25642920CA
:10FEC0006D75746578206C6F636B206572726F72EC
:10FED0002C20737461743A30782530386C6C58007B
:10FEE000616461707465720018DC01205B25733AEF
:10FEF000256429206D7574657820756E6C6F636B51
:10FF0000206572726F722C20737461743A30782598
:10FF100030386C6C58000000F48404082DE9F0417E
:10FF200086B006460F46154600240494059400F05A
:10FF300015FD804600F0F4FC2988ADF81010012171
:10FF4000ADF8141050EA08000BD04FF4197000906F
:10FF50001C4B1DA2032128A0FAF752FEADF8124057
:10FF600014E040F267200090164B254A032122A09E
:10FF7000FAF746FE23480221817223A109684160F5
:10FF800021A109680160E020ADF81200062304AA4F
:10FF900039463046E9F73CFA0D46044654EA050076
:10FFA0000AD040F273200090064B1B4A0021CDE995
:10FFB000024511A0FAF724FE06B020462946BDE806
:10FFC000F0810000BBB903085B25733A2564292042
:10FFD0005061796C6F6164206E65676F74696174DC
:10FFE00065207573652064796E616D696320697041
:10FFF00020636F6E6669670061646170746572008A
:020000040802F0
:100000008485040818DC01203139322E3136382E2F
:10001000352E313000000000F48404087CB504461D
:1000200000F0AEFC054609204FF4C361CDE9001095
:100030000B4B0CA2022119A0FAF7E2FD1948AA6A9B
:1000400042F2283100699047084302D0E1200021A4
:100050007CBD154800892080002001467CBD000041
:1000600029BB03085B25733A25642920576169740D
:10007000696E6720706F736974696F6E206E6F743C
:10008000696669636174696F6E206174206D6F7356
:100090007420666F722025647300000061646170D3
:1000A00074657200D0C1012018DC01202DE9F04FE9
:1000B00093B000F065FC074600250F95109511954B
:1000C00012950B950C950D950E954FF0300A0A95EB
:1000D00000F044FC804600F023FC814600F032FC36
:1000E000099005950695079508950495F96B504676
:1000F00088470646AEB12A2131804FF0020B86F8C0
:1001000002B0F07840F00F0020F0F0002030F070E6
:10011000B180B41D0998D8B15948407801280ED053
:1001200013E040F25D500090564B57A200215CA0B6
:10013000FAF766FDE220002113B0BDE8F08F40F22F
:10014000244060604FF41E40206084F808B01DE039
:10015000B8F1000F0CD0D8F8101005A88847BDF8EA
:1001600016006060BDF814002060012020720DE0D0
:10017000B9F1000F5AD0D9F8081004A88847BDF883
:1001800010006060BDF81200206025722068616870
:10019000227A4FF4B063CDE90032CDE90210394B39
:1001A000414A02213EA0FAF72BFD20223FA104F193
:1001B0000A00E0F7EDF88DF83CB03F4C6068E8F7D6
:1001C00005FBADF844002E48C1788DF83F10017949
:1001D0008DF840108DF83D508DF83EB08DF84150AF
:1001E00087218DF84210CDF848A0408A04220AAB3E
:1001F000CDE900321421CDE902010BAB32460FA943
:100200006068E9F7EBFC04460D4654EA050019D096
:1002100040F2995000901B4B28A20021CDE90245E5
:100220001FA0FAF7EDFCFF24002520E040F27B50F0
:100230000090144B2DA2002119A0FAF7E1FCE42450
:10024000002514E0BDF828002B2802D1BDF82A00B3
:1002500098B1BDF82A0040F2A251CDE90010094B37
:1002600031A200210EA0FAF7CBFCFF240025396C47
:1002700030468847204629465EE700242546F6E7B3
:1002800024DC0120B9BA03085B25733A25642920D0
:100290004D616C6C6F63206661696C656400000081
:1002A0006164617074657200A88404087061796C7F
:1002B0006F61645F73646B00D0C101205B25733A8A
:1002C0002564292061646420646576696365207310
:1002D000796E632073656E64206572726F723A3056
:1002E000782530386C6C582E000000005B25733A7E
:1002F00025642920506C6561736520726567697398
:1003000074657220756172742075736262756C6BAE
:10031000206F72206E6574776F726B2068616E64F7
:100320006C657221000000005B25733A256429206A
:10033000616464206465766963652073796E632007
:1003400061636B20726573756C74203A25642E00AE
:100350002DE9F04FADF21C4D82468B4614464FF40A
:100360008069494607A8E0F72EF800F0EBFA364816
:100370008068002830D007AD20880022401C81B260
:100380002846FDF7D3F805442846FDF727F92E182F
:100390003046FCF7F9FF37183846FDF777F907EBD9
:1003A00000084046FDF7C6F8404407A9401A0B3044
:1003B00084B24C451CD940F2E2608DE81102234B17
:1003C00023A200212DA0FAF71BFC40F2011000210E
:1003D0000DF21C4DBDE8F08F40F2C36000901B4B46
:1003E00028A2022125A0FAF70BFCE4200021EFE768
:1003F000B8F80400B988B288CDE90221CDE9040437
:10040000A88840F2E661CDE90010104B2DA2022130
:100410001AA0FAF7F5FB234607AA59465046E8F713
:10042000F7FF0D46044654EA05000AD040F2EB609F
:100430000090064B314A0021CDE902450FA0FAF7A2
:10044000DFFB20462946C3E724DC01209BBB0308D1
:100450005B25733A256429206465766963652063AA
:1004600061702073697A6520746F6F206C6F6E679E
:100470002C202564203E202564000000616461700A
:10048000746572005B25733A2564292046617461A6
:100490006C206572726F723A20706C6561736520B2
:1004A00070726F766964652074686520636F6E662C
:1004B000696775726174696F6E207461626C652E14
:1004C000000000005B25733A2564292067656E658E
:1004D000726174652064657669636520696E666F14
:1004E0003A25642025642025642025642C20746F1F
:1004F00074616C2073697A65202564003C8504086A
:1005000010B5044600F006F82146BDE81040FBF7A0
:1005100009BC00000148006870470000ECC10120E0
:1005200070B58AB000F02CFA4048FCF743FD044651
:100530000D462C430BD0482000903D4B3DA200219E
:1005400044A0FAF75DFBE32000210AB070BD374EEE
:10055000307802280AD100F0F5F9026903A90120D8
:1005600090479DF80C0008B900203075307D98B197
:100570003B49081DFBF7E6F90D46044654EA050021
:1005800015D05D2000902A4B36A200213EA0FAF73C
:1005900037FB20462946D8E757200090244B3CA241
:1005A00003212CA0FAF72CFB00200146CDE72048C0
:1005B00004ACD0E90923016AC06A0EC40790F07840
:1005C0008DF8110070798DF8120004A808900120B0
:1005D000ADF82400E0F7DAFF08A9E8F78DFB0D4637
:1005E000044654EA05000CD06B200090104B2DA25D
:1005F0000021CDE9024538A0FAF702FB2046294642
:10060000A3E7012000F090F804460D46294654EA7D
:1006100001009AD071200090054B31A200212EA03C
:10062000FAF7EEFA204629468FE700003CDC01206D
:1006300050BD03085B25733A2564292043616E276A
:10064000742067657420706172616D20636F6E66DF
:1006500069670000706F736974696F6E0000000055
:10066000ECC101205B25733A256429206372656122
:10067000746520646576496E666F4D736771206599
:1006800072726F72000000006C696E6B6572000020
:100690005B25733A256429204E6F206E656564657D
:1006A000642E00005B25733A25642920526567207B
:1006B000636F6D6D6F6E20636D642068616E646C36
:1006C0006572206572726F722C20737461743A3097
:1006D000782530386C6C5800616461707465720004
:1006E0005B25733A256429207375627363726962AE
:1006F00065207061796C6F6164206F6E6C696E65E6
:1007000020696E666F206661696C65642E0000006A
:1007100010B50446FFF7FEFE2146BDE810404FF03D
:10072000FF330422FBF7B6BC70B590B000240C94E4
:100730000D940E940F94089409940A940B940694C3
:100740000794049405941321ADF81810022600288C
:1007500003D00120ADF81A0001E0ADF81A609DF851
:100760001D0020F0F0008DF81D008DF830602C4D3C
:10077000E8788DF8330068798DF83400E0F706FFEB
:10078000E8F724F8ADF838008DF831408DF8326084
:100790008DF8354088208DF8360006200F90E0F760
:1007A000F5FE2A8A698A052304ACCDE90212CDE957
:1007B000004308AB06AA0CA9E9F710FA50EA0102B7
:1007C0000ED0CDE9020140F23B100090154B16A26D
:1007D000002122A0FAF714FAFF20002110B070BD0A
:1007E000BDF81000142802D1BDF8120058B14FF422
:1007F000A27000900B4B1BA2022118A0FAF700FA7E
:10080000EC200021EAE740F241100090054B21A2C4
:10081000032112A0FAF7F4F900200146DEE70000F8
:100820003CDC01200FBE03085B25733A25642920B8
:1008300072657175657374206E65676F7469617434
:10084000696F6E6720726573756C74206572726F64
:10085000723A30782530386C6C582E0061646170C3
:10086000746572005B25733A256429207375627381
:100870006372696265206E65676F74696174696F20
:100880006E20726573756C74206661696C65642E88
:10089000000000005B25733A2564292053756363CB
:1008A00065737366756C6C7920746F2073756273F1
:1008B0006372696265207061796C6F6164206F6E2C
:1008C0006C696E6520696E666F726D6174696F6EBA
:1008D0002E00000010B54FF486710548EAF7F6FCCB
:1008E0000448407808B1044810BD002010BD000045
:1008F000B18003081A3600202CA6012010B5D021A3
:100900000448EAF7E3FC0448C07808B1034810BD86
:10091000002010BD577B0308A2C0012034D2012063
:1009200010B5C5210448EAF7D1FC0448807808B125
:10093000034810BD002010BD367B0308A2C0012073
:1009400028D2012003480078002801D002487047CF
:1009500000207047A2C0012000D2012010B5BA21AA
:100960000448EAF7B3FC0448407808B1034810BDD6
:10097000002010BD157B0308A2C0012014D2012065
:1009800010B540F201110548EAF7A0FC04480078D0
:1009900008B1044810BD002010BD00009680030877
:1009A0001A360020E8A5012010B540F217110548BD
:1009B000EAF78CFC0448807808B1044810BD002098
:1009C00010BD0000D28003081A36002060A6012066
:1009D00070B5044692211448EAF778FC134E0020C3
:1009E000F0708CB1256895B1616899B1A268A2B127
:1009F000E368ABB10E48C0E90D51C0E90F230120F7
:100A0000F0700020014670BDE320002170BDE3209E
:100A1000002170BDE320002170BDE320002170BDE6
:100A2000E320002170BD0000F87A0308A2C0012075
:100A300000D2012070B5044631211648EAF746FC81
:100A4000154D002028709CB12068A0B16068A8B145
:100A5000A068B0B1E068B8B12069C0B114222146E5
:100A60000E48DFF795FC012028700020014670BD7C
:100A7000E320002170BDE320002170BDE3200021B0
:100A800070BDE320002170BDE320002170BDE32094
:100A9000002170BD987A0308A2C0012000D2012075
:100AA000FEB50446002502950021009101913121F7
:100AB0004048EAF70BFC404E35709CB3206890B379
:100AC000606888B3A06880B3E06878B3206970B3C9
:100AD000606968B3A06960B3E06958B3206A50B335
:100AE000E06A48B3606A40B3A06A38B3206B78B359
:100AF000606B70B3A06B68B3E06B60B3206C58B3ED
:100B0000442221462D48DFF743FC012030702B4C56
:100B100002A8216B8847616B684688470020014620
:100B200003B0F0BD0BE00DE00FE016E018E01AE0B6
:100B30001CE01EE020E022E024E026E028E0E320A4
:100B40000021EDE7E3200021EAE7E3200021E7E7C9
:100B500021E023E025E027E029E0E3200021DFE792
:100B6000E3200021DCE7E3200021D9E7E320002196
:100B7000D6E7E3200021D3E7E3200021D0E7E320FC
:100B80000021CDE7E3200021CAE7E3200021C7E7E9
:100B9000E3200021C4E7E3200021C1E7E320002196
:100BA000BEE7E3200021BBE7E3200021B8E7E32014
:100BB0000021B5E73D8003081A360020E8A5012092
:100BC00040F2BE220149DFF7E3BB000088A6012006
:100BD0002DE9F043ABB080468946FFF7D1FE0646CB
:100BE000982105A8DFF7EFFB00208DF81400354FA2
:100BF00071693868884704460D4654EA05000ED0EE
:100C0000CD200090304B31A20021CDE9024538A023
:100C1000F9F7F6FF204629462BB0BDE8F0831F22E6
:100C200035490DF11500DFF7EBFB33491022203178
:100C30000DF13500DFF7ACFB3F2230490DF14500E7
:100C4000DFF7DEFB2C4890F897028DF885002B48E3
:100C500030308169CDF88610808BADF88A00274945
:100C60001F224E3123A8DFF7CBFBB16938688847D4
:100C700004460D4654EA05000CD0DF200090124BCC
:100C80001FA20021CDE9024519A0F9F7B9FF2046BE
:100C90002946C1E7982305AA49464046E8F7B8FB2C
:100CA0000D46044654EA050009D0E6200090064BA4
:100CB0001DA20021CDE902450DA0F9F7A1FF2046B4
:100CC0002946A9E7203600204D8103085B25733AA9
:100CD000256429206C6F636B206D757465782065C1
:100CE00072726F723A2030782530386C6C582E0052
:100CF000636F72650000000088A60120D8A801205B
:100D00005B25733A25642920756E6C6F636B206DCB
:100D100075746578206572726F723A20307825306C
:100D2000386C6C582E0000005B25733A256429202E
:100D300067657420444A492070726F64756374203B
:100D4000696E666F726D6174696F6E2061636B208E
:100D50006572726F723A30782530386C6C580000CA
:100D60002DE9F0418AB00746FFF70AFE06464A48D9
:100D7000E9F78AFA04460D462C430CD04120009036
:100D8000464B47A200214FA0F9F73AFFE32000218C
:100D90000AB0BDE8F081414804ACD0E906234169BE
:100DA000006A0EC407903C48C0788DF81100F168C5
:100DB0004648884704460D4654EA05000CD04E20AC
:100DC0000090364B42A20021CDE902453DA0F9F743
:100DD00017FF20462946DBE704A808900120ADF85C
:100DE0002400E0F7D3FB08A9E7F786FF04460D4689
:100DF00054EA05000AD057200090284B3EA200215B
:100E000030A0F9F7FDFE20462946C1E7DFF8BC8097
:100E10007169D8F80000884704460D4654EA050079
:100E20000CD05D2000901D4B40A20021CDE9024571
:100E300024A0F9F7E5FE20462946A9E740F29722CB
:100E400039464348DFF7A4FA1348FF2127380170D9
:100E5000032141700A2181700021C170017140F6A7
:100E60008E01A0F80510B169D8F8000088470D463A
:100E7000044654EA05000CD06D200090074B35A2C3
:100E80000021CDE902450FA0F9F7BAFE2046294618
:100E90007EE7204629467BE746A90120F08003082B
:100EA0005B25733A2564292043616E2774206765AA
:100EB0007420636F726520706172616D20636F6E64
:100EC00066696700636F72650000000020360020CD
:100ED0005B25733A25642920637265617465206D12
:100EE00075746578206572726F723A20307825309B
:100EF000386C6C582E0000005B25733A256429205D
:100F00005265672070726F6475637420696E666FD6
:100F1000726D6174696F6E20636D642068616E64C8
:100F20006C6572206572726F720000005B25733A07
:100F3000256429206C6F636B206D7574657820655E
:100F400072726F723A2030782530386C6C582E00EF
:100F500088A601205B25733A25642920756E6C6F85
:100F6000636B206D75746578206572726F723A20BC
:100F700030782530386C6C582E00000038B50022CF
:100F8000002913D0134B02EB420413F8244084428F
:100F900018D102EB420003EB8000D0E90023806807
:100FA000C1E9002388600020014638BD3920094B83
:100FB0000090183308A2002112A0F9F721FEE320C7
:100FC000002138BD521C92B2022ADCD34FF480704B
:100FD000002138BD68F303085B25733A2564292096
:100FE000696E7075742070726F746F636F6C206FB0
:100FF000707320696E76616C696420706172616DD6
:10100000000000006C696E6B657200002DE9F0470E
:101010000024DFF8C480314E98F80050002D1CD118
:10102000A1464FF0FF0C04EB8405A71C16F805A0A1
:1010300067F3040A06F805A0AF19A7F8039087F82C
:1010400001C087F802C0775D27F020077755641C40
:101050001E2CE8DB012488F80040002404EB840502
:10106000775DBF0614D53544B5F803708F420FD1B4
:101070006F7897420CD1AD789D4209D104EB840181
:10108000715C01F01F01017000200146BDE8F0878E
:10109000641C1E2CE2DB002404EB8405755DAD06A8
:1010A0000ED404EB8405AF19A7F803107A70BB7057
:1010B000715D41F02001715501F01F01017002E0E6
:1010C000641C1E2CE8DB1E2C02D000200146DDE74C
:1010D00040F201100021D9E72841002088F70120C3
:1010E000F0B587B0054614461F4600200690002C38
:1010F00011D0EA6802F11000B0F5806F16D37F209E
:1011000000904D4B4DA2002153A0F9F779FDEC2042
:10111000002107B0F0BD79200090474B50A200217C
:101120004DA0F9F76DFDE3200021F2E702F10C0676
:10113000687838B1100000D0361D04F10C00DFF7DC
:1011400027F90BE0B61C02B1361D6A792273AA7921
:10115000627304F10E00EA68DFF71AF9A878C8B1E3
:10116000AB796A79298906A8FFF750FF08430AD0AE
:1011700098200090304B41A2002137A0F9F740FDA4
:10118000FF200021C5E79DF81810E07861F3040006
:10119000E07003E0E07820F01F01E170AA212170E7
:1011A000B4F8010066F30900A4F80100A07820F06B
:1011B000FC01A170687820B1E07840F02001E17076
:1011C00003E0E07820F02001E170207920F0E001D8
:1011D000217129892181207920F01F012171E07876
:1011E00020F0C001E170217961603E600A21204653
:1011F000E9F7F6FF6081B4F80100C0F30900102898
:1012000006D3001F86B231462046EAF703F8A05104
:101210002879A9796A79EB78CDE90130CDE9032104
:10122000B6200090044B1DA203210BA0F9F7E8FCA7
:10123000002001466DE70000C4FB03085B25733AFC
:10124000256429206672616D65206C656E6774681F
:10125000206572726F7200006C696E6B65720000BF
:101260005B25733A25642920696E76616C69642078
:10127000706172616D657465720000005B25733A80
:10128000256429206765742073657373696F6E2008
:101290006964206572726F72000000005B25733A0A
:1012A0002564292053444B2D53656E643A203078D1
:1012B000253032582D3E3078253032582030782570
:1012C00030325825303258002DE9F04786B00446B8
:1012D000DDF838A015469946002C08D0B9F1000F6A
:1012E00005D0BAF1000F02D0606868B111E0C720E4
:1012F0000090714B71A2002177A0F9F781FCE320E7
:10130000002106B0BDE8F087AA2902D0FF20002105
:10131000F7E7226811546068401C60604FF48178E0
:1013200003287DD32268B2F80110C1F30906917831
:101330008908A6F110030027B3F57C7F00D259B1CC
:101340006760DB2000905C4B65A2032162A0F9F787
:1013500057FCFF200021D4E70C2816D10A211046A3
:10136000E9F73EFF21684A8982420ED067604989C9
:10137000E322CDE9002102904F4B62A2002156A04A
:10138000F9F73EFCFF200021BBE76068B0427DD149
:10139000A6F104012068E9F73DFF01462068B0F896
:1013A0000120C2F30902121F805888420BD06760E7
:1013B000ED200090404B60A2002147A0F9F720FCEF
:1013C000FF2000219DE7CAF80060206801794909E3
:1013D0000AD0F3200090384B60A201213EA0F9F71B
:1013E0000FFCFF2000218CE7B0F80110C1F30906C3
:1013F000103EC178C1F34011697001892981012231
:101400002A70EE600322EA700A222A71C0788206EE
:101410001CD500F01F00AB1D6A1D06F095F800E01A
:1014200047E008430AD0244B56A200212AA0CDF859
:101430000080F9F7E5FBFF20002162E7A6B12168F3
:1014400032460C314846DEF7A3FF0DE02068017BF1
:101450006971407BA8713EB12168B21E0E314846C9
:10146000DEF796FFB61EEE602979A8796A79EB78E7
:10147000CDE90131CDE9032040F2131000900E4B6D
:101480004BA2032114A0F9F7BBFB00E003E0676067
:101490000020014635E70CD9676040F21D1000902E
:1014A000054B0FA200210CA0F9F7AAFBFF20002199
:1014B00027E74046002124E7D8FB03085B25733A61
:1014C00025642920696E76616C696420706172619F
:1014D0006D206572726F72006C696E6B65720000D0
:1014E0005B25733A2564292070726F746F636F6C8B
:1014F000206672616D65206C656E67746820657228
:10150000726F72005B25733A2564292070726F74C4
:101510006F636F6C206672616D6520637263313634
:10152000206572726F723A307825303458203078E6
:1015300025303458000000005B25733A25642920CB
:1015400070726F746F636F6C206672616D6520637B
:1015500072633332206572726F7200005B25733ADA
:1015600025642920756E737570706F727420656EB6
:101570006320636F6D6D616E642068656164657280
:10158000000000005B25733A25642920556E7061C8
:10159000636B206572726F723A756E6B6E6F776EE9
:1015A0002061636B2073657373696F6E20696400DB
:1015B0005B25733A2564292053444B2D526563768D
:1015C0003A203078253032582D3E30782530325848
:1015D0002030782530325825303258002DE9F0433C
:1015E00089B00546884614461F46002008905520BD
:1015F0002070A8890D3086B2B4F8010066F30900A6
:10160000A4F80100A07820F0FC00001DA0700321C8
:101610002046E9F7D1FDE070A978207A61F3461001
:101620002072697861F3C71020F00F0020F01000DD
:10163000207268796072A879A0722889E080E878C1
:10164000207128796071A9891FFA81F96A794309A3
:10165000A979CDE9053200F01F00079104902079A7
:101660002A8977234109CDE9003200F01F00CDE936
:101670000201144B14A2032122A0F9F7C1FAB9F117
:10168000000F05D04A46414604F10B00DEF780FE0C
:10169000B4F80100C0F30900801E81B22046E9F7CA
:1016A00071FD0890B4F80100BDF82010C0F30900E6
:1016B000204420F8021C3E60002009B00146BDE82D
:1016C000F0830000EEFB03085B25733A25642920B4
:1016D0003C25233034783E56312D53656E643A20D4
:1016E000307825303258253032582D3E307825302C
:1016F0003258253032582030782530325825303253
:10170000580000006C696E6B657200002DE9F04FA7
:1017100089B00446DDF8489015469A46606800286E
:1017200006D1552904D0FF20002109B0BDE8F08F73
:1017300022681AB311546068401C606003287DD38E
:101740002268B2F80110C1F3090791788908A7F15E
:101750000D0340F2F3364FF00008B34201D20129E5
:101760000FD0C4F80480AA2000904F4B4FA2032151
:1017700057A0F9F745FAFF200021D6E7FF20002106
:10178000D3E7042814D103211046E9F715FD216899
:10179000C97881420CD0C4F80480B2200090424B3A
:1017A0004DA201214AA0F9F72BFAFF200021BCE746
:1017B0006068B84265D1A7F1020B1FFA8BF120686F
:1017C000E9F7E0FC21687F1E11F80B20CB5D42EAAF
:1017D000032282420ED0CDE90102BA210091324BA0
:1017E00046A201213AA0F9F70BFAC4F80480FF20C1
:1017F00000219AE7C4F804800E46B6F80100C0F351
:1018000009000D3880B202222A70327AD2096A7039
:10181000327AC2F34112AA70F2882A813279EA70D0
:1018200072792A71727A6A71B27A3146AA71E86065
:1018300000F10D02C9F8002030B100E02FE00B31BB
:101840005046EA68DEF7A4FD70796A794309A97900
:10185000CDE9053200F01F000791049030792A8904
:10186000D3234109CDE9003200F01F00CDE9020188
:101870000D4B31A2032116A0F9F7C2F90020014651
:1018800053E70CD9C4F80480E7200090064B07A268
:1018900001210FA0F9F7B4F9FF20002145E74FF42B
:1018A0008170002141E7000001FC03085B25733AC9
:1018B0002564292070726F746F636F6C206672618B
:1018C0006D65206C656E677468206572726F72005A
:1018D0006C696E6B657200005B25733A2564292084
:1018E00070726F746F636F6C206672616D652063D8
:1018F000726338206572726F720000005B25733A64
:101900002564292070726F746F636F6C206672613A
:101910006D65206372633136206572726F722C20A0
:101920006578703A307825303458206375723A30D3
:1019300078253034580000005B25733A256429204F
:101940003C25233034783E56312D526563763A205B
:10195000307825303258253032582D3E30782530B9
:1019600032582530325820307825303258253032E0
:1019700058000000FEB5FFF703F80646254803C8E7
:10198000CDE9010101A8F9F701F904460D4654EA31
:10199000050003D02046294603B0F0BD4FF4806413
:1019A000F16B204688471C4EB06060B1014622466C
:1019B0001A48E5F7E8FE04460D4654EA050005D04E
:1019C00020462946E8E7E2200021E5E7134814A174
:1019D000183881601649C16000210161E8F7D4FC24
:1019E0000E49183905F086FC0D46044654EA0500F8
:1019F0000BD06920074B009010330EA2002118A0D5
:101A0000F9F7FEF820462946C6E70120307000208D
:101A10000146C1E778BE03081C390020B8A901209F
:101A20007265636F72646572576F726B00000000BD
:101A30004D1F02085B25733A256429204164642008
:101A40007265636F72646572207461736B20776F67
:101A5000726B206E6F6465206572726F7200000099
:101A60007265636F726465720000000070B586B0C5
:101A7000044605A8DFF76CFD50EA010222D104A854
:101A8000DFF7B6FE50EA01021CD100209DF81420B9
:101A9000164D9DF8103000EB400115F8216096427C
:101AA00012D105EB8101497899420DD100EB40003C
:101AB00005EB8000D0E900128068C4E90012A06044
:101AC0000020014606B070BD401C1128E3D3C82099
:101AD0008DE80D00054B064ACC33002105A0F9F72F
:101AE0008FF84FF480700021ECE7000098EA0308BB
:101AF0002C2C04087574696C730000000FB400B5D9
:101B000091B0402101A8DEF75EFC27A101A8DEF715
:101B1000A5FC402101A800F073F8402101A8DEF7E0
:101B200052FC12AA25A101A80AF0C8FC402101A874
:101B300000F066F8402101A8DEF745FC1AAA23A1AF
:101B400001A80AF0BBFC402101A800F059F840218F
:101B500001A8DEF738FC1EAA20A101A80AF0AEFCFD
:101B6000402101A800F04CF8402101A8DEF72BFC31
:101B7000B6AA1EA101A80AF0A1FC402101A800F00C
:101B80003FF8402101A8DEF71EFC07A101A8DEF7FF
:101B900065FC402101A800F033F8402101A8DEF7E0
:101BA00012FC11B05DF814FB2A2A2A2A2A53444B4E
:101BB00020496E666F2A2A2A2A2A0A002D2D4150B2
:101BC00050206E616D653A2025730A002D2D41501D
:101BD000502069643A2025730A0000002D2D4150E1
:101BE00050206B65793A2025730A00002D2D426143
:101BF000756420726174653A2025730A0000000044
:101C00002DE9F0478AB082460F4600242546002081
:101C10000990202101A8DEF7D6FBFEF7B1FE804631
:101C2000FF2F05D940F2011000210AB0BDE8F0876E
:101C30002022514601A8DEF7ABFB17A101A8DEF771
:101C4000CDFB10B1E0200021EFE7F81C1FFA80F96E
:101C5000D8F83C10484688470646D6B1781C307004
:101C6000EE2070707A1C5146B01CDEF791FB4A469C
:101C700009AB31460A48E5F73EFE50EA010201D0C1
:101C800004460D46D8F8401030468847204629467D
:101C9000CBE7E2200021C8E7757365720000000001
:101CA000B8A901202DE9F04387B0064689461546BC
:101CB0000024059406940194029403940494FEF77E
:101CC0005FFE0746B5F5807F04D9E320002107B009
:101CD000BDE8F083DFF8C08098F80200012807D043
:101CE000D8F808303BB12A46494630469847EEE7D7
:101CF000E0200021EBE7ADF81460ADF81650F96B69
:101D0000281D8847064630003CD0059830602A469A
:101D10004946301DDEF73CFB02208DF80400DFF75A
:101D200035FCE6F753FDADF80C008DF805408DF855
:101D3000064098F803008DF8070098F804008DF825
:101D4000080098F805008DF8090098F806008DF84D
:101D50000A002D1D0495DFF719FC324601A9E7F7AB
:101D600061FA0D46044654EA05000ED040F24110D7
:101D700000900A4B0AA2032112A0F8F741FF204667
:101D80002946A4E7E2200021A1E7396C30468847C4
:101D9000204629469BE70000D8A90120C1BE0308C0
:101DA0005B25733A2564292073656E642072656330
:101DB0006F726465722064617461206572726F7203
:101DC000000000007265636F7264657200000000BD
:101DD0002DE9F74F86B090460027029703970497A6
:101DE0000597FEF7CDFD8146B8F5807F04D9E32045
:101DF000002109B0BDE8F08FDFF8F0A09AF80200EA
:101E0000012805D0DFF8E8B09BF8010018B116E012
:101E1000E0200021EDE73648401CF9F74FFC04466E
:101E20000D4654EA05000AD0C0200090314B32A282
:101E300000213AA0F8F7E4FE20462946D9E7D9F870
:101E40003C1008F102008847064630004AD00320C3
:101E500030709BF8010070704246B01C0799DEF7A5
:101E600097FA02208DF80800DFF790FBE6F7AEFC4A
:101E7000ADF810008DF809708DF80A709AF803001B
:101E80008DF80B009AF804008DF80C007078042887
:101E900002D33D208DF80C009AF805008DF80D0056
:101EA0009AF806008DF80E0008F10208CDF81480AB
:101EB000DFF76CFB324602A9E7F7B4F904460D469A
:101EC00054EA050007D0E02000900A4B16A2032137
:101ED00012A0F8F795FED9F8401030468847204602
:101EE000294686E7E220002183E70000D8A90120E7
:101EF0001C390020AABE03085B25733A25642920FB
:101F00004661696C20746F20676574206D6F756E13
:101F10007420706F736974696F6E2E007265636FE1
:101F200072646572000000005B25733A2564292005
:101F300073656E64207265636F726465722064619C
:101F40007461206572726F72000000002DE9FF411C
:101F5000002503950195FEF713FD0446384E3078B1
:101F6000002811D0E1F70AFD00280DD03548FFF711
:101F70007DFD08430AD04FF4AE700090324B33A27F
:101F8000012139A0F8F73CFEBDE8FF81E8F7F0F940
:101F90006421B0FBF1F17068421C7260B0FBF1F299
:101FA00001FB12000028EFD1264803A92038E5F7ED
:101FB000DCFB0843E8D103984FF4806738B9214827
:101FC0003A462038B168E5F7DEFB0843DCD10398D8
:101FD000B842D9D8E16B0220884701900028D3D0BD
:101FE00005800146174802AB02222038E5F788FB3E
:101FF000084320D10298F0B101980278DAB1407814
:10200000EE2818D1921C022101A8F9F739FB0843E8
:1020100011D101990B4802AB11F8022B2038E5F7DA
:102020006FFB084307D1019948F2010011F8022B18
:10203000FFF738FE0843216C01988847A4E70000A9
:102040001C390020D8A90120D6BE03085B25733AAD
:102050002564292043616E27742067657420636FAF
:102060006E6669672E0000007265636F7264657248
:10207000000000002DE9F041ADF55A7D4821C8A8C7
:10208000DEF7A1F93021BCA8DEF79DF91421B7A82D
:10209000DEF799F907A8FEF793FDFEF771FC0746F6
:1020A000472000905C4B5DA203216AA0F8F7A8FDD1
:1020B000C8A800F09BFA04460D4654EA050029D052
:1020C0004A200090544B65A2002162A0F8F798FDC9
:1020D00020462946F5F730F8B0B922462B4601A82C
:1020E000F4F76EFF01A804AB07C807C3DDE90421BC
:1020F00006984B23CDE90032CDE90210464B62A28F
:10210000002154A0F8F77CFD204629460DF55A7DA4
:10211000BDE8F08142F26670BC9013A8C790D198D8
:10212000BE9000264FF47A78BCA800F0B7FB0446B6
:102130000D4654EA050016D0B96840468847761C1B
:10214000032EF1DB54EA050036D05B200090324BC1
:1021500051A200213FA0F8F753FD20462946F4F78D
:10216000EBFF48B121E0552000902B4B58A20321F2
:1021700038A0F8F745FDE5E722462B4601A8F4F71D
:102180001FFFDDE90120CDE9042003990691DDE977
:10219000042106985C23CDE90032CDE902101E4BE4
:1021A00039A200212BA0F8F72BFDB9684FF4FA7083
:1021B000884720462946A9E79DF8EC0220F0030055
:1021C000401C20F01C00103020F0E00020308DF882
:1021D000EC024BA1B7A8DEF741F900264FF06C08DE
:1021E000B7A800F0F1FC0D46044654EA050009D0FA
:1021F000094B46A2032117A0CDF80080CDE9024586
:10220000F8F7FEFCB968C8208847761C052EE7DB86
:10221000204629467AE700009BF303085B25733AC2
:1022200025642920546869732069732061204F5305
:10223000444B20706F72742E204E6F77206E656550
:102240006420746F20646F206163746976617469BF
:102250006F6E2E0061757468000000005B25733A94
:10226000256429205265717565737420746F206729
:1022700065742076657273696F6E2073796E632062
:102280006572726F720000005B25733A2564292025
:1022900025732573257300005B25733A2564292077
:1022A0005265717565737420746F2061637469760B
:1022B000617465204F53444B2066756E6374696F7B
:1022C0006E732073796E63206572726F7200000006
:1022D0005B25733A256429204163746976617465CE
:1022E000204F53444B2066756E6374696F6E732084
:1022F0007375636365737366756C6C792E0000008B
:102300004F53444B2056352E782E78005B25733A78
:102310002564292053656E642073796E632064619F
:102320007461206572726F722C206572726E6F3DDF
:10233000256400002DE9F041ADF55A7D3021CEA88D
:10234000DEF741F81421C9A8DEF73DF819A8FEF719
:1023500037FCFEF715FB0746482107A8DEF733F8E0
:102360007D2000905A4B5BA2032168A0F8F748FC3F
:1023700007A800F0FFF904460D4654EA050029D0ED
:1023800080200090524B63A2002160A0F8F738FC37
:1023900020462946F4F7D0FEB0B922462B4601A8C4
:1023A000F4F70EFE01A804AB07C807C3DDE904205B
:1023B00006998123CDE90032CDE90201444B60A2A8
:1023C000002152A0F8F71CFC204629460DF55A7D45
:1023D000BDE8F08142F26670CE9025A8D9901098A1
:1023E000D09000264FF47A78CEA800F00FFB0D466F
:1023F000044654EA050016D0B96840468847761C62
:10240000032EF1DB54EA050036D092200090304BC9
:102410004FA200213DA0F8F7F3FB20462946F4F730
:102420008BFE48B121E08C200090294B56A203215D
:1024300036A0F8F7E5FBE5E722462B4601A8F4F7BE
:10244000BFFDDDE90120CDE9042003990691DDE916
:10245000042106989323CDE90032CDE902101C4BEC
:1024600037A2002129A0F8F7CBFBB9684FF4FA7026
:10247000884720462946A9E79DF8340320F0030049
:1024800020F01C00103020F0E00020308DF83403E4
:1024900049A1C9A8DDF7E2FF00264FF0A208C9A8AC
:1024A00000F056FC04460D4654EA050007D0084BE0
:1024B00044A2032115A0CDF80080F8F7A1FBB9686C
:1024C000C8208847761C052EE9DB002001467DE701
:1024D000C4F303085B25733A2564292054686973A3
:1024E0002069732061204F53444B20706F72742E0B
:1024F000204E6F77206E65656420746F20646F20B6
:1025000061637469766174696F6E2E0061757468B9
:10251000000000005B25733A25642920526571751F
:1025200065737420746F20676574207665727369B3
:102530006F6E2073796E63206572726F7200000097
:102540005B25733A256429202573257325730000C4
:102550005B25733A25642920526571756573742073
:10256000746F206163746976617465204F53444BC6
:102570002066756E6374696F6E732073796E632065
:102580006572726F720000005B25733A2564292022
:102590004163746976617465204F53444B206675BE
:1025A0006E6374696F6E73207375636365737366AE
:1025B000756C6C792E0000005053444B20332E78FC
:1025C000000000005B25733A256429205265706F76
:1025D00072742062727569656420706F696E742010
:1025E00064617461206572726F720000F0B5D1B0E1
:1025F000064600244D944E944F94509449944A9426
:102600004B944C94089401278DF834710A208DF86E
:10261000370103258DF83851DEF7B8FFE6F7D6F815
:10262000ADF83C018DF8354102208DF836018DF86A
:1026300039418DF83A415097DEF7A8FF3A0209ABCD
:102640004FF4FA61CDE90032CDE9021549AB08AA91
:102650004DA9E7F7C3FA04460D4654EA050029D010
:10266000C7200090204B21A20021CDE902452BA0DC
:10267000F8F7C6FA20462946F4F75EFDB0B92246BF
:102680002B4602A8F4F79CFC02A805AB07C807C3B9
:10269000DDE905210798C823CDE90032CDE9021014
:1026A000114B20A200211DA0F8F7AAFA20462946C6
:1026B00051B0F0BD314609A801F090F80D4604462E
:1026C00054EA05000CD0CE200090074B19A200213F
:1026D000CDE9024525A0F8F793FA20462946E7E719
:1026E00020462946E4E70000F1F303085B25733A2E
:1026F00025642920476574204F53444B207665722A
:1027000073696F6E2073656E64206572726F723AC2
:1027100030782530386C6C582E0000006175746874
:10272000000000005B25733A25642920257325737A
:10273000257300005B25733A25642920506172736C
:10274000652073646B2076657273696F6E41636B8D
:10275000206572726F722C2072657475726E436F91
:102760006465203D20256C6C64000000616461702C
:102770007465720070B598B00646002414941594E0
:10278000169417941094119412941394202108A86D
:10279000DDF719FE02258DF85050CA208DF8530040
:1027A000C3208DF85400DEF7F1FEE6F70FF8ADF820
:1027B00058008DF851408DF852508DF85540012049
:1027C0008DF856001794DEF7E1FE03214FF4FA620C
:1027D0001E2308ACCDE90221CDE9004310AB002255
:1027E00014A9E7F7FBF904460D4654EA050029D081
:1027F000EB200090164B17A20021CDE9024521A045
:10280000F8F7FEF920462946F4F796FCB0B92246BF
:102810002B4602A8F4F7D4FB02A805AB07C807C3F0
:10282000DDE905210798EC23CDE90032CDE902105E
:10283000074B16A2002113A0F8F7E2F9204629461B
:1028400018B070BDDDF83600706220462946F7E703
:1028500016F403085B25733A256429204765742024
:1028600064726F6E652076657273696F6E20736532
:102870006E64206572726F723A30782530386C6CF5
:10288000582E000061757468000000005B25733AE3
:102890002564292025732573257300002DE9F04157
:1028A00090B0064600240C940D940E940F94089456
:1028B00009940A940B9407944FF001088DF8308026
:1028C0000A208DF8330003258DF83450DEF75EFEC4
:1028D000E5F77CFFADF838008DF8314002278DF820
:1028E00032708DF835408DF836802C200F90DEF751
:1028F0004DFE4FF4FA6107AACDE90027CDE9021594
:1029000008AB32460CA9E7F769F904460D4654EACC
:1029100005002CD040F20D1000901D4B1DA200218F
:10292000CDE902452AA0F8F76BF920462946F4F7CD
:1029300003FCB8B922462B4601A8F4F741FB01A8D5
:1029400004AB07C807C3DDE9042106984FF4877379
:10295000CDE90032CDE902100D4B1FA200211CA0D1
:10296000F8F74EF92046294610B0BDE8F08140F254
:1029700011100090064B1CA2032115A0F8F740F996
:10298000BDF81C0008B10B21EEE700200146EBE783
:102990003DF403085B25733A25642920416374697B
:1029A00076617465204F53444B2066756E6374697D
:1029B0006F6E732073796E632073656E6420657229
:1029C000726F723A30782530386C6C582E000000E7
:1029D00061757468000000005B25733A2564292046
:1029E00025732573257300005B25733A2564292020
:1029F00041637469766174652073646B20737563D9
:102A00006365737366756C6C792E000070B590B059
:102A1000064600240C940D940E940F940894099487
:102A20000A940B94079402258DF83050CA208DF833
:102A30003300C3208DF83400DEF7A8FDE5F7C6FEAD
:102A4000ADF838008DF831408DF8325003248DF800
:102A5000354025208DF836002C200F90DEF796FDAE
:102A6000012207AB4FF4FA61CDE90032CDE902143F
:102A700008AB32460CA9E7F7B1F804460D4654EA14
:102A800005002BD040F22F100090234B23A20021F1
:102A9000CDE9024530A0F8F7B3F820462946F4F70F
:102AA0004BFBB8B922462B4601A8F4F789FA01A8D6
:102AB00004AB07C807C3DDE9042106984FF49873F7
:102AC000CDE90032CDE90210134B25A2002122A04E
:102AD000F8F796F82046294610B070BD40F2331042
:102AE00000900D4B22A203211BA0F8F789F89DF856
:102AF0001C0068B140F23711CDE90010064B25A249
:102B0000002115A0F8F77CF89DF81C000B21E3E7E5
:102B100000200146E0E700005DF403085B25733AFE
:102B2000256429204163746976617465204F53449C
:102B30004B2066756E6374696F6E732073796E6374
:102B40002073656E64206572726F723A307825303A
:102B5000386C6C582E00000061757468000000002D
:102B60005B25733A2564292025732573257300009E
:102B70005B25733A25642920416374697661746525
:102B80002073646B207375636365737366756C6C17
:102B9000792E00005B25733A25642920416374690E
:102BA00076617465204F53444B206661696C65649F
:102BB0002C206572726E6F203D2025303258000047
:102BC0000020014670470000F0B591B00746002490
:102BD0000D940E940F94109409940A940B940C94F1
:102BE000089401208DF834000A208DF83700032561
:102BF0008DF83850DEF7CAFCE5F7E8FDADF83C008B
:102C00008DF8354002268DF836608DF839408DF804
:102C10003A5011201090DEF7B9FC4FF4FA6108AA7F
:102C2000CDE90026CDE9021509AB3A460DA9E6F734
:102C3000D5FF04460D4654EA05002BD040F255104E
:102C400000901E4B1EA20021CDE902452BA0F7F7F4
:102C5000D7FF20462946F4F76FFAB8B922462B462B
:102C600002A8F4F7ADF902A805AB07C807C3DDE970
:102C7000052107984FF4AB73CDE90032CDE902107E
:102C80000E4B20A200211DA0F7F7BAFF20462946CF
:102C900011B0F0BDBDF8200060B140F25B11CDE98C
:102CA0000010064B1BA2002114A0F7F7A9FFFF207C
:102CB0000021EDE700200146EAE7000081F4030867
:102CC0005B25733A256429205265706F7274206207
:102CD000757269656420706F696E742064617461D7
:102CE0002073796E632073656E64206572726F72F3
:102CF0003A30782530386C6C582E00006175746855
:102D0000000000005B25733A256429202573257394
:102D1000257300005B25733A256429205265706F86
:102D200072742062757269656420706F696E7420B8
:102D3000646174612061636B636F646520657272A6
:102D40006F723A30782530386C6C582E00000000D5
:102D500030B5ADF2945D04460021CDF89015CDF864
:102D60008C15CDF88815CDF884154FF430752946AB
:102D7000B1A8DDF728FB01A8FDF722FF2A4601A92B
:102D8000B1A8DDF705FB217C01F00300CDF890052B
:102D9000C1F38200CDF88C054809CDF888051020D4
:102DA0000090234601220021022000F03BF850EA67
:102DB000010234D1012402220DF5B2630021104634
:102DC000009400F02FF850EA010228D10DF28C5344
:102DD00004210220009400F025F850EA01021ED1DF
:102DE0000DF5B163042200210220009400F01AF8CE
:102DF00050EA010213D1042000900DF28453052201
:102E00000021022000F00EF850EA010207D1202034
:102E10000090B1AB01220421022000F003F80DF272
:102E2000945D30BD2DE9FF4190B0074698461A9D4C
:102E3000FDF7A6FD00240C940D940E940F940894B5
:102E400009940A940B940794C16BA81D8847064601
:102E500030004ED03770BDF84400A6F80100BDF830
:102E60004800A6F8030075712A464146B01DDDF7FB
:102E70008FFA02278DF83070CA208DF83300912028
:102E80008DF83400DEF782FBE5F7A0FCADF83800E2
:102E90008DF831408DF8327049208DF835001020C2
:102EA0008DF83600AD1D0F95DEF770FB03214FF452
:102EB000FA6207ABCDE90221CDE9003708AB324613
:102EC0000CA9E6F78BFE0D46044654EA05002ED009
:102ED00040F2BF100090214B21A20021CDE9024514
:102EE0002EA0F7F78DFE20462946F4F725F928B1E4
:102EF0002AE0E220002114B0BDE8F08122462B46F2
:102F000001A8F4F75DF801A804AB07C807C3DDE921
:102F1000042106984FF4E073CDE90032CDE90210A8
:102F20000E4B20A200211DA0F7F76AFE0CE0BDF8B1
:102F30001C0078B140F2C511CDE90010074B1DA26D
:102F4000002116A0F7F75CFE304609F0F9FA20469A
:102F50002946D0E700200146CDE70000A6F403088B
:102F60005B25733A256429205265706F7274206264
:102F7000757269656420706F696E74206461746134
:102F80002073796E632073656E64206572726F7250
:102F90003A30782530386C6C582E000061757468B2
:102FA000000000005B25733A2564292025732573F2
:102FB000257300005B25733A256429205265706FE4
:102FC00072742062757269656420706F696E742016
:102FD000646174612061636B636F64652065727204
:102FE0006F723A30782530386C6C582E0000000033
:102FF0002DE9F04399B00746FDF7C2FC002615966F
:1030000016961796189611961296139614960E9673
:103010000F961096242105A8DDF7D5F96248E1F74F
:103020009DF804460D4654EA05000CD07D20009022
:103030005E4B5FA200216AA0F7F7E2FD2046294619
:1030400019B0BDE8F08304A8F8F738FB04460D4634
:1030500054EA050009D083200090544B624A0021B5
:10306000CDE902455EA0F7F7CBFD9DF81000862163
:10307000CDE900104D4B5D4A022159A0F7F7C0FD84
:1030800004208DF838008DF8396040F20350ADF817
:103090003E009DF8400020F01F00401C8DF84000CD
:1030A000BDF8400020F4FC60ADF840009DF8101021
:1030B0009DF8410061F3C6008DF8410002248DF8AF
:1030C0005440DEF763FAE5F781FBADF85C00BDF82C
:1030D0003E00010A41EA40108DF8570027208DF884
:1030E00058008DF855608DF856403C208DF85900F9
:1030F00039208DF85A000A201890DEF747FA4FF071
:1031000005094FF47A7123220DF11408CDE9021953
:10311000CDE9008211AB0EAA15A9E6F75FFD0446C2
:103120000D4654EA050002D19DF81400B0B19DF897
:103130001400A121CDE900101C4B2DA2002128A0D4
:10314000F7F75EFD184800780A2802D02046294685
:1031500076E787F800900020014671E79DF8161089
:103160000DF117000E54AB21CDE900100F4B2DA22D
:1031700002211BA0F7F744FD8DF81A60394608F1CB
:10318000030000F01DF90D46044654EA050007D07F
:10319000B1200090054B2CA2002111A0F7F730FDC3
:1031A000204629464CE70000F8BD0120D6EB030875
:1031B0005B25733A25642920476574206169726331
:1031C0007261667420696E666F20706172616D2035
:1031D000636F6E666967206572726F72000000002F
:1031E000696E666F72000000388A0408848A0408D9
:1031F0005B25733A256429204765742053444B208E
:1032000061646170746572207479706520636F6D9C
:103210006D616E64206572726F722C20636F6465DD
:10322000202564005B25733A256429204164617080
:103230007465722073657269616C206E756D62656C
:10324000723A2025730000005B25733A256429201B
:103250004661696C20746F20636F6E7665727420AE
:1032600070726F6475637420636F646520746F207F
:103270006164617074657220747970652E0000005D
:10328000032101700020014670470000F0B58DB0A9
:103290000746002609960A960B960C960596069602
:1032A000079608962B48E0F759FF04460D4654EA66
:1032B00005000BD04B200090274B28A2022133A001
:1032C000F7F79EFC204629460DB0F0BD02248DF88C
:1032D0002440DEF75BF9E5F779FAADF82C001D48DC
:1032E000C0788DF8270065208DF828008DF82560BE
:1032F0008DF826403C208DF829003D208DF82A00CD
:103300000C96DEF743F905214FF47A7204ABCDE950
:103310000221CDE9003405AB002209A9E6F75EFCE5
:1033200004460D4654EA050002D19DF8100050B144
:1033300060200090084B17A2002114A0F7F760FC52
:1033400020462946C0E79DF811003870002001464C
:10335000BAE70000F8BD0120B3EB03085B25733A20
:1033600025642920476574206169726372616674FF
:1033700020696E666F20706172616D20636F6E668A
:103380006967206572726F7200000000696E666F77
:10339000720000005B25733A25642920476574207C
:1033A00053444B2061646170746572207479706558
:1033B00020636F6D6D616E64206572726F720000C4
:1033C0002DE9F047814688464FF480740025002699
:1033D000094F494657F82600DDF725F830B1761C2D
:1033E000062EF6D320462946BDE8F08788F800600F
:1033F00000242546F6E7000000C301207FB50646FD
:103400001E48E6F741FF04460D462C430BD04D20E5
:1034100000901B4B1BA2002123A0F7F7F1FBE32038
:10342000002104B070BD15480079012802D00020A9
:103430000146F6E71E48067010481EA11838816044
:103440002049C160E6F7A0FF0C49183903F052FF8C
:103450000D46044654EA05000CD05C200090084B51
:1034600019A20021CDE902450FA0F7F7C9FB2046BC
:103470002946D6E720462946D3E7000080DC012014
:1034800024BF03085B25733A2564292043616E2716
:10349000742067657420636F726520636F6E666960
:1034A0006720706172616D00636F726500000000DB
:1034B00004C20120537461746550757368576F724C
:1034C0006B000000BD3502085B25733A2564292096
:1034D000444A492077696467657420776F726B206E
:1034E0006372656174652073746174203D20307867
:1034F0002530386C6C580000FEB5064601A8E1F78F
:103500004DFB04460D4654EA050009D0CC2000903E
:103510001D4B1EA2002127A0F7F772FBE0B2FEBDF3
:10352000012E09D0022E09D0032E09D0052E26D057
:10353000042E26D00F20FEBD0120FEBD0220FEBDC0
:10354000BDF80600432818D0442816D04D2814D0C2
:103550004F2812D05B2810D05D280ED04E280CD0FA
:1035600063280AD0A0F54071DE3906D0642804D063
:10357000B0F57A7F01D00320FEBD0420FEBD0620F9
:10358000FEBD0720FEBD000065BF03085B25733A42
:1035900025642920476574206169726372616674CD
:1035A000206261736520696E666F206572726F724A
:1035B00000000000636F7265000000002DE9F04715
:1035C000ADF5BB6D44210DF29450DCF7FCFE0DF21D
:1035D00095560027B097B197B297B397FDF7B2F918
:1035E000614D287901280CD1701FE1F79FFF084336
:1035F0000BD0852000905D4B5DA2002167A0F7F7FE
:10360000FFFA0DF5BB6DBDE8F0876846FDF7D8FA07
:103610004FF430726946B4A8DCF7BAFE9DF8950500
:1036200040F001008DF895055E4C2078FFF764FFAF
:103630009DF8951560F3440121F020008DF8950563
:103640009DF8901529B340F040008DF895050DF2D6
:103650006E508046DCF7E0FE20B11F224146701C10
:10366000DCF7CEFE8DF8B6754FF002098DF8B795F0
:10367000E6F77EFE4FF00508B0FBF8F16068421CEB
:103680006260B0FBF1F201FB12000028B9D1002406
:1036900065E020F040008DF89505D8E728780228ED
:1036A00031D1687802282ED101208DF8C0028DF822
:1036B000C1728DF8C272DDF769FFE5F787F8ADF8E2
:1036C000C8020A208DF8C30203208DF8C4028DF8C9
:1036D000C5728DF8C6824120B3900DF2945A281914
:1036E00080798DF89405DDF751FF5246B0A9E5F7D2
:1036F00099FD084307D0AD2000901C4B2AA2002161
:1037000026A0F7F77DFA8DF8C0928DF8C1728DF87A
:10371000C272DDF73BFFE5F759F8ADF8C802E8786B
:103720008DF8C302281980798DF8C4023C208DF8E9
:10373000C50210208DF8C6024020B390DDF726FFA9
:103740003246B0A9E5F76EFD084307D0BE200090D1
:10375000064B15A2002111A0F7F752FA641C6879F4
:10376000A0429BDC4DE7000080DC012050BF030835
:103770005B25733A25642920476574206170706C5D
:1037800069636174696F6E20726561647920737416
:10379000617465206572726F72000000636F7265FC
:1037A0000000000004C201205B25733A2564292033
:1037B00053656E642073646B207075736820737436
:1037C000617465206572726F72000000000640EA45
:1037D000014040EA02201843704700002DE9F04FF5
:1037E0008BB00C4605460178427801EB022121801E
:1037F000801C4FF0000BCDF81CB0CDF820B0CDF8F8
:1038000024B0CDF828B000210DF11C0A0BE00AF815
:103810000120491C401C421B122A04DDEC2000211F
:103820000BB0BDE8F08F0278002AF0D110F8012B20
:103830000AF8012006462022314604F12800DCF770
:10384000A7FD06E0761C701B402802DDEC2000215D
:10385000E6E730782028F5D1701C06E0401C411BBB
:10386000402902DDEC200021DAE701782029F5D19A
:10387000401C002109E063181A76401C491C421BB9
:10388000402A02DDEC200021CAE702782D2AF2D17D
:10389000214481F818B0401C002600274FF0000892
:1038A0004FF000096FF02F020BE006EB860302EBEE
:1038B0004303CE18401C411B402902DDEC200021AF
:1038C000AEE701782E29F0D1401C0BE007EB87030F
:1038D00002EB4303CF18401C411B402902DDEC20C2
:1038E00000219DE701782E29F0D1401C0CE008EB67
:1038F000880302EB430301EB0308401C411B4029F2
:1039000002DDEC2000218BE701782E29EFD1401C4D
:103910000CE009EB890302EB430301EB0309401CB4
:10392000411B402902DDEC20002179E701780029C4
:10393000EFD109F0FF0308F0FF02F9B2F0B2FFF790
:1039400045FF606200231A4602210320FFF73EFF75
:10395000616A884225D99DF81C009DF81D109DF8CC
:103960001F2000EB01209DF81E10090401EB0261ED
:10397000084460600AF1040000210BE063181A7229
:10398000491C401CA0EB0A02121F0C2A02DDEC208D
:10399000002145E70278002AF0D12144007808721E
:1039A00015E0C4F804B007A800210AE063181A72F1
:1039B000491C401CA0EB0A02102A02DDEC20002169
:1039C0002EE70278002AF1D1214400780872002302
:1039D0001A4601210320FFF7F9FE616A04F1080588
:1039E000884208D2AD20CDE90005194B19A2032168
:1039F00021A0F7F705F9AF208DE8C103144B20A2F1
:103A000003211DA0F7F7FCF800231A46022103202A
:103A1000FFF7DCFE616A884209D96068B121CDE90F
:103A200000100B4B1EA2032113A0F7F7E9F8234C5B
:103A3000207850B1B5208DE8E103054B204A0221E2
:103A40000DA0F7F7DDF884F800B000200146E7E6A6
:103A5000E3EC03085B25733A256429204465766905
:103A600063652053657269616C204E6F2E203D2086
:103A7000252E3136730000007574696C73000000E8
:103A80005B25733A256429204669726D77617265FA
:103A9000203D2025642E25642E25642E25640000FB
:103AA0005B25733A2564292056657273696F6E2011
:103AB000435243203D20307825580000A83900208B
:103AC000248B040838B505460C46FCF759FF01461F
:103AD000A088C96B00018847286058B1A1880A01F5
:103AE0002168DCF755FCA088A880A079A871002087
:103AF000014638BD31200090044B05A200210AA0E8
:103B0000F7F77EF8E220002138BD000010EE030830
:103B10005B25733A256429204D616C6C6F632065C9
:103B200072726F72000000007574696C730000009F
:103B30002DE9F04105460B46174600240426AA88C5
:103B400032E0296895F806C001EB04100068604572
:103B500001D0401C27D106EB04100858984222D10E
:103B6000002001460822D5F800C002EB04125CF8E0
:103B700002C0BCF1000F03D0A8793A461946E047CD
:103B8000084308D0286806EB04114058401C08D0B0
:103B90004FF0FF33D1E70C21286801EB0411405CA2
:103BA000A871BDE8F081641CA242CADCF9E70000FC
:103BB00038B50546FCF7E4FE04462846DCF72CFC45
:103BC000E26B401C904704464CB12846DCF724FCCD
:103BD000421C29462046DCF7DBFB204638BD40204E
:103BE0000090044B04A2002109A0F7F709F8002077
:103BF00038BD000090BF03085B25733A2564292077
:103C00004D616C6C6F63206572726F720000000012
:103C10007574696C7300000070B505460E46144655
:103C20003046DCF7F9FBA04203D83046DCF7F4FB62
:103C30000446224631462846DCF7AAFB281970BD07
:103C4000034850F821001060002001467047000032
:103C5000584300203EB50D4609491446E92351F862
:103C60002000CDE900050292064A07490220F7F735
:103C700075F8064840F82540002003B0014630BDE5
:103C8000D0340020962203084C1504085843002025
:103C90007FB5FCF775FE054602F084F804460E4633
:103CA000084303D05623204A20A11DE02C48008859
:103CB000ADF808002B480068039002A802F0DAFB78
:103CC00004460E46084303D09223174A26A10BE070
:103CD00015480921B43802F011FD0E460446304360
:103CE0000BD0114A99232FA1CDE900460020F7F708
:103CF00035F82046314604B070BD384800902C6835
:103D000000234FF40062364936A0A047084307D08D
:103D1000A023054A38A10020F7F720F8FF2000E093
:103D200000200021E7E70000682203085B25733AC2
:103D300025642920446A6920746573742077696456
:103D400067657420696E6974206572726F722C20C9
:103D500073746174203D2030782530386C6C5800C5
:103D600020C0012024C001205B25733A256429204E
:103D70004164642064656661756C7420776964676A
:103D8000657420756920636F6E666967206572725D
:103D90006F722C2073746174203D20307825303888
:103DA0006C6C58005B25733A256429205365742098
:103DB0007769646765742068616E646C6572206CF5
:103DC000697374206572726F722C20737461742031
:103DD0003D2030782530386C6C580000CC34002001
:103DE000253E0208757365725F7769646765745F65
:103DF0007461736B000000005B25733A2564292011
:103E0000446A6920776964676574207465737420F7
:103E10007461736B20637265617465206572726F83
:103E2000722E0000C8B000204690FCF7A9FD632563
:103E30005826044621274FF001084FF47A79216B68
:103E400046A8884750EA010207D0CDE90001C923FE
:103E5000124A13A10020F6F781FF1EA020A1CDE990
:103E60000410CDE90087CDE90265204AFF2106A8AC
:103E7000469B08F009FB06A801F046FB50EA010248
:103E800007D0CDE90001D923044A19A10020F6F793
:103E900065FFA16848468847D1E7000083220308F0
:103EA0005B25733A25642920476574207379737400
:103EB000656D2074696D65206D73206572726F7217
:103EC0002C2073746174203D2030782530386C6C60
:103ED0005800000030303A31343A313800000000E8
:103EE000466562203230203230323500BC1504087D
:103EF0005B25733A25642920466C6F6174696E678F
:103F00002077696E646F772073686F77206D6573B3
:103F100073616765206572726F722C2073746174AF
:103F2000203D2030782530386C6C580030B587B093
:103F3000104805900320ADF81800DDF727FB05A910
:103F4000E4F7DAFE04460D4654EA05000ED0482098
:103F5000084B0090303308A20021CDE9024516A09D
:103F6000F6F74EFE2046294607B030BD0020014638
:103F7000FAE70000A4BF03085B25733A25642920F3
:103F80007265676973746572204150502074696D61
:103F9000652073796E6320636F6D6D616E64206858
:103FA000616E646C6572206572726F723A2030784F
:103FB0002530386C6C582E0074696D655F73796EAE
:103FC000630000007FB5FFF7B1FF04460D4654EAD9
:103FD00005000DD046200090074B08A20021CDE936
:103FE000024514A0F6F70CFE2046294604B070BD29
:103FF00000200146FAE70000828103085B25733A3E
:1040000025642920646A69206170702074696D6577
:104010002073796E63206D6F64756C6520696E69BD
:1040200074206572726F723A2030782530386C6C6B
:10403000582E000074696D655F73796E630000002F
:10404000F0B58DB0164600270B970C970797089789
:1040500009970A97334C2078002813D17279B179E7
:104060003379F078CDE90432069103903188B07845
:104070006E22CDE9002102902B4B2CA2022139A007
:10408000F6F7BEFD012020700BA8E0F787FD04467F
:104090000D4654EA05000DD075200090224B34A245
:1040A0000021CDE902452FA0F6F7AAFD20462946BA
:1040B0000DB0F0BD9DF83000022802D0002001466E
:1040C000F6E702208DF81C00DDF760FAE4F77EFBCE
:1040D000ADF82400E5208DF81F0004208DF82000A5
:1040E0008DF81D708DF81E703C208DF821001C206D
:1040F0008DF8220007200A90DDF748FA324607A91A
:10410000E5F790F804460D4654EA050007D08920EB
:104110000090054B23A2002112A0F6F771FD0020AC
:104120000146C5E70CC201200EC003085B25733AA7
:104130002564292043757272656E742074696D65FB
:104140003A20253034642E253032642E25303264F6
:1041500020253032643A253032643A253032642EDC
:104160000000000074696D655F73796E6300000084
:104170005B25733A25642920676574206169726341
:1041800072616674206261736520696E666F726D1C
:104190006174696F6E206572726F723A2025642EA9
:1041A000000000005B25733A256429207075736850
:1041B000206170702074696D65206572726F720085
:1041C0002DE9F04788B09846DDE910A306460F4672
:1041D000144600200022069207920492059281461E
:1041E000B8F1000F09D0334901EB00152D789D423D
:1041F00010D1012201EB00190FE05B2000902E4B43
:104200002EA2002135A0F6F7FBFCE320002108B028
:10421000BDE8F087401C0228E6D3B2B106AA2146C9
:10422000484600F073F804460D4654EA050019D0DC
:104230006E200090204B2B4A0021CDE9024527A09B
:10424000F6F7DEFC20462946E1E76820CDE90003C9
:10425000194B25A2002121A0F6F7D2FC4FF4807063
:104260000021D4E704AA5146484600F04FF80D4615
:10427000044654EA05000CD0742000900E4B194AF5
:104280000021CDE9024515A0F6F7BAFC20462946E3
:10429000BDE7DDE90612A6FB010307FB013106FBC2
:1042A0000211DDE90423DBF7E9FFC8E90001002082
:1042B0000146ACE7B0C201202CC003085B25733A6D
:1042C00025642920696E70757420706F696E74653D
:1042D00072206973206E756C6C2E00007574696CA9
:1042E00073000000708604085B25733A256429205A
:1042F000756E697420747970652025642069732057
:104300006E6F7420666F756E642E00007CB500239E
:10431000002A01D0047B1BE084200090144B15A2DE
:1043200000211CA0F6F76CFCE32000217CBD856811
:1043300005EB03152D688D4209D18068082101EB3A
:104340000311084403C803C2002001467CBD5B1C66
:104350009C42ECDC8F20CDE90001054B0FA200212F
:104360000CA0F6F74DFC4FF4807000217CBD0000DE
:104370003FC003085B25733A25642920696E707578
:104380007420706F696E746572206973206E756C2D
:104390006C2E00007574696C730000005B25733A25
:1043A00025642920756E6974202564206973206E48
:1043B0006F7420666F756E642E00000070B5044641
:1043C0002021DCF700F8102104F12000DBF7FBFFCF
:1043D000202104F13000DBF7F6FF04F150004FF428
:1043E00000710546DBF7EFFF04F514704021064627
:1043F000DBF7E9FF0020C4F89002A4F8940284F8E7
:1044000096022BA12AA0DCF70EF8002847D02CA199
:104410002BA0DCF708F8002841D02CA12BA0DCF75A
:1044200002F800283BD02DA12CA0DBF7FCFF0028D0
:1044300035D02FA12EA0DBF7F6FF00282FD032A118
:1044400035A0DBF7F0FF002829D01F2218A1204655
:10445000DBF7D6FF1AA01022016821624168616271
:1044600000892085642084F82A0018A0016821634F
:10447000416861638068A06318A12846DBF788FF64
:1044800025A03F220168C4F890128088A4F8940205
:1044900017A13046DBF7B4FF0020002170BD40F2C9
:1044A000E9131F4A1F490020F6F758FCE320F4E700
:1044B000796F75725F6170705F6E616D650000008D
:1044C000796F75725F6170705F696400796F757282
:1044D0005F6170705F6B657900000000796F7572C5
:1044E0005F6170705F6C6963656E736500000000EA
:1044F000796F75725F646576656C6F7065725F6108
:1045000063636F756E740000796F75725F626175B9
:10451000645F7261746500003436303830300000FA
:104520009C210308B814040886B000203A4C02907D
:104530000390049042F210750590284605F051F85A
:1045400020780028F9D004AA02A9012005F07CFCFB
:10455000BDF80C100298CDE9000140F28F132F4AEC
:104560002F490320F6F7FAFBBDF814100498CDE9A3
:10457000000140F29113294A2A490320F6F7EEFB85
:1045800004AA02A9022005F05FFCBDF80C100298F5
:10459000CDE9000140F29713204A23490320F6F7A2
:1045A000DDFBBDF814100498CDE9000140F2991329
:1045B0001A4A1E490320F6F7D1FB04AA02A90320D8
:1045C00005F042FCBDF80C100298CDE9000140F264
:1045D0009F13124A16490320F6F7C0FBBDF81410CA
:1045E0000498CDE9000140F2A1130C4A11490320BF
:1045F000F6F7B4FB6068401C60600CF0ADFF01464C
:104600000D484FF4E373411ACDE90010034A0BA1A2
:104610000220F6F7A3FB90E7C034002088210308AE
:10462000C0120408BC13040814130408101404086E
:104630006813040864140408905F01005B25733A52
:10464000256429205573656420686561702073694D
:104650007A653A2025642F25642E0D0A000000009B
:104660000A4610B50146012005F092FD00200146E2
:1046700010BD000010B5ADF5447D44226349A6A8E5
:10468000DBF786FE614C1422203CD4E90101CDE920
:10469000C00104F16401BBA8DBF77AFE04F17800E5
:1046A0000DF5377C0FC88CE80F0024684FF4E1311A
:1046B000012005F0EBFB012004F04EFE012004F088
:1046C00075FE53A007F0D0FE04F08AFE4FF4FA60A6
:1046D00004F087FF51A007F0C7FEA6A8FCF7E0F999
:1046E000084301D050A01CE056A007F0BDFEBBA8B7
:1046F000FCF7A0F9084301D055A012E05CA007F038
:10470000B3FEB7A8FCF764F9084301D05BA008E04A
:1047100062A007F0A9FEC0A8F6F738FA084303D054
:1047200061A007F0A1FE43E066A007F09DFE684689
:10473000FFF744FE084304D0344AA423143A64A18A
:1047400033E072A007F090FE2046E6F7B7FC08437E
:1047500004D02E4AAA23143A6FA126E077A0E6F7E8
:10476000BFFC084304D0294AB023143A77A11CE0C7
:104770006846E5F70DFE084304D0244AB623143AF0
:104780007AA112E0C2A8E0F709FA084304D01F4A50
:10479000BC23143A7BA108E084A0E6F7C5FB0843DC
:1047A00010D01A4AC223143A84A10020F6F7D6FA90
:1047B00088A007F059FE0DF0F5FA0CF02BFC0DF572
:1047C000447D10BDFFF764FA084306D00F4ADA2390
:1047D000143A83A10020F6F7C1FAE5F79FFD0843DC
:1047E00007D00A4A4FF4B173143A86A10020F6F7B5
:1047F000B5FA8D4901204FF4FA740870204604F090
:10480000F0FE012004F0E0FDF8E70000202103089D
:104810000D0A74657374310D0A0000000D0A746589
:104820007374320D0A0000007265676973746572F3
:10483000206F73616C2068616E646C6572206572B4
:10484000726F72000D0A74657374330D0A000000F4
:1048500072656769737465722068616C2075617236
:10486000742068616E646C6572206572726F72008C
:104870000D0A74657374340D0A000000726567696F
:10488000737465722068616C206932632068616EA0
:10489000646C6572206572726F7200000D0A746537
:1048A0007374350D0A000000616464207072696ED3
:1048B000746620636F6E736F6C65206572726F72C1
:1048C000000000000D0A74657374360D0A000000C4
:1048D0005B25733A2564292066696C6C20757365C5
:1048E0007220696E666F206572726F722C20706C18
:1048F0006561736520636865636B207573657220FD
:10490000696E666F20636F6E666967000D0A746575
:104910007374370D0A0000005B25733A2564292063
:10492000736574206669726D776172652076657251
:1049300073696F6E206572726F7200005053444B42
:104940003132333435363738585800005B25733AE6
:10495000256429207365742073657269616C206E0B
:10496000756D626572206572726F72005B25733AB5
:1049700025642920636F726520696E6974206572F1
:10498000726F72005B25733A256429206765742075
:104990006169726372616674206261736520696E19
:1049A000666F206572726F72000000005053444BB6
:1049B0005F415050414C4941530000005B25733A20
:1049C0002564292073657420616C696173206572A8
:1049D000726F72000D0A6F7574210D0A00000000DD
:1049E0005B25733A256429207769646765742073B1
:1049F000616D706C6520696E6974206572726F728A
:104A0000000000005B25733A2564292073746172ED
:104A1000742073646B206170706C69636174696F7A
:104A20006E206572726F7200C0340020002801D0C1
:104A300001A0704702A07047537570706F727400C8
:104A40004E6F7420537570706F7274002DE9F041D1
:104A500007463D6AFBF794FF0646002407E06868B6
:104A600004EB440150F82100316C8847641C28880D
:104A7000A042F4DC316C68688847316C386A88473A
:104A800000200146BDE8F0812DE9F0410F46FBF71B
:104A900077FF06463C68256808E0A06808B1326CDC
:104AA0009047326C204690472C462D68BC42F4D18A
:104AB00000200146BDE8F0812DE9F8438846066AEA
:104AC000FBF75EFF07464046F6F756F8002413E072
:104AD000F96B0C2088470546280014D0706804EB59
:104AE000440150F82100FFF763F8A860B0B14146D7
:104AF0002846F6F731F8641C3088A042E8D8002038
:104B00000146BDE8F8839C2000900A4B0AA20021D0
:104B10000FA0F6F775F8E2200021F2E7A22000903E
:104B2000044B05A200210AA0F6F76AF8E220002152
:104B3000E7E700008EEE03085B25733A2564292021
:104B40004D616C6C6F63206572726F7200000000C3
:104B50007769646765740000002010600146704743
:104B60002DE9F04385B01746DDF830909846066A87
:104B700004AA00F04BF804460D4654EA05000ED096
:104B8000E72000900E4B0FA20021CDE902451DA0A9
:104B9000F6F736F82046294605B0BDE8F0830498BC
:104BA000716800EB4000082202EB80000858424682
:104BB000C1194846DBF7ECFB00200146ECE700009A
:104BC000D1EE03085B25733A25642920446A6957AE
:104BD000696467657446696C6541727261795F47A3
:104BE000657446696C65496E646578206572726F9C
:104BF000722C2073746174203D2030782530386C1D
:104C00006C5800007769646765740000F8B50F465A
:104C10001646056A002409E0686804EB440150F870
:104C200021103846DBF7FFFB70B1641C2888A042D6
:104C3000F2D8FD200090064B06A200210DA0F5F74A
:104C4000DFFFE3200021F8BD346000200146F8BDFD
:104C5000F0EE03085B25733A2564292043616E2733
:104C6000742066696E642066696C65206172726189
:104C7000790000007769646765740000F0B585B05D
:104C80001746066A04AAFFF7C1FF04460D4654EA18
:104C900005000DD0C82000900B4B0CA20021CDE9DF
:104CA00002451AA0F5F7ACFF2046294605B0F0BD35
:104CB0000498716800EB4000042202EB8000085861
:104CC000386000200146F1E7B2EE03085B25733A35
:104CD00025642920446A6957696467657446696C6C
:104CE0006541727261795F47657446696C65496EAA
:104CF000646578206572726F722C20737461742001
:104D00003D2030782530386C6C5800007769646736
:104D100065740000F8B504460F46FBF731FE054602
:104D20000820E96B8847206260B1044639892180F8
:104D300001EB4100E96B800088470146606061B18A
:104D400000252FE0662000901F4B20A2002125A007
:104D5000F5F756FFE2200021F8BD6F2000901A4BB6
:104D60001AA200211FA0F5F74BFFE2200021F8BD99
:104D7000F86805EB450650F82600FEF719FF616854
:104D800041F82600616898B10420FA6800EB8600BB
:104D900012580A500820F96800EB8600626809582A
:104DA00011506D1C2088A842E2DC00200146F8BDAD
:104DB00077200090044B05A200210AA0F5F720FF00
:104DC000E2200021F8BD000076EE03085B25733A6F
:104DD000256429204D616C6C6F63206572726F725F
:104DE0000000000077696467657400001FB50A4819
:104DF00000F004FA50EA010209D0CDE90201562080
:104E00000090064B06A2002114A0F5F7F9FE002041
:104E100004B0014610BD0000AC3900205AEE030872
:104E20005B25733A2564292052656769737465723E
:104E3000207769646765742066696C65206F626AB3
:104E4000656374206572726F722C207374617420B4
:104E50003D2030782530386C6C58000077696467E5
:104E60006574000010B50446FBF78AFD0146206A10
:104E7000096C88470020014610BD10B50846F2F7BE
:104E80003FFA0020014610BD7FB50A46016A0020A6
:104E9000F2F74CFA04460D4654EA05000DD07F2087
:104EA0000090074B07A20021CDE9024515A0F5F7B8
:104EB000A7FE2046294604B070BD00200146FAE74F
:104EC00046EF03085B25733A25642920446A694646
:104ED000696C6553656172636865725F47656E658D
:104EE0007261746546696C654C6973742065727291
:104EF0006F722C2073746174203D20307825303817
:104F00006C6C580077696467657400007FB508466B
:104F10001146F2F771FB04460D4654EA05000DD028
:104F2000A8200090074B08A20021CDE9024514A05B
:104F3000F5F766FE2046294604B070BD2046294696
:104F4000FAE700008BEF03085B25733A25642920FC
:104F5000446A6946696C655F47657443726561744C
:104F60006554696D65206572726F722C207374616F
:104F700074203D2030782530386C6C5800000000DB
:104F8000776964676574000030B585B014461A46C9
:104F9000089B084604A900912146F2F771FB0446DC
:104FA0000D4654EA05000DD0B9200090074B08A229
:104FB0000021CDE9024515A0F5F722FE204629463D
:104FC00005B030BD20462946FAE70000ADEF0308E2
:104FD0005B25733A25642920446A6946696C655FDC
:104FE00047657446696C65446174614279506174C7
:104FF00068206572726F722C2073746174203D207A
:1050000030782530386C6C58000000007769646790
:10501000657400007FB508461146F2F76BFB044645
:105020000D4654EA050009D099200090054B06A2D0
:105030000021CDE9024513A0F5F7E2FD04B02046BA
:10504000294670BD6BEF03085B25733A2564292060
:10505000446A6946696C655F47657446696C655367
:10506000697A65427950617468206572726F722C3A
:105070002073746174203D2030782530386C6C5872
:1050800000000000776964676574000038B5054664
:105090000C46FBF775FCC16B4FF4807088472862A3
:1050A00058B105466068DBF7B7F9421C28466168CD
:1050B000DBF76EF90020014638BD63200090044BF9
:1050C00004A2002109A0F5F79BFDE220002138BDD4
:1050D0002DEF03085B25733A256429204D616C6C24
:1050E0006F63206572726F720000000077696467F9
:1050F000657400001FB50A4800F080F850EA01020C
:1051000009D0CDE9020153200090064B06A20021F0
:1051100014A0F5F775FD002004B0014610BD000095
:105120001CC3012010EF03085B25733A2564292076
:105130005265676973746572207769646765742066
:1051400066696C65206F626A656374206572726F50
:10515000722C2073746174203D2030782530386CB7
:105160006C580000776964676574000081680847BF
:1051700002691047C26810478369184738B5049C14
:105180000094C469A04738BD4369184708B5002199
:105190000B4B53F821202AB11278824202D153F8E6
:1051A000210008BD491C0529F3DB5B200090054B5D
:1051B00005A200210EA0F5F723FD002008BD000088
:1051C00010BE012025EE03085B25733A25642920D3
:1051D00043616E27742066696E6420776964676531
:1051E000742066696C65206F626A656374000000F4
:1051F00077696467657400004268104708B500214C
:105200000C4A52F821303BB1491C0529F9DB05292C
:1052100005D00020014608BD42F82100F7E76D20C7
:105220000090054B05A2002110A0F5F7E9FCFF2036
:10523000002108BD10BE01203DEE03085B25733A36
:10524000256429205265676973746572206F626AEC
:1052500065637420636F756E74206D6F7265207462
:1052600068616E20646566696E65000077696467D1
:10527000657400002DE9F04F87B004460E461746CE
:10528000FBF77EFB81464FF0000ACDF80CA0CDF86D
:1052900010A0CDF814A0CDF818A09CB1002F1DD0FF
:1052A000FF2E27D9FF2040F2B331CDE900104F4B3C
:1052B0004FA200215DA0F5F7A3FCE320002107B079
:1052C000BDE8F08F40F2A9300090484B59A2002170
:1052D00056A0F5F795FCE3200021F0E740F2AE3050
:1052E0000090424B5FA2002150A0F5F789FCE3201B
:1052F0000021E4E7D9F83C10701C884780465FEA3B
:10530000080046D0711CDBF75EF888F80060324672
:10531000214608F10100DBF73BF802208DF80C0074
:10532000DCF734F9E3F752FAADF81400DFF868B1AE
:105330009BF803008DF80F009BF804008DF8100017
:105340008DF80DA08DF80EA03C208DF811001F20C7
:105350008DF81200701C0690DCF718F9424603A97C
:10536000E3F760FF0D46044654EA05000AD040F218
:10537000CF3000901D4B49A200212CA0F5F740FC36
:10538000A7F800A09BF8000003280ED006280CD038
:1053900024E040F2BA300090144B4BA2002123A02D
:1053A000F5F72EFCE220002189E766208DF8100039
:1053B000DCF7ECF8424603A9E3F734FF04460D4658
:1053C00054EA05000AD040F2D9300090074B33A2CE
:1053D000002116A0F5F714FCA7F800A03E80D9F82C
:1053E0004010404688472046294668E7AF830308B7
:1053F0005B25733A256429206C656E677468206F9D
:1054000066206D65737361676520746F2062652027
:1054100073656E74206973206772656174657220AC
:105420007468616E2025642E00000000776964674F
:10543000657400005B25733A25642920706F696EDE
:1054400074657220746F206D657373616765207475
:105450006F2062652073656E74206973206E756CB1
:105460006C2E00005B25733A25642920706F696EED
:1054700074657220746F207265616C53656E644C44
:10548000656E20746F2062652073656E7420697389
:10549000206E756C6C2E0000383600205B25733A48
:1054A000256429207075736820666C6F617420779D
:1054B000696E646F77206D657373616765206572CF
:1054C000726F722E000000005B25733A256429205C
:1054D000666C6F61742077696E646F77206D657399
:1054E0007361676520707573682072657175657387
:1054F0007420636F6E74656E74206D616C6C6F6385
:10550000206572726F722E007FB5044640F24F2103
:105510001D48E5F7DBFE002C29D02046DAF77CFF9A
:10552000FF2808D940F257200090174B17A20021FE
:1055300026A0F5F765FB2046DAF76EFF0246214606
:105540002448F2F779FF04460D4654EA05000AD0D4
:105550004FF4177000900C4B1F4A0021CDE9024513
:105560001AA0F5F74DFB2046294604B070BD40F265
:1055700052200090044B19A2002114A0F5F740FB23
:10558000E3200021F1E70000DA8203085B25733A8B
:1055900025642920466C6F6174696E672077696E97
:1055A000646F7773206D65737361676520737472C0
:1055B000696E67206C656E677468206D6F72652018
:1055C0007468616E206C696D697400007769646746
:1055D0006574000078D20120501F04085B25733ADF
:1055E00025642920466C6F6174696E672077696E47
:1055F000646F7773206D6573736167652073747270
:10560000206973204E554C4C000000002DE9F04FEE
:105610008BB004460D4616469B46FBF7B1F9824611
:10562000DAF83C000590DAF84000069005A808F08A
:1056300087FA2946204608F0C7FA0A900A9808F027
:10564000A3FA50B14C200090A24BA3A20021ACA021
:10565000F5F7D6FAE324002536E1ABA10A9808F065
:1056600064FAADA108F061FA0990099808F050FABF
:1056700081465520CDE90009964BAAA20321A0A09E
:10568000F5F7BEFAB4A10A9808F04FFAA2A108F003
:105690004CFA0890089808F03BFA04465A20CDE9E5
:1056A00000048C4BB1A2032195A0F5F7A9FA09EBF0
:1056B000040080B2ABF8000068B1DAF83C10C0001A
:1056C0008847306050B1BBF80010C900DAF77BFEA4
:1056D0004FF000086DE000242546F5E063200090BF
:1056E0007C4BB0A2002186A0F5F78AFAE2240025BF
:1056F000EAE04146099808F005FA0790AFA107983B
:1057000008F013FA10B33168406941F83800AFA1CE
:10571000079808F00AFA20B308F00AFA60B30421E7
:10572000326801EBC807D11900F0A8F904460D460C
:1057300054EA05002BD082200090664BA64A002137
:10574000CDE902456EA0F5F75BFAB9E06D20009057
:10575000604BA24A00216AA0F5F752FAE324002523
:10576000AEE0742000905B4B9D4A002164A0F5F7E9
:1057700047FAE3240025A3E07B200090554B99A233
:1057800000215FA0F5F73CFAE324002598E030689B
:10579000C05D04280BD1A1A1079808F0C6F960B13B
:1057A00008F0B6F90521326801EBC801505408F140
:1057B0000108C8459DDB4F466CE089200090454BB1
:1057C00099A200214EA0F5F71BFAE324002577E00B
:1057D000A7EB0901089808F095F9079077A10798B9
:1057E00008F0A3F918B33168406941F8370077A190
:1057F000079808F09AF928B308F09AF968B30421D9
:10580000326801EBC70802EB080100F037F90D46DA
:10581000044654EA05002BD0AA2000902D4B6E4A76
:105820000021CDE9024536A0F5F7EAF948E09520D8
:105830000090284B694A002131A0F5F7E1F9E324F3
:1058400000253DE09C200090224B654A00212CA0C1
:10585000F5F7D6F9E324002532E0A32000901D4B94
:1058600060A2002126A0F5F7CBF9E324002527E06C
:10587000306810F8080004280BD168A1079808F0D8
:1058800054F998B108F044F90521326801EBC701D9
:1058900050547F1CBBF80000B84299DC0A9808F00D
:1058A0000DF9002001460BB0BDE8F08FB12000904B
:1058B000084B5DA2002112A0F5F7A2F9E324002510
:1058C000DAF84010306888470A9808F0F7F8204660
:1058D0002946E8E760C003085B25733A2564292060
:1058E0004A736F6E2066696C653A2066696C652044
:1058F000666F726D6174206572726F7200000000D5
:1059000077696467657400006D61696E5F696E74C4
:1059100065726661636500007769646765745F6CD2
:10592000697374005B25733A256429204A736F6E8E
:105930002066696C653A206D61696E20696E7465D8
:1059400072666163652077696467657420636F754B
:105950006E74203D20256400636F6E6669675F6921
:105960006E74657266616365000000005B25733AC2
:10597000256429204A736F6E2066696C653A20633E
:105980006F6E66696720696E746572666163652013
:1059900077696467657420636F756E74203D202598
:1059A000640000005B25733A256429204D616C6C0E
:1059B0006F63206572726F72000000007769646720
:1059C00065745F696E6465780000000077696467DC
:1059D00065745F7479706500B486040848870408AC
:1059E000048704085B25733A256429204A736F6E87
:1059F0002066696C653A2067657420746865207359
:105A00007472696E672076616C7565206F662069B7
:105A100074656D206572726F720000006C6973743A
:105A20005F6974656D0000005B25733A2564292069
:105A30004A736F6E2066696C653A2063616E2774E5
:105A40002066696E64203C6C6973745F6974656D6F
:105A50003E206974656D20696E207769646765749E
:105A600020636F6E6669670010B50446FAF788FF19
:105A7000016C2046BDE8104008470000F0B58DB02D
:105A800006460F462822134903A8DAF781FC0024B2
:105A900003AD314655F83400DAF7C5FC10B1641C8B
:105AA000052CF6D3052C07D005EBC400007938701F
:105AB000002001460DB0F0BDE020CDE90006054B09
:105AC00005A22B3B002110A0F5F79AF8E320002156
:105AD000F0E70000B8C003085B25733A256429206D
:105AE00043616E27742066696E6420776964676518
:105AF0007420747970652C2074797065206E616DE6
:105B000065203D2025730000776964676574000097
:105B100030B585B0044604A8DBF71AFD50EA01024F
:105B20001CD103A8DBF764FE50EA010216D1002065
:105B30009DF81010134B9DF80C2013F830508D4237
:105B40000ED103EBC0056D78954209D103EBC0007F
:105B500001682160406860600020014605B030BDEA
:105B6000401C1128E9D3BC208DE80700054B064AEC
:105B70008833002105A0F5F743F84FF48070002129
:105B8000ECE70000E0C003082C2C04087574696C75
:105B9000730000002DE9FF47074689469246E3243B
:105BA000002500262DE0786806EB460850F828000E
:105BB00000F07EFA20B37868042101EB8801082206
:105BC000415A02EB880289B2805853464A46FFF791
:105BD0001DFD0D46044654EA05000FD040F2055065
:105BE00000900B4B0B4A0021CDE902450AA0F5F7C6
:105BF00007F82046294604B0BDE8F0870024254672
:105C0000761C3888B042CEDC20462946F3E70000F7
:105C1000BB840308B02004087769646765740000DA
:105C20007FB5FAF7ADFE04460025164E6169F068AF
:105C3000884750EA01020DD0CDE902014FF4F87017
:105C40000090114B11A2002119A0F4F7D9FF0020F8
:105C500004B070BD307800B1174DA169F068884775
:105C600050EA01020CD0CDE9020140F2FD10009093
:105C7000054B12A200210EA0F4F7C2FF0020E7E7B7
:105C80002846E5E724360020A48203085B25733A02
:105C9000256429206C6F636B206D757465782065B1
:105CA00072726F723A2030782530386C6C582E0042
:105CB000776964676574000064D201205B25733ADC
:105CC00025642920756E6C6F636B206D7574657823
:105CD000206572726F723A2030782530386C6C58BB
:105CE0002E0000007FB5FAF74BFE0446154E6169A1
:105CF000F068884750EA01020DD0CDE9020140F278
:105D0000D9100090104B11A2002119A0F4F778FFD0
:105D1000002004B070BD184DA169F068884750EAB2
:105D200001020CD0CDE9020140F2E1100090064BD7
:105D300012A200210EA0F4F763FF0020E9E7284635
:105D4000E7E70000243600208A8203085B25733AC7
:105D5000256429206C6F636B206D757465782065F0
:105D600072726F723A2030782530386C6C582E0081
:105D7000776964676574000048D201205B25733A37
:105D800025642920756E6C6F636B206D7574657862
:105D9000206572726F723A2030782530386C6C58FA
:105DA0002E000000F0B58FB0FAF7EAFD0746892112
:105DB0006E48E5F78BFA0420E5F7EAFA6C48FFF73E
:105DC000A7FE04460D462C430BD08F200090674B56
:105DD00068A200216FA0F4F713FFE32000210FB0A9
:105DE000F0BD634EB07850B1942000905F4B6B4A89
:105DF000002168A0F4F704FFE0200021EFE75C48F1
:105E0000F968083888470D46044654EA05000CD066
:105E100099200090554B62A20021CDE902455DA07A
:105E2000F4F7EEFE20462946D9E7E6F701FA0D46DB
:105E3000044654EA05000AD09F2000904B4B62A212
:105E4000002154A0F4F7DCFE20462946C7E7694844
:105E5000F4F792FE6748B0EE000AA83080ED000A21
:105E60009FED650A80ED010A4FF400638360DA104C
:105E7000C26062490161FF2484822838C46BCDE985
:105E800001140092D0E90A125038F2F7B9F80D4621
:105E9000044654EA05000CD0AF200090334B584A1A
:105EA0000021CDE902453BA0F4F7AAFEEC20002139
:105EB00095E720222D49103105A8DAF769FAF07824
:105EC0008DF815008DF8250005A80D900220ADF87D
:105ED0003800DBF75BFB0DA9E2F70EFF04460D4629
:105EE00054EA05000CD0BF200090204B45A20021B1
:105EF000CDE9024527A0F4F783FE204629466EE748
:105F00003C484EA1903081604F49C160E4F73CFAB3
:105F10003849903101F0EEF90D46044654EA050087
:105F20000CD0C8200090114B48A20021CDE90245B9
:105F300018A0F4F765FE2046294650E7F0F74CFD1F
:105F400004460D4654EA05000CD0CE200090074BC5
:105F50004AA20021CDE902450EA0F4F751FE2046E9
:105F600029463CE70020014639E70000C8810308C4
:105F7000383600205B25733A2564292043616E275B
:105F8000742067657420706172616D20636F6E6646
:105F9000696700007769646765740000E01A0408A7
:105FA0005B25733A25642920637265617465206DF1
:105FB00075746578206572726F723A20307825307A
:105FC000386C6C582E0000005B25733A256429203C
:105FD000646A6920646F776E6C6F61646572206DAE
:105FE0006F64756C6520696E6974206572726F727A
:105FF0000000000048D201209A99993F755202088A
:10600000981F04085B25733A256429205265672090
:1060100077696467657420636D642068616E646C81
:106020006572206572726F722C2073746174203DEA
:106030002030782530386C6C580000005769646750
:106040006574576F726B00006D7002085B25733AC0
:1060500025642920444A492077696467657420775C
:106060006F726B2063726561746520737461742054
:106070003D2030782530386C6C5800005B25733A31
:106080002564292052656769737465722066696C9E
:106090006520776964676574206572726F722C2061
:1060A00073746174203D2030782530386C6C580052
:1060B00010B504462046DAF7AFF9122801D20020C5
:1060C00010BD2046DAF7A8F912280AD02046DAF7E0
:1060D000A3F91238204404460AA1DAF7A4F948B11A
:1060E0000CE008A12046DAF79EF908B1002010BDA7
:1060F000012010BD14F8010C2F2801D0002010BD84
:10610000012010BD7769646765745F636F6E6669AF
:10611000672E6A736F6E000038B5144699420AD034
:1061200040F26C4000900D4B0D4A00210DA0F4F799
:1061300067FD002038BDCA002146DAF782F950B168
:1061400040F274400090054B084A002105A0F4F786
:1061500057FD002038BD012038BD00001184030820
:10616000542204087769646765740000F821040804
:1061700030B587B000210691059105AA06A9FFF761
:1061800009FD04460D4654EA05000ED040F2E240F7
:106190000090144B14A20021CDE9024521A0F4F790
:1061A0002FFD2046294607B030BD2049886848B1F8
:1061B000BDF814304988069AFFF7AEFF50B10024AD
:1061C000254609E006988860BDF814004880002440
:1061D000254604E0E32400250698FFF745FC204609
:1061E0002946E0E78C8403085B25733A256429205F
:1061F00043726561746520776964676574206C69B2
:1062000073742066726F6D206A736F6E2065727290
:106210006F722C2073746174203D203078253038E3
:106220006C6C580077696467657400002436002040
:106230002DE9FF470746884600264FF054091DE028
:10624000C6EB861007EBC0005422414600F05CF814
:106250000D46044654EA05000FD04FF452700090EA
:10626000194B1AA20021CDE9024525A0F4F7C8FC7C
:106270002046294604B0BDE8F087761CB8FBF9F04B
:10628000B042DDD8B8FBF9F009FB1082CAB1C6EB09
:10629000861007EBC000414600F036F804460D4674
:1062A00054EA05000DD040F252300090064B07A290
:1062B0000021CDE9024512A0F4F7A2FC20462946B0
:1062C000D8E700200146D5E7758303085B25733ABC
:1062D00025642920576964676574207061636B6564
:1062E000742070757368206572726F722C207374DD
:1062F0006174203D2030782530386C6C58000000E7
:1063000077696467657400002DE9F04788B08246BC
:1063100089461446FAF734FB07460020049005909E
:1063200006900790611E01EB4101082202EB41013A
:106330008DB202218DF810108DF811008DF8120029
:10634000DFF8E08098F803008DF8130098F8040057
:106350008DF81400DBF71AF9E2F738FAADF81800F7
:106360003C208DF815001B208DF816000795F96B61
:10637000284688470646300026D086F8009074707C
:1063800004EB440042005146B01CDAF701F8DBF799
:10639000FDF8324604A9E2F745FF0D46044654EAEB
:1063A00005000AD040F27B3000901F4B1FA2002155
:1063B000CDE9024526A0F4F723FC98F80000032855
:1063C00010D006280ED026E040F271300090164B17
:1063D00021A200211EA0F4F713FCE220002108B046
:1063E000BDE8F08766208DF81400DBF7CFF8324661
:1063F00004A9E2F717FF0D46044654EA05000AD047
:1064000040F285300090084B08A20021CDE90245FA
:106410000FA0F4F7F5FB396C304688472046294633
:10642000DDE70000383600208F8303085B25733AD0
:1064300025642920446A69436F6D6D616E645F5302
:10644000656E64206572726F722C207374617400C3
:1064500077696467657400005B25733A25642920B9
:106460004D616C6C6F63206D656D6F727920657224
:10647000726F72002DE9FF5F8046FAF781FA81465C
:106480000026374640F24B115A48E4F71FFFB8F197
:10649000000F1BD0DFF860A1D9F81410DAF80C0057
:1064A000884704460D4654EA05001BD04FF4AA70F5
:1064B0000090504B51A20021CDE9024558A0F4F7BD
:1064C0009FFB2046294604B0BDE8F09F4FF4A7701B
:1064D0000090484B54A2002151A0F4F791FBE32017
:1064E0000021F0E74046FFF743FE0D46044654EA1C
:1064F00005000DD04FF4AD7000903E4B57A2002127
:10650000CDE9024546A0F4F77BFB26462F4648E03E
:10651000DFF884B101208BF80000B8F80000ABF878
:106520000800B8F80000D9F83C1000EB40008000EB
:106530008847CBF80C0008B100242BE04FF4B27070
:1065400000902C4B55A2002135A0F4F759FBE22610
:10655000002726E0D8F8040004EB440550F8250095
:10656000FDF726FBDBF80C1041F82500DBF80C10DA
:1065700078B30420D8F8042000EB850012580A50A4
:106580000820D8F8041000EB8500DBF80C2009582F
:106590001150641CB8F80000A042DBDC01208AF82E
:1065A0000000D9F81810DAF80C0088470D460446A8
:1065B00054EA05001AD04FF4BD7000900D4B3DA277
:1065C0000021CDE9024516A0F4F71AFB2046294622
:1065D00079E7FFE740F26D100090064B3FA20021E3
:1065E0000FA0F4F70DFBE2260027DAE73046394624
:1065F00069E700003D820308243600205B25733ADA
:10660000256429206C6F636B206D75746578206537
:1066100072726F723A2030782530386C6C582E00C8
:1066200077696467657400005B25733A25642920E7
:106630005769646765742062696E6172792061725E
:1066400072617920636F6E6669672063616E27747B
:10665000206265204E554C4C000000005B25733ACB
:106660002564292050726F636573732075692063F8
:106670006F6E666967206A736F6E2066696C65204D
:106680006572726F722C2073746174203D203078B3
:106690002530386C6C58000064D201205B25733AB9
:1066A000256429204D616C6C6F63206572726F7276
:1066B000000000005B25733A25642920756E6C6F1D
:1066C000636B206D75746578206572726F723A2005
:1066D00030782530386C6C582E0000005B25733AFA
:1066E00025642920537472696E67206475706C6923
:1066F00063617465206572726F7200002DE9FF5F3F
:1067000080468946FAF73CF98246002637464FF420
:1067100003716248E4F7DAFDB8F1000F1FD0DFF82B
:1067200080B1BBF80200002825D0DAF81410DBF89D
:106730000C0088470D46044654EA05001ED040F27E
:1067400019200090554B57A20021CDE902455EA0CB
:10675000F4F756FA2046294604B0BDE8F09F40F20F
:106760000F2000904D4B5AA2002157A0F4F748FA91
:10677000E3200021F0E700200146EDE7DBF8080008
:10678000C0B1DAF84010DBF804008847BBF802001B
:10679000DAF83C1000EB800080008847CBF804005A
:1067A000A0B1BBF8021001EB81018900D9F70BFE03
:1067B000002454E040F21E200090384B4EA20021ED
:1067C00041A0F4F71DFAE32600274CE040F2262012
:1067D0000090324B53A200213BA0F4F711FAE226BD
:1067E000002740E0DBF80830DBF8045003EBC4007E
:1067F00004EB8402017905EB8200017153F8343017
:1068000045F8223000221BE002EB820508EB850CE4
:106810009CF804C08C4512D158F825509D420ED1E9
:1068200002EB820508EB8505D5F810C0C0F810C052
:10683000D5F80CC0C0F80CC0AD68856002E0521CF1
:106840004A45E1D34A4509D140F23B208DE80B008F
:10685000124B3A4A01211CA0F4F7D2F9641CBBF890
:1068600002008442BEDBDAF81810DBF80C0088471F
:106870000D46044654EA05000DD04FF41170009007
:10688000064B2FA20021CDE902450FA0F4F7B8F97D
:106890002046294660E7304639465DE7C182030855
:1068A000243600205B25733A256429206C6F636BC6
:1068B000206D75746578206572726F723A20307839
:1068C0002530386C6C582E00776964676574000059
:1068D0005B25733A256429205769646765742068CD
:1068E000616E646C65722063616E2774206265203E
:1068F0004E554C4C000000005B25733A256429205E
:1069000057696467657420636F6E6669672066699E
:106910006C65206E6F74207265676973746572654B
:10692000640000005B25733A256429204D616C6C7E
:106930006F63206572726F720000000060210408AE
:106940005B25733A25642920756E6C6F636B206D2F
:1069500075746578206572726F723A2030782530D0
:10696000386C6C582E0000002DE9F04F85B00C46B5
:106970009146FAF705F80490E0680321B0FBF1FABC
:10698000002637460498DFF8FCB04169DBF80C00BC
:10699000884704460D4654EA05000FD040F2CE2049
:1069A0000090394B39A20021CDE9024540A0F4F70F
:1069B00027F92046294605B0BDE8F08F4FF00008C2
:1069C00043E0002008EB4801BBF80230DBF804206C
:1069D00008E000EB800419F8015052F82440AC4262
:1069E00002D0401C9842F4D3984210D108EB4800E2
:1069F00040F2DB2119F80000234BCDE900102EA254
:106A000001212BA0F4F7FCF8E32600271FE04944FE
:106A100000EB8000B1F9011002EB800000F080F87B
:106A20000D46044654EA05000DD04FF4397000902D
:106A3000154B304A0021CDE902451DA0F4F7E0F8DE
:106A400026462F4603E008F10108D045B9D3049843
:106A50008169DBF80C0088470D46044654EA0500BE
:106A60000DD040F2ED200090074B23A20021CDE98C
:106A700002450FA0F4F7C4F8204629469BE73046AC
:106A8000394698E724360020458303085B25733A8E
:106A9000256429206C6F636B206D757465782065A3
:106AA00072726F723A2030782530386C6C582E0034
:106AB00077696467657400005B25733A2564292053
:106AC0004D617070696E67207769646765742063D3
:106AD000616E27742066696E6420776964676574E7
:106AE00020696E6465782C20696E646578203D208D
:106AF000256400006C2004085B25733A2564292076
:106B0000756E6C6F636B206D75746578206572723D
:106B10006F723A2030782530386C6C582E000000A7
:106B200070B588B004460D460026002007902079F5
:106B3000062874D2DFE800F0EC0317454EA2012DC1
:106B40000FD075B1CDE901054FF47C7100917A4BFE
:106B50007AA2002186A0F4F753F8E320002108B0C0
:106B600070BD2E46B8E0012D02D000200146F6E7A8
:106B7000E5688DB107AA23692168A847084317D0A3
:106B800040F2044000906C4B7BA2002178A0F4F707
:106B900037F8E3200021E2E740F2FE300090664B38
:106BA0007DA2012172A0F4F72BF8E3200021D6E7A3
:106BB000079820B10128D5D0E3200021CFE7012696
:106BC0008AE0C92D02D3E3200021C8E705EBD57088
:106BD000461081E0012D02D000200146BFE7E568A4
:106BE0008DB107AA23692168A847084318D040F24D
:106BF00026400090504B60A200215DA0F4F700F801
:106C0000E3200021ABE74FF4846000904A4B62A27E
:106C1000012157A0F3F7F4FFE32000219FE777E07D
:106C20000020684A5388916822680AE051F8305081
:106C3000AA4205D101EBC00625793679B54202D0CA
:106C4000401C9842F2DB98420ED12079CDE9010236
:106C500040F233410091384B5B4A002144A0F3F7E6
:106C6000CFFFE32000217AE701EBC00041790798CC
:106C7000401C90FBF1F201FB12062DE0A5F2F7316A
:106C8000122902D80020014669E7E6688EB107AAFA
:106C900023692168B047084317D04FF489600090FA
:106CA000254B35A2002132A0F3F7AAFFE3200021F3
:106CB00055E740F2424000901F4B37A201212CA023
:106CC000F3F79EFFE320002149E7A5F580650A2040
:106CD00095FBF0F007994618A568E5B12079324692
:106CE00023692168A84750EA01020ED0CDE90401CA
:106CF000217920684FF48B62CDE9002102900E4B80
:106D0000324A01211AA0F3F77BFF0020014626E753
:106D1000E320002123E72179206840F25C42CDE99D
:106D200000210290044B2AA2002111A0F3F768FF72
:106D3000E320002113E70000EF8303085B25733A8B
:106D4000256429204D61702076616C75652065721F
:106D5000726F722C2074797065203D2025642C2080
:106D60006D61702076616C7565203D2025640000A2
:106D700077696467657400005B25733A2564292090
:106D8000476574207769646765742076616C756502
:106D9000206572726F7200005B25733A25642920AA
:106DA000476574207769646765742076616C7565E2
:106DB0002066756E6374696F6E206973206E756CE2
:106DC0006C00000024360020B421040824200408AC
:106DD0005B25733A25642920536574576964676598
:106DE0007456616C75652043616C6C6261636B20E5
:106DF0006973206E756C6C2C2074797065203D2051
:106E000025642C20696E646578203D20256400008F
:106E10002DE9F74F88B01646F9F7B2FD82464FF0DC
:106E2000000BCDF81CB0D6F802007178327840F231
:106E30008623CDE90032CDE90210554B55A203213E
:106E400064A0F3F7DDFEDFF89491DAF81410D9F8B6
:106E50000C00884704460D464FF0010854EA05002F
:106E60000DD040F28B200090494B5DA20021CDE96E
:106E7000024558A0F3F7C4FECDF81C8055E0002071
:106E8000B9F80230D9F804100DE000EB800201EBF4
:106E9000820435782479AC4204D151F822207478E8
:106EA000A24202D0401C9842EFD3984202D1CDF8C2
:106EB0001C803AE000EB800701EB870084682CB36C
:106EC0000369D6F8022051F827100079A0470D4633
:106ED000044654EA050016D0CDF81C80CDE90445DF
:106EE000D9F8040040F2A322294B50F8271000EBF8
:106EF000870000790291CDE90020424A012135A0A6
:106F0000F3F77EFE11E0CDF81CB00EE0317870781A
:106F100040F2A922CDE9002102901D4B3A4A0121FD
:106F20002CA0F3F76DFECDF81C80DDE908010123EC
:106F300007AAE2F76DFA0D46044654EA05000AD0A6
:106F400040F2B3200090124B30A20021CDE902455F
:106F500020A0F3F755FEDAF81810D9F80C0088478E
:106F60000D46044654EA05000FD04FF42E700090F1
:106F7000074B34A20021CDE9024516A0F3F740FEED
:106F8000204629460BB0BDE8F08F20462946F9E798
:106F9000268303085B25733A2564292073657420D2
:106FA0007769646765742076616C7565203A207432
:106FB000797065203D2025642C20696E64657820F9
:106FC0003D2025642C2076616C7565203D2025646C
:106FD00000000000776964676574000024360020B3
:106FE0005B25733A256429206C6F636B206D757483
:106FF0006578206572726F723A2030782530386C6F
:107000006C582E0024200408FC2004085B25733AE9
:1070100025642920446A69436F6D6D616E645F5316
:10702000656E6441636B44617461206572726F7256
:107030002C2073746174203D2030782530386C6CBE
:10704000580000005B25733A25642920756E6C6F2B
:10705000636B206D75746578206572726F723A206B
:1070600030782530386C6C582E0000002DE9F04740
:1070700088B0F9F785FC80464FF0000ACDF81CA0D7
:10708000E3F776F90521B0FBF1F1DFF88891D9F843
:107090001000421CC9F81020B0FBF1F201FB1200F5
:1070A000002816D1B9F80200002812D0D8F8141020
:1070B000D9F80C00884750EA01020DD0CDE9020151
:1070C00040F206300090544B54A200215CA0F3F72C
:1070D00097FD08B0BDE8F08706A8DEF727FA50EA6A
:1070E00001020BD0CDE902014FF4437000904A4BEE
:1070F00055A2002152A0F3F783FD76E09DF8180019
:10710000002872D1B9F80200D8F83C1000EB40001A
:10711000400088470646300009D0B9F8020000EB6D
:10712000400041003046D9F74EF9002442E040F2D9
:1071300016300090384B51A2002141A0F3F760FDBA
:1071400053E0D9F8042004EB840502EB850004EB3E
:107150004401037906F8113006EB410712F8253097
:107160007B70D0F80CC0BCF1000F22D052F8251073
:107170000369007907AAE04750EA010216D0CDE979
:107180000401D9F804004FF44972234B50F825103C
:1071900000EB850000790291CDE900203D4A0121F4
:1071A00027A0F3F72DFDC7F802A002E00798C7F863
:1071B0000200641CB9F802008442C2D399F802109C
:1071C0003046FFF735F850EA01020AD0CDE9020156
:1071D0004FF44C700090104B2FA2002118A0F3F731
:1071E0000FFDD8F8401030468847D8F81810D9F865
:1071F0000C00884750EA01023FF46BAFCDE9020171
:107200004FF44E700090044B30A200210CA0F3F715
:10721000F7FC5EE724360020668303085B25733A9B
:10722000256429206C6F636B206D7574657820650B
:1072300072726F723A2030782530386C6C582E009C
:1072400077696467657400005B25733A25642920BB
:10725000476574207061796C6F6164207265616448
:1072600079207374617465206572726F723A203090
:10727000782530386C6C582E000000005B25733A7E
:10728000256429204D616C6C6F63206572726F728A
:1072900000000000DC1F04085B25733A25642920E8
:1072A00050757368207769646765742073746174BE
:1072B00065206572726F722C2073746174203D209A
:1072C00030782530386C6C58000000005B25733A2C
:1072D00025642920756E6C6F636B206D75746578FD
:1072E000206572726F723A2030782530386C6C5895
:1072F0002E0000002DE9F04188B006460F4600241C
:107300002546002E12D08FB1F86870B3B86860B30C
:10731000DFF8D480B068D8F800104969884708437E
:1073200043D0EC20002108B0BDE8F081E32000212B
:10733000EFF702FFB0B9E322002302A8EFF740FE07
:1073400002A805AB07C807C3DDE905205323079949
:10735000CDE90032CDE90201244B25A2002128A06D
:10736000F3F74EFCE3200021DDE7FFE7E3200021F7
:10737000EFF7E2FEB0B9E322002302A8EFF720FE08
:1073800002A805AB07C807C3DDE905210798592303
:10739000CDE90032CDE90210144B15A2002118A04E
:1073A000F3F72EFCE3200021BDE73946304600F01C
:1073B00061F850EA010202D004460D4606E031466B
:1073C0003846F3F7C9FB308A401C3082D8F80010E9
:1073D000B06889698847084302D0EC200021A2E701
:1073E000204629469FE700002839002081C1030874
:1073F0005B25733A256429202573257325730000C6
:107400007574696C730000002DE9FC41064600208C
:1074100001900090002E03D034682568144F1EE0C0
:10742000E3200021BDE8FC813868016B01A8884792
:10743000E168C9B1206988473868016B68468847A8
:10744000DDE90001A28A411A914200D90A46A282CE
:10745000E08A814200D80146E1822C462D68B44280
:10746000E2D100200146DDE7FF200021DAE700003D
:10747000283900202DE9F04106460F46002E04D0A1
:10748000308AB8B13468256812E0E3200021BDE8F5
:10749000F081A168B868D8F7C6FF18B1F868E1684C
:1074A000884203D140F203100021F0E72C462D68FA
:1074B000B442EED100200146E9E7000070B5044671
:1074C0000E46002E0AD04CB10F4DA06829684969BC
:1074D0008847084305D0EC20002170BDE32000213F
:1074E00070BD3046F3F74BFB208A401E208229688E
:1074F000A06889698847084302D0EC20002170BD4C
:107500000020014670BD00002839002010B5044657
:107510002046F3F731FB00202082F9F731FA0949C0
:10752000086040B1C16804F108008847084305D0ED
:10753000EC20002110BDEC20002110BD00200146F0
:1075400010BD000028390020F0B50024144F04EBD2
:1075500084057E5D5FEA866C15D505EB070CBCF8EB
:1075600003C08C450FD106F01F0686420BD104EBF9
:10757000840038444178117080781870785D20F06C
:107580002000785502E0641C1E2CE0DB1E2C02D08B
:1075900000200146F0BD40F201100021F0BD0000C6
:1075A00088F7012038B5094800240094016849078C
:1075B0000AD504210160684601F046FF084303D163
:1075C00003490098C1E9000438BD0000143C0140A3
:1075D0009835002072B6FEE770B5044600F0C8F991
:1075E0000546601C02D004480078044400F0C0F94D
:1075F000401BA042FAD370BD28C001202DE9F04FF6
:107600000022DFF838B101264FF00F0906FA02F424
:1076100001EA0403A3427DD122F003075F44D7F8B7
:10762000088895074FEA157C09FA0CFA0AEA08055A
:10763000DFF80C81404502D14FF0000832E0DFF85E
:107640000481404502D14FF001082BE0DFF8F880BB
:10765000404502D14FF0020824E0DFF8F0804045B9
:1076600002D14FF003081DE0DFF8E480404502D16D
:107670004FF0040816E0DFF8DC80404502D14FF0FF
:1076800005080FE0DFF8D080404502D14FF0060832
:1076900008E0DFF8C880404502D14FF0070801E05C
:1076A0004FF0080808FA0CF8A84522D12C4DD5F85F
:1076B00000C02CEA030CC5F800C005F1040CDCF88E
:1076C00000509D43CCF80050254D0C35D5F800C036
:1076D0002CEA030CC5F800C02D1FD5F800C02CEA19
:1076E000030CC5F800C0D7F8085825EA0A05C7F802
:1076F0000858056857000323BB409D430560D50823
:1077000000EB8505D5F820C057074FEAD76809FA7E
:1077100008F700E00CE02CEA070CC5F820C0C568AB
:107720009D43C5604568A543456084689C4384606B
:10773000521C102AFFF46AAFBDE8F08F0030014000
:10774000000002400004024000080240000C024019
:10775000001002400014024000180240001C0240C9
:10776000003C01402DE9F84FDFF8BCA100220125C3
:1077700003264FF00F090AF1040BAAF1040E00BF13
:107780000B6805FA02F42340A34270D10F7907F089
:107790000307012F01D0022F16D187684FEA420854
:1077A00006FA08FC27EA0C07D1F80CC00CFA08FC12
:1077B0004CEA070CC0F808C04768A7430C79C4F32B
:1077C000001494403C4344600C79E443A4070AD07D
:1077D000C4684FEA420C06FA0CF7BC438F6807FAFC
:1077E0000CF72743C7600C7904F00304022C12D174
:1077F000D40800EB840CDCF820405707FF0E09FA90
:1078000007F824EA0804D1F8108008FA07F848EAD3
:107810000408CCF8208004684FEA420C06FA0CF702
:10782000BC430F7907F0030707FA0CF727430760FB
:107830004C6814F4403F70D03C4C276847F48047B4
:107840002760246822F0030704F480440094384C35
:1078500007EB040CDCF8084897074FEA177809FA99
:1078600008F7BC43334FB84202D1002724E054E06C
:10787000314FB84201D101271EE0304FB84201D14B
:10788000022719E02E4FB84201D1032714E02D4FF3
:10789000B84201D104270FE02B4FB84201D1052790
:1078A0000AE02A4FB84201D1062705E0284FB84226
:1078B00001D1072700E0082707FA08F72743CCF88B
:1078C0000878DAF800405746D1F804C09C435FEAD4
:1078D000CC2C00D51C433C60DBF800405F46D1F85F
:1078E00004C09C435FEA8C2C00D51C433C60DEF84E
:1078F00000407746D1F804C09C435FEA8C3C00D539
:107900001C433C60084F083F3C68D1F804C09C43CE
:107910005FEACC3C00D51C433C60521C102AFFF4AB
:107920002FAFBDE8F88F0000083C0140443802400A
:107930000030014000000240000402400008024004
:10794000000C0240001002400014024000180240E7
:10795000001C0240426921EA02030A4043EA024154
:10796000816170470AB1816170470904FBE700003B
:10797000014880687047000028C00120006804F0BA
:1079800093B9006804F094B9C1EB011100EB8100D8
:10799000002200F81A2F4270C2728272104670479D
:1079A000C1EB011100EB810090F84C007047C1EB76
:1079B000011100EB8100806B704710B5044690F810
:1079C000D403012809D0012084F8D403206804F0EE
:1079D00076F9002084F8D40310BD022010BD2DE9F3
:1079E000FF4F83B00546DDE9117690F8D403DDF84A
:1079F000408093468A4601281CD0CAEB0A11012315
:107A000005EB810485F8D4334FF0000984F8199010
:107A10000698207584F815A084F826700BF07F0076
:107A2000A07551462846FFF7AFFF5FEA0B6005D50A
:107A3000E37505E0022007B0BDE8F08F84F81790E9
:107A4000286804F035F9012F06D1B8F1010F03D1F0
:107A500010B9BC2E00D9BC2684F81880B0B220859D
:107A6000CDF80080CDE9017028685A465146069B42
:107A700004F090F985F8D493DDE72DE9F0030E4684
:107A8000DDE906C9DDE90874C1EB061100EB8101EF
:107A90000225CA7581F82630BCF1000F0AD081F8A2
:107AA0002A50002463B1012B31D0022B28D0032BA4
:107AB00016D125E04FF0030881F82A804C76F0E7D4
:107AC000BCF1010F0CD11AB18A7E012A19D007E04E
:107AD000D7B9012281F83D2000E0C2B181F82A50D7
:107AE000C1F82C904F6381F84C408C634E7581F83F
:107AF0004D4082790068BDE8F003143104F0D6B936
:107B000012B191F83C20E8E791F83D20E5E781F8D3
:107B10002A40E5E7F8B5040005D094F8D5032568B8
:107B2000002610B106E00120F8BD84F8D463204699
:107B300000F028F8032084F8D503B5F1A04F00D158
:107B4000A671206804F042F8207C8DF8000094E8CB
:107B50000F0003F0DBFF022560B90121206804F06B
:107B600056FB38B9207C8DF8000094E80F0004F033
:107B7000CDFA10B184F8D553D5E7012084F8D503A8
:107B80000020F8BD10B586B0044614216846D8F729
:107B90001AFC2068B0F1A04F2FD1194800210268CB
:107BA00042F001020260006800F0010005904FF40D
:107BB000C05000900220CDE90101032003900A206B
:107BC000049069460F48FFF7CDFD0D48001D016880
:107BD00041F0800101600A481430016841F480419D
:107BE00001600068002200F48040059006214320D7
:107BF00000F06CFB432000F05BFB06B010BD000002
:107C00003038024000000240006804F0E7BA10B5C6
:107C1000044690F8D40301280DD0012084F8D40341
:107C20000121206803F0EAFF206803F0FDFF002037
:107C300084F8D40310BD022010BD10B5040013D089
:107C4000242084F83D002068016821F001010160D2
:107C5000204600F05DFA0020206484F83D0044F8DE
:107C6000300FA073207310BD012010BD70B504004B
:107C700025D094F83D00002520B984F83C502046DA
:107C800000F062FA242084F83D002068016821F0A9
:107C9000010101602068016841F400410160206831
:107CA000016821F40041016000F0FCFB4D4A61686D
:107CB000914201D84C4900E04C49884201D2012050
:107CC00070BD4B492368B0FBF1F15E6826F03F06BA
:107CD0000E435E606368934206D94FF4967359432E
:107CE0004FF47A73B1FBF3F12368491C1E6A26F046
:107CF0003F06314319626168914210D84900401E25
:107D0000B0FBF1F2521CC2F30B02042A01D2042090
:107D100022E0B0FBF1F0401CC0F30B001CE0A268B5
:107D2000F2B301EBC10303EB0116431EB3FBF6F301
:107D30005B1C43F480431B0549D092B301EBC102A5
:107D400002EB0111401EB0FBF1F0401CC0F30B0030
:107D500040F4804040F400402168CA694CF6FF734B
:107D60009A431043C861D4E90710014320680268B0
:107D700022F0C00211430160D4E9030101432068ED
:107D8000826848F2FF339A4311438160D4E90501C8
:107D900008432168CA6822F0FF021043C86001E06E
:107DA0000EE016E02068016841F0010101602564E1
:107DB000202084F83D00256384F83E50002070BDEB
:107DC00001EB4106431EB3FBF6F35B1CB3E7012056
:107DD000C2E701EB4101401EB0FBF1F0401CC0F3D3
:107DE0000B00B7E7A086010080841E0000093D005B
:107DF00040420F002DE9F84F1F4690468A46044640
:107E0000DDF82890FFF7B4FD054694F83D002028E2
:107E100071D11923012270492046009501F092F991
:107E20000028F5D194F83C00012864D0012084F8A2
:107E30003C0020680168C90703D1016841F00101D5
:107E400001602068016821F400610160222084F84B
:107E50003D00102084F83E0000262664C4F82480EB
:107E60006785608D20855D48E0622B464A46514615
:107E7000204601F077F8002876D1208D584F68B160
:107E8000012814D002282068016816D041F48061CE
:107E9000016020684169806900908EE02068416936
:107EA00081690091016841F40071016085E02068FA
:107EB000016821F480610160F0E721F480610160D4
:107EC0002068016841F40061E2E7032846D80128F0
:107ED0000AD0022810D04B46002239462046009591
:107EE00001F030F9C8BB25E02A464946204601F09A
:107EF000CFF990BB54E06CE04B4600223946204657
:107F0000009501F01FF940BB2068016841F4007141
:107F1000016020680069616A0870606A401C6062E4
:107F2000218D491E2185618D491E61852168096960
:107F3000017039E02068016821F4806101602068E7
:107F40000069616A0870606A401C6062208D401E92
:107F50002085608D401E6085CEE705E02A464946B3
:107F6000204601F095F910B10120BDE8F88F206896
:107F70000069616A0870606A401C6062208D401E62
:107F800081B22185608D401E608520684269D243A0
:107F9000520712D4032903D1016821F480610160E2
:107FA00020680069616A0870606A401C6062208D08
:107FB000401E2085608D401E6085208D002884D164
:107FC000202084F83D0084F83E6084F83C60002066
:107FD000CBE70220C9E70000020010000000FFFF0D
:107FE000040001002DE9F84F1F4690468A460446DA
:107FF000DDF82890FFF7BCFC054694F83D002028EA
:108000007FD11923012240492046009501F09AF8BA
:10801000002876D194F83C00012872D0012084F821
:108020003C0020680168C90703D1016841F00101E3
:1080300001602068016821F400610160212084F85A
:108040003D00102084F83E0000262664C4F82480F9
:108050006785608D20852D48E0622B464A46514653
:10806000204600F0F5FF90B92068416980690090D2
:1080700036E02A464946204601F042F950B1206CCC
:10808000042804D12068016841F4007101600120D6
:10809000BDE8F88F606A216800780861606A401C5A
:1080A0006062618D491E6185218D491E89B22185DD
:1080B00022685369DB435B070BD451B10078106130
:1080C000606A401C6062608D401E6085208D401E8D
:1080D00020852A464946204601F008F80028CED1DE
:1080E000208D0028C5D154F83D0B016841F4007182
:1080F0000160202004F81E09E67766770020C7E7B4
:10810000FFE70220C4E70000020010000000FFFFAC
:1081100010B50068094988420FD10948016821F467
:1081200000110160074C40212046FFF767FA204606
:10813000BDE810408021FFF761BA10BD0054004037
:10814000403802400004024010B586B004461421B5
:108150006846D8F738F913492068884220D1124878
:108160000021026842F002020260006800F0020092
:108170000590C02000901220CDE90101032003905A
:108180000420049069460948FFF7ECFA06481030CD
:10819000016841F400110160006800F400100590CE
:1081A00006B010BD005400403038024000040240C8
:1081B00002488168027811448160704728C001201C
:1081C0000B4810B5016841F400710160016841F489
:1081D00080610160016841F480710160032000F05A
:1081E00095F80F2000F006F800F04AF8002010BDC6
:1081F000003C024030B505461C4887B000240168A9
:1082000041F001010160006806A900F00100009042
:1082100001A800F027F900F055F915494000B0FB1E
:10822000F1F11548134A491E026040F2E732C0E9F5
:108230000324C0E90114846100F03CFB040012D166
:108240000D4800F065FB04000DD1192000F030F856
:10825000102D07D200222946192000F037F80748D0
:10826000056000E0012407B0204630BD44380240DC
:1082700040420F000000014088C701202CC00120AF
:108280000A4808B5016841F480410160006800F4C3
:10829000804000900548001F016841F08051016056
:1082A000006800F08050009008BD00004438024093
:1082B000002809DB00F01F020121914040098000E5
:1082C00000F1E020C0F8001170470000F0B40E4B40
:1082D0001B680C46C3F30223C3F10705042D00D924
:1082E0000425191D072901D2002300E0DB1E012609
:1082F00006FA05F1491E214099409E40761E16401F
:108300003143F0BC04F008B90CED00E0064900F080
:10831000070208684FF6FF03184040EA0220034AAC
:1083200010430860704700000CED00E00000FA0503
:108330002DE9F0470E46050065D0DFF81481D8F826
:108340000000F7B200F00700B04207D288F80070D2
:10835000D8F8000000F00700B04254D128683D4C26
:10836000810712D5400703D5206840F4E050206013
:108370002878000703D5206840F46040206020681A
:10838000A96820F0F000084320602878C0072DD0AD
:10839000304968680839012812D0022813D0032810
:1083A00011D00968890700292DDA216821F003011D
:1083B00001432160FFF7DCFA814641F2883A0EE082
:1083C00009688903EFE709688901ECE7FFF7D0FA4C
:1083D000A0EB0901514502D90320BDE8F0872068D0
:1083E000696800F00C00B0EB810FEFD1D8F80010F5
:1083F000404601F00701B14207D90770006800F05C
:108400000700B04201D00120E7E72878400705D5F2
:108410002068E96820F4E0500843206028780007CD
:1084200006D52068296920F4604040EAC100206038
:1084300000F058F82168084AC1F30311515CC840A4
:108440000649086006480068FFF7D4FE0020C4E72C
:10845000003C024008380240707303084835002091
:108460002CC001200F2202600C4A136803F00303A2
:108470004360136803F0F0038360136803F4E05370
:10848000C36012684FF4E05303EAD2020261044869
:10849000006800F0070008607047000008380240DC
:1084A000003C02400448054900680968044AC1F3D9
:1084B0008221515CC840704748350020083802408E
:1084C000807303080448054900680968044AC1F339
:1084D0004231515CC840704748350020083802409E
:1084E00080730308154810B5006810F00C0214489A
:1084F00013D04110042A0FD0082A0ED10F4C241F8C
:108500002268236802F03F025B0207D52068C0F3AF
:108510008810A0FB010106E0084610BD2168C1F3E8
:108520008811A1FB00010023D7F7A8FE2168C1F341
:108530000141491C4900B0FBF1F010BD0838024070
:108540000024F4002DE9F84F04006ED02078DFF805
:108550004C93C007A9F104054AD009F10400016851
:10856000C1F38101012908D00068C0F3810002280D
:108570000AD1D9F80000400206D52868800337D513
:1085800060680028E1D033E06068B0F5803F10D02B
:10859000B0F5A02F286810D020F48030286028681B
:1085A00020F4802028606068A8B1FFF7E1F9064652
:1085B0000DE0286840F48030F4E740F48020286023
:1085C000F7E700BFFFF7D4F9801B642873D8286849
:1085D0008003F7D50CE0FFF7CBF9064605E000BFB6
:1085E000FFF7C6F9801B6428F0D828688003F7D409
:1085F0002078DFF8AC8280074FF0000A3ED5A7480C
:10860000001D016811F00C0F08D00068C0F3810054
:1086100002280BD1D9F80000400207D4286880074F
:1086200016D5E068012800D112E033E1E068B8B166
:108630000120C8F80000FFF79BF9064605E000BFDF
:10864000FFF796F9801B0228C0D828688007F7D565
:108650002868216920F0F80040EAC10028600DE098
:10866000C8F800A0FFF784F9064604E0FFF780F998
:10867000801B02281FD828688007F7D420780007BD
:1086800022D5864F87486169703771B10121016039
:10869000FFF76EF9064604E0FFF76AF9801B02282F
:1086A00009D838688007F7D50EE0C0F800A0FFF7BA
:1086B0005FF9064605E082E0FFF75AF9801B0228C1
:1086C0007DD838688007F7D42078400768D5DFF870
:1086D000CCB100270BF13C0BDBF80000C0000BD441
:1086E000DBF8001041F08051CBF80010DBF80000FF
:1086F000012700F0805000906B4E3068C00510D408
:10870000306840F480703060FFF732F9009005E087
:10871000FFF72EF90099401A022850D83068C0059A
:10872000F6D55E4EA0686C3601280FD0052830685B
:1087300010D020F001003060306820F0040030607C
:10874000A068B8B1FFF714F900900FE0306840F06E
:108750000100F4E740F004003060F7E7FFF708F9A4
:108760000099411A41F28830814266D8306880070A
:10877000F4D50EE0FFF7FCF8009007E0FFF7F8F8FB
:108780000099411A41F28830814256D830688007FA
:10879000F4D42FB1DBF8001021F08051CBF8001099
:1087A000A069C8B33D49091D0968C1F381010229C7
:1087B0004AD00228504607D0C8F8600000E03CE0EC
:1087C000FFF7D6F804463BE04746C8F86000FFF7DD
:1087D000CFF8064605E000BFFFF7CAF8801B022865
:1087E0002BD828688001F7D4D4E907010843A16A8F
:1087F0002E4A490802EB0141626A41EA82110843AC
:1088000094F82C1040EA0161C9F800100120386684
:10881000FFF7AEF8044606E03EE000BFFFF7A8F819
:10882000001B022809D828688001F7D534E000BF72
:10883000FFF79EF8001B022802D90320BDE8F88F3D
:1088400028688001F4D427E00128F7D0D9F8000087
:10885000E26900F4800191421CD1226A00F03F01DC
:10886000914217D147F6C071626A0140B1EB821F95
:1088700010D1A26A4FF0FF3300F4403103EB5202F3
:10888000B1EB024F06D194F82C1000F07060B0EB01
:10889000016F01D00120D1E70020CFE7043802406A
:1088A00000004742800E4742007000400000FFFF7A
:1088B0007047704710B5040003D094F83D0010B124
:1088C00007E0012010BD002084F83C00204600F0A5
:1088D0001EF8022084F83D00211D206801F020FAD6
:1088E000012084F8460084F83E0084F83F0084F8B4
:1088F000400084F8410084F8420084F8430084F882
:10890000440084F8450084F83D00002010BD704705
:1089100090F83D10012901D001207047022180F814
:108920003D100168CA6842F00102CA60006811493E
:10893000884214D0B0F1804F11D00F4988420ED038
:108940000E4988420BD00E49884208D00D49884212
:1089500005D00D49884202D00C49884204D1816873
:1089600001F00701062903D0016841F0010101600F
:108970000020704700000140000400400008004053
:10898000000C00400004014000400140001800407D
:1089900070472DE9F04104460068C66805694FF04C
:1089A0000007A90713D5B10711D5F91E01610120F0
:1089B0002077206880698007204602D0FFF7E8FF13
:1089C00004E000F07EF8204600F07CF82777680786
:1089D00016D5700714D521686FF0040008610220D5
:1089E00020772068806910F4407F204602D0FFF78E
:1089F000CFFF04E000F065F8204600F063F8277729
:108A0000280715D5300713D521686FF008000861D5
:108A1000042020772068C0698007204602D0FFF735
:108A2000B7FF04E000F04DF8204600F04BF8277740
:108A3000E80616D5F00614D521686FF0100008611D
:108A4000082020772068C06910F4407F204602D0BB
:108A5000FFF79EFF04E000F034F8204600F032F803
:108A60002777E80708D0F00706D021686FF00100EB
:108A70000861204600F028F8280608D5300606D5FB
:108A800021686FF0800008612046FFF711FF68063B
:108A900008D5700606D521686FF0400008612046B1
:108AA00000F01CF8A8060AD5B00608D521686FF0BA
:108AB000200008612046BDE8F041FFF7FABEBDE89E
:108AC000F08170477047000000680349884201D177
:108AD000FFF76EBB7047000000000140704770B5A3
:108AE000040004D094F84100002510B106E00120F4
:108AF00070BD84F84050204600F024F8242084F80B
:108B000041002068C16821F40051C160204601F095
:108B10007FFA2068016921F4904101612068416970
:108B200021F02A0141612068C16841F40051C1600F
:108B30006564202084F8410084F8420065630020C9
:108B400070BD0000F0B587B0044614216846D7F721
:108B50003AFC4749DFF814C123680024444A143919
:108B6000022503260727434863451FD1136843F0B6
:108B700010031360126802F0100205920A6842F0B6
:108B800001020A60096802AB01F00101059171025E
:108B9000CDE9001583E8D0006946FEF7E3FD002229
:108BA00005212520FFF792FB252036E0DFF8C8C01D
:108BB000634536D12E4A121F136843F40033136005
:108BC000126802F4003205920A6842F001020A605B
:108BD0000A6802F0010205920A6842F008020A607F
:108BE000096802AA01F0080105910421CDE90015E8
:108BF00082E8D0006946FEF7B5FD4020CDE90005CA
:108C000002AA694682E8D0001C48FEF7ABFD0022AC
:108C100005212620FFF75AFB2620FFF749FB07B066
:108C2000F0BD17488342FAD1106840F02000106070
:108C3000106800F020000590086840F0040008600B
:108C40000868029400F004000590C020CDE90005FA
:108C50000820CDE9036069460A48FEF783FD00223B
:108C600005214720FFF732FB4720D6E700100140DF
:108C7000443802400000024000440040000C024022
:108C800000140140000802402DE9F843044690F822
:108C90004100984616460D46202802D00220BDE825
:108CA000F88385B17EB100206064212084F8410002
:108CB000FEF75EFEA6848146E684A0682027B0F514
:108CC000805F02D003E00120E9E7206910B12E4661
:108CD00000250EE000260CE08021204601F01EFA5F
:108CE000A8B9C6B116F8010B21684860E08C401E97
:108CF000E084E08C4B464FF00002CDF80080002865
:108D0000EAD14FF04001204601F008FA40B184F862
:108D100041700320C3E735F8020BC0F30800E3E716
:108D200084F841700020BAE710B50446FEF785FFCD
:108D300008B1EC2003E0204608F0B4F80020002140
:108D400010BD00002DE9F047804686B09246894666
:108D5000542007F081FB040059D0314800250168F8
:108D600041F002010160016801F002010591016812
:108D700041F0020101600068012600F00200059048
:108D80002020CDE900060220CDE90260254F69468A
:108D90003846FEF7E7FC002220213846FEF7E2FDC8
:108DA000322000F01EFC012220213846FEF7DAFDB9
:108DB000642000F016FCC02000901220CDE90106CE
:108DC000032003900420049069463846FEF7CAFC4D
:108DD00013481030016841F400110160006800F48C
:108DE000001005901048C4E900084FEA0940C00B84
:108DF000C4E90250B003C4E90405FF20C4E9060534
:108E000020462562FEF732FF18B1EC2004E0E22094
:108E100002E00020CAF8004006B00021BDE8F0875B
:108E2000303802400004024000540040F8B51C46AF
:108E3000322300934FF6FF76069DA3B206EA410166
:108E4000FEF7D8FF18B100202860EC2001E00020D8
:108E50002C600021F8BDF8B51C46322300934FF674
:108E6000FF76069DA3B206EA4101FFF7BBF818B1F1
:108E700000202860EC2001E000202C600021F8BDDB
:108E800010B508F00FF80020014610BD012220B1F6
:108E9000012802D0E320002170470A700020FAE781
:108EA0002DE9F041054616460F46012007F0D4FA99
:108EB000040003D025B1012D08D009E0E22009E02B
:108EC0003946032000F0E2FF002000E0012020707E
:108ED000002034600021BDE8F08170B51C460078A8
:108EE00013460D4610B1012806D00AE092B20320C5
:108EF00001F056F8206004E022461946284601F0A9
:108F00009BFC0020014670BD70B5007814460D46EC
:108F100010B1012805D009E092B2032001F038F920
:108F200004E01A462146284601F0FEFC00200146D6
:108F300070BDFEE701684A69D24352050FD46FF451
:108F400080624A61002140F8301F20224273817301
:108F5000026942F00402026101730120704700209F
:108F6000704700002DE9F84F0446C06A1E4693463C
:108F70000D4621680A6842F480620A60082807D01A
:108F8000012805D010F5803F02D0206B112804D1B4
:108F90002068016841F4807101604FF001195B465F
:108FA000002249462046009600F0CCF84FF40078A5
:108FB00040B120680068C00501D5C4F84080032096
:108FC000BDE8F88F2069DFF884A0B0F5804F0FD09E
:108FD0000620216800EAD51747F0F0000861334603
:108FE0005A460AF10601204600F0F4F858BB03E0A7
:108FF000E8B240F001001CE02168E8B208613346A5
:109000005A465146204600F0E5F8E0B9206841692B
:1090100081690091016841F4807101605B46002222
:1090200049462046009600F08DF80028C1D147F04F
:10903000F1002168086133465A465146204600F047
:10904000C9F80028BCD00120BAE7000002000100E6
:10905000F8B50446C06A1E460D461746082807D0D4
:10906000012805D010F5803F02D0206B122804D1D2
:109070002068016841F480710160134600224FF0BE
:1090800001112046009600F05DF840B120680068AC
:10909000C00502D54FF4007020640320F8BD20699C
:1090A000B0F5804F0ED00620216800EAD51040F0C0
:1090B000F000086133463A460B49204600F08AF832
:1090C00078B902E005F0FE0000E0E8B2216808612E
:1090D000054933463A46891F204600F07BF80028B0
:1090E000DCD00120F8BD00000800010070B5164674
:1090F0000D4604461EE02046FFF71CFF08B1012084
:1091000070BD681C16D0FEF733FC801BA84200D847
:1091100085B920684069C04340070BD5002044F85A
:10912000300F20216173A073216941F0200121617A
:109130002073E4E720684069C0434007DBD4002087
:1091400070BD00002DE9F047984617460D460446CD
:10915000C1F30746DDF820902AE000BFB8F1FF3FD9
:1091600026D0FEF705FCA0EB0901414502D8B8F175
:10917000000F1DD12068012E16D0806925EA00005D
:109180000004000C12D00020B84211D1002044F895
:10919000300F20216173A073216941F0200121610A
:1091A00020730120BDE8F0874069E7E70120EBE785
:1091B0002068012E0AD0806925EA00000004000C16
:1091C00006D00020B842C9D00020EBE74069F3E7A1
:1091D0000120F7E72DE9F047984616460D4604466C
:1091E0004FF000094FF0200AC1F3074723E0206841
:1091F0004069C043400515D42068016841F40071FE
:10920000016021686FF480604861C4F8309084F890
:109210003DA084F83E90216C41F00401216484F863
:109220003C9021E0701C06D0FEF7A2FBA0EB0800EA
:10923000B04203D816B1012F1FD021E02068012FC2
:1092400015D0806925EA00000004000C18D000BF8A
:1092500044F8309F84F80DA084F80E90216941F005
:109260002001216184F80C900120BDE8F08740695D
:1092700025EA00000004000CEAD12068406901E002
:109280002068806925EA00000004000CAFD1ECE7FB
:109290002DE9F041002590460E460446202728E09F
:1092A0004069C043C0060CD454F8301B6FF0100066
:1092B000486144F810596777A577206A20622577BE
:1092C00014E0FEF755FBA0EB0800B04200D886B9C9
:1092D00020684069C04340060BD544F8305F67738F
:1092E000A573206940F02000206125730120BDE8AE
:1092F000F08120684169C9434906D1D40020F6E7CE
:1093000070B516460D4604461EE02046FFF712FED5
:1093100008B1012070BD681C16D0FEF729FB801B28
:10932000A84200D885B920684069C04300060BD523
:10933000002044F8300F20216173A073216941F0AF
:10934000200121612073E4E720684069C0430006E2
:10935000DBD4002070BD0000114900B50A6887B059
:1093600042F010020A600A6802F0100205920A68D0
:1093700042F010020A60096801F0100105910949E4
:1093800031F8101000910121019102910221039105
:10939000054951F820006946FEF7E4F907B000BD21
:1093A000303802408873030890C001200449054A00
:1093B00031F8101052F820000122FEF7D3BA000055
:1093C0008873030890C001200349044A31F8101043
:1093D00052F82000FEF7BEBA8873030890C001203F
:1093E00010B501F07DF801220B490C4801F0F8FEA0
:1093F00008B1FEF7EFF80A49084802F08BFA08B105
:10940000FEF7E8F8054802F067FB002803D0BDE846
:109410001040FEF7DFB810BDEDBA020830C90120D8
:10942000A0350020FEE7FEE707F03CBD10B504467E
:10943000D6F79CFF4FF6FF7190FBF1F201FB120093
:1094400020800020014610BD10B5040005D008F0B2
:10945000BDFC20600020002110BDE320FBE710B51B
:1094600004000AD008F0B2FC4FF47A71484300219E
:10947000C4E900010846002110BDE320FBE706F027
:10948000EBBF10B5040007D0012008F0F8F8206009
:1094900020B10020002110BDE320FBE7FF20F9E709
:1094A00010B520B107F06AFD0020002110BDE320B7
:1094B000FBE710B538B14FF0FF3108F051FB012840
:1094C00003D0FF2002E0E32000E00020002110BDD7
:1094D00010B540B100231A46194608F047F9012893
:1094E00003D0FF2002E0E32000E00020002110BDB7
:1094F00010B50C0001464FF0FF3006D008F0A2F87E
:10950000206020B10020002110BDE320FBE7FF20F8
:10951000F9E710B520B107F031FD0020002110BDA2
:10952000E320FBE710B540B100231A46194608F0C6
:109530001DF9012803D0FF2002E0E32000E0002015
:10954000002110BD10B558B100224B1C0AD001B14A
:109550000A46114608F004FB012806D0FF2005E06A
:10956000E32003E04FF0FF32F3E70020002110BDBD
:1095700010B54FF0FF31FFF7E5FF0020014610BDA9
:109580002DE9F04186B000240E460C9D98460294C9
:10959000039404940594910718D0012101EB9207DC
:1095A00020B101460F2202A8D6F72AFFBAB24346DD
:1095B00002A93046CDE9004508F0C8FB012800D0DB
:1095C0002C60002006B00146BDE8F0819708E7E76F
:1095D00010B520B107F01EFD0020002110BDE320D2
:1095E000FBE710B500B9012007F0EEFC00200146B2
:1095F00010BD00002DE9F041C0B01546469E1F4643
:109600000268402A03D0002040B0BDE8F081B5F5E3
:10961000807F01D00020F7E7142E03D0202E01D048
:109620000020F1E7D0F80822032A04D0B2F1011F8C
:1096300001D00020E8E70024E84603E00A5D08F8CE
:109640000420641CAC42F9DB694605F06BFBA81BE7
:1096500007E017F8011B18F80020514008F8001027
:10966000401CA842F5DB142E03D0202E08D0002089
:10967000CAE70E4C6A462946684600F08FFA06E0B3
:109680000A4C14346A462946684600F0E3F9002083
:1096900007E018F80010225C914201D00020B3E7E7
:1096A000401CB042F5DB0120AEE700007FEB030871
:1096B0002DE9F04104460E460089E188401A80B247
:1096C000904200D910460746A088421E1140401A19
:1096D00085B2BD4200D93D4620682A460144304645
:1096E000D6F756FE7A1B70192168D6F751FEE0882E
:1096F0003844E0803846BDE8F08181880289C0881E
:10970000891A084480B2704710B50023C3800381D2
:10971000016019460123491C89B203FA01F49442FD
:10972000F9DD491E8B40838010BD2DE9F0410446D0
:109730000E4680882189E588431A2B449BB29342C8
:1097400000D81A461746421E1140401A85B2BD4243
:1097500000D93D4620682A4608443146D6F718FE0F
:109760007A1B71192068D6F713FE208938442081AE
:109770003846BDE8F08100002DE9F04FD0B000F18F
:10978000100200216D4613781B06547843EA044307
:10979000947843EA0424D378121D234345F82130FA
:1097A000491C1029EFDB16E0CA1EA1F1080355F889
:1097B000222055F82330A1F110045A40A1F10E03E4
:1097C00055F8244055F8233063405A404FEAF2726E
:1097D00045F82120491C5029E6DB076DB846416D4C
:1097E0008946836D9A46C26D9346066EB446002440
:1097F00006EBF7665DF824502E44142C07DA83EA52
:1098000002050D40554035441C4E35441CE0282CC3
:1098100006DA81EA030555403544194E354413E014
:109820003C2C0BDA41EA030E01EA03050EEA020EB4
:1098300045EA0E053544134E354405E081EA03053B
:1098400055403544104E354416461A464FEAB1038A
:1098500039462F46641C502CCADB08EB070404650C
:10986000494441650AEB030181650BEB0201C165C7
:109870000CEB0601016650B0BDE8F08F9979825A71
:10988000A1EBD96EDCBC1B8FD6C162CA2DE9F04FAB
:10989000C8B000F110020021E94613781B06547885
:1098A00043EA0443947843EA0424D378121D234303
:1098B00049F82130491C1029EFDB1FE0A1F10F020C
:1098C00059F822204FEAF21383EAB24383EAD20323
:1098D0008A1E59F822204FEA724484EAF24484EA4C
:1098E0009222A1F110041A4459F82450CC1F59F8BF
:1098F00024402C44224449F82120491C4029DDDB26
:10990000016D4791456D4695846D4594D0F85CC0D6
:10991000CDF810C1026E4392476E4297866E419613
:10992000D0F86C80CDF8008100234FEAB10A8AEAB2
:10993000713A8AEAB15A01EA050901EA040B89EA97
:109940000B0905EA040B89EA0B09CA444FEAB2196C
:1099500089EAF22989EA726902EA070B26EA020E0D
:109960008BEA0E0BDFF860E0D9445EF823E0F044A8
:10997000C1445DF82380C144B0463E4617460CEB17
:109980000902A4462C460D4609EB0A015B1C402B3C
:10999000CBDB479B194401654699294441654599AC
:1099A0002144816544996144C1654399114401662C
:1099B0004299394441664199314481664099414414
:1099C000C16648B0BDE8F08FFCEC03082DE9F84310
:1099D000804608F11007B946D8E90201CD0045EAF2
:1099E0005075C400012219A1404600F073F804E04C
:1099F000012217A1404600F06DF898F8080000F029
:109A00003F003828F4D10026C6F10700C2002046E6
:109A10002946D6F795FC009001226946404600F0A1
:109A200059F8761C082EEFDB002108EB8100006D51
:109A3000020E3A70020C7A70020ABA70F8703F1D7A
:109A4000491C0829F1DB4846BDE8F8838000000086
:109A50000000000030B59DB003460D461446684630
:109A600000F010F82A461946684600F033F86846B8
:109A7000FFF7ACFF014620222046D6F789FC1DB037
:109A8000204630BD0A4901600A4901650A4941651D
:109A90000A4981650A49C1650A4901660A49416660
:109AA0000A4981660A49C16600228260C260704725
:109AB000FCED030867E6096A85AE67BB72F36E3C8E
:109AC0003AF54FA57F520E518C68059BABD9831F89
:109AD00019CDE05B70B506460C461546307A00F0AD
:109AE0003F03D6E90220521940EBE570C6E9022097
:109AF0000BE01846304414F8011B5B1C0174402B2A
:109B000003D13046FFF7C2FE00236D1E681CF0D162
:109B100070BD00002DE9F843804608F11007B946F2
:109B2000D8E90201CD0045EA5075C400012219A10F
:109B3000404600F065F804E0012217A1404600F01D
:109B40005FF898F8080000F03F003828F4D10026AC
:109B5000C6F10700C20020462946D6F7F1FB009067
:109B600001226946404600F04BF8761C082EEFDBD8
:109B7000002108EB8100006D020E3A70020C7A7031
:109B8000020ABA70F8703F1D491C0529F1DB4846EE
:109B9000BDE8F883800000000000000030B59DB0F3
:109BA00003460D461446684600F010F82A4619464A
:109BB000684600F025F86846FFF7ACFF014614221E
:109BC0002046D6F7E5FB1DB0204630BD08490160B0
:109BD00008490165084941650649C9438165064947
:109BE000C943C1650549016600228260C2607047B1
:109BF00088F503080123456789ABCDEFF0E1D2C3B7
:109C000070B506460C461546307A00F03F03D6E99B
:109C10000220521940EBE570C6E902200BE018461D
:109C2000304414F8011B5B1C0174402B03D13046F7
:109C3000FFF7A2FD00236D1E681CF0D170BD00006F
:109C400010B5502080F31188BFF34F8FBFF36F8F93
:109C500008F0C2F818B104494FF0805008600020A5
:109C600080F3118810BD000004ED00E030B593B022
:109C700030216846D6F7A7FB14210CA8D6F7A3FB22
:109C80001E480025016841F080510160006800F025
:109C9000805011901A48016841F4804101600068C9
:109CA000022400F4804011900120009000040190F3
:109CB0008001CDE90640082008904FF4A870CDE956
:109CC000090407200B906846FEF73CFC08B172B609
:109CD000FEE70CA90F2081E831004FF4A0500F904F
:109CE0004FF48050109005210CA8FEF721FB0028AE
:109CF00001D072B6FEE713B030BD0000403802401C
:109D0000007000400248016841F470010160704732
:109D100088ED00E00148FEF73CBE000088C7012046
:109D2000F0B50268294C2A4D2A4E2B4F2B4B4FF091
:109D3000804CA04209D0604507D0A84205D0B0426F
:109D400003D0B84201D0984204D122F0700E4A6884
:109D500042EA0E02A0421BD0604519D0A84217D09B
:109D6000B04215D0B84213D0984211D01C4DA84231
:109D70000ED01C4DA8420BD01B4DA84208D01B4D45
:109D8000A84205D01A4DA84202D01A4DA84203D1CC
:109D900022F44075CA682A434D6922F080022A43A2
:109DA00002608A68C2620A688262A04201D0984258
:109DB00001D109690163012141610169C90703D02A
:109DC000016921F001010161F0BD000000000140C6
:109DD0000004004000080040000C00400004014066
:109DE000004001400044014000480140001800408C
:109DF000001C00400020004001680C3151E8002F99
:109E000022F4907241E80023002BF5D1016814314F
:109E100051E8002F22F0010241E80023002BF5D188
:109E2000016B012909D101680C3151E8002F22F0A2
:109E3000100241E80023002BF5D1202180F84210C8
:109E4000002101637047000010B50F4B01280CD0B2
:109E5000022811D0032807D1D3E90B04C1E900047B
:109E6000D3E90D01C2E9000110BDD3E90304C1E942
:109E70000004D3E90501F5E7D3E90704C1E90004CB
:109E8000D3E90901EEE7000054C001202DE9F041BB
:109E900000240C270E46012828D04FF40065022824
:109EA00047D0032869D1AA0035493648FFF72CFC72
:109EB00034482A4634490C30FFF726FC314D3348EC
:109EC00018352860C5E90164EC602C61C5E90574AA
:109ED0002846EC61FEF703FE2868C16841F02001C6
:109EE000C1602B48BDE8F041FFF7CBBA25484022BE
:109EF0002849C038FFF708FC264922484022403153
:109F0000B438FFF701FC1F4D2348A83D2860C5E980
:109F10000164EC602C61C5E905742846EC61FEF72C
:109F2000DEFD2868C16841F02001C160184808388A
:109F3000D8E718491348402280316038FFF7E4FB26
:109F4000144910482A46C0315438FFF7DDFB0D4D47
:109F50001248483D2860C5E90164EC602C61C5E900
:109F600005742846EC61FEF7BAFD2868C16841F027
:109F70002001C1600648001FB4E7BDE8F081000081
:109F8000C0080020D0C80120C028002000480040A0
:109F90005CC001200000002000100140004400408F
:109FA00070B5194C15460E46012806D002280FD070
:109FB00003281CD04FF0FF3070BD2068FFF779FAFE
:109FC0002A4631461148FFF773FB054620680AE030
:109FD0006068FFF76EFA0D482A4631466030FFF799
:109FE00067FB05466068FFF773FA284670BDA068F6
:109FF000FFF75FFA05482A463146C030FFF758FBA5
:10A000000546A068EFE7000054C0012010C80120F9
:10A0100070B5044600680169E26821F440511143BB
:10A0200001612169A068E26908436169114308433D
:10A030002168CA6849F20C639A430243CA602068E7
:10A040004169A26921F4407111434161314920689D
:10A05000884202D03049884202D1FEF733FA01E04B
:10A06000FEF720FAE2690023192164253226B2F5B1
:10A07000004F626828D0A0FB0101930F9200D6F731
:10A08000FDF80146B0FBF5F06FF01802504301EB0C
:10A09000800006EB0010B0FBF5F000F0F002B1FB21
:10A0A000F5F002EB0012B1FBF5F06FF01803584326
:10A0B00001EB800006EB0010B0FBF5F000F00F00A4
:10A0C00021681044886070BDA0FB010192185B41BB
:10A0D000D6F7D4F80146B0FBF5F00201B1FBF5F07C
:10A0E0006FF01803584301EB800006EBC000B0FB93
:10A0F000F5F000F0F80002EB4002B1FBF5F0584338
:10A1000001EB800006EBC000B0FBF5F000F00700AB
:10A11000D6E7000000100140001401402DE9F8438B
:10A12000984617460D460446089E24E0701C22D02F
:10A13000FDF71EFCA0EB0800B0421AD8CEB1206893
:10A14000C168490717D5802D15D0402D13D001685F
:10A15000C94309070FD401680025406800902046D4
:10A16000FFF74AFE0820606484F840500120BDE8F3
:10A17000F8830320FBE72068006835EA000004D07C
:10A180000020B842D2D00020F1E70120F9E700001A
:10A1900070B53E4D16460C46012806D0022827D041
:10A1A00003284DD04FF0FF3070BD2868FFF781F9CC
:10A1B000324621463648FFF7B8FA044634480C3098
:10A1C0000068C16841F08001C1603148FFF795FA2D
:10A1D0002E49C0F14000143180B28A88824200D3F7
:10A1E000104688800868321B10440860286823E005
:10A1F0006868FFF75EF92648324621466030FFF76F
:10A2000094FA044622486C300068C16841F080012D
:10A21000C1601F486030FFF770FAC0F5006081B27E
:10A220001A48243082888A4200D31146818001680E
:10A23000321B114401606868FFF74AF9204670BD7F
:10A24000A868FFF736F9124832462146C030FFF7BA
:10A250006CFA04460E48CC300068C16841F08001B9
:10A26000C1600B48C030FFF748FA0849C0F50060EC
:10A27000343180B28A88824200D3104688800868D0
:10A28000321B10440860A868D6E7000054C00120C3
:10A290001CC8012038B51F4C2068C16889061FD52D
:10A2A0000168C94389061BD440688DF8000001226B
:10A2B0006946A4F11800FFF738FA0546A4F1180022
:10A2C000FFF71BFA144AC0F1400081B2908888421F
:10A2D00000D3014691801068C5F101010844106067
:10A2E0002068C16809060ED50068C04300060AD47C
:10A2F0000848012269460C38FFF7DAF920B12168D5
:10A300009DF80000486038BD2068C16821F08001D8
:10A31000C16038BD28C8012060C0012038B51F4C7D
:10A320002068C16889061FD50168C94389061BD406
:10A3300040688DF8000001226946A4F11800FFF77B
:10A34000F4F90546A4F11800FFF7D7F9144AC0F153
:10A35000400081B29088884200D301469180106805
:10A36000C5F10101084410602068C16809060ED5D6
:10A370000068C04300060AD40848012269460C3828
:10A38000FFF796F920B121689DF80000486038BDBC
:10A390002068C16821F08001C16038BD88C80120F3
:10A3A00070C0012038B51F4C2068C16889061FD5D0
:10A3B0000168C94389061BD440688DF8000001225A
:10A3C0006946A4F11800FFF7B0F90546A4F118009A
:10A3D000FFF793F9144AC0F5005081B29088884283
:10A3E00000D3014691801068C5F101010844106056
:10A3F0002068C16809060ED50068C04300060AD46B
:10A400000848012269460C38FFF752F920B121684B
:10A410009DF80000486038BD2068C16821F08001C7
:10A42000C16038BDE8C8012080C0012010B50022FD
:10A430004FF6FF7300EB8204B4F8A04524040BD45C
:10A440009A4207D002F00F0300EB830041F4004171
:10A45000C0F8A015D0B210BD521CD2B20B2AE9D35D
:10A460001A46F7E77FB51C46012501AE002300958B
:10A4700086E80E0002232A46214600F087FF04B03A
:10A48000002070BD7FB51D4690F81D33089C03B1B8
:10A4900000240123CDE90031CDE90224022300226A
:10A4A000294600F073FF04B0002070BD10B5D0F84D
:10A4B000981500220823C96981F84E2081F84D20A3
:10A4C00081F8442081F8463081F845204FF461221C
:10A4D0000A64D0F8F02502219047002010BD00004A
:10A4E00010B501210022880207F0DBF8044C01219D
:10A4F00000222060C80207F0D4F8606010BD0000A0
:10A50000C035002010B5D0F898150278C9690B2A1B
:10A5100002D0002080B210BD097B00F0C4FEF9E734
:10A5200070B50546D0F898050026C469217839B180
:10A53000284600F00BFA2178284600F0A6FA26708B
:10A54000217B39B1284600F001FA217B284600F032
:10A550009CFA2673617B39B1284600F0F7F9617BDC
:10A56000284600F092FA6673D5F89805C06920B1C4
:10A5700001F0E6FFD5F89805C661002070BD000027
:10A58000FEB5022205460123114600F043FA0646B5
:10A590005FA001F069FF314660A001F065FF66A091
:10A5A00001F062FFFF2E01D0082E07D358A001F062
:10A5B0005BFFD5F898050168604847E031462846BA
:10A5C00001F0E6F908B10220FEBD502001F0E6FFDF
:10A5D000D5F898150446C86120003DD05021D5F724
:10A5E000F2FE06EB860000EB461005EB400090F80B
:10A5F0004E130A0603D56170B0F85003608161788C
:10A600002846FFF713FF2070014695F81D03638964
:10A6100003228DE80D0095F81C336278284600F07F
:10A62000C6FE21780022284600F098FE002205216F
:10A63000284600F011FAFF2801D0082813D334A0CF
:10A6400001F012FFD5F8980501683DA001F00CFF5C
:10A6500039A001F009FFB6E72DA001F005FF47A0E2
:10A6600001F002FFF4E700EB800101EB401005EB85
:10A67000400090F84E130A0604D5E173B0F8501369
:10A68000618303E0A173B0F85013218390F856134F
:10A690000A0604D5E173B0F85803608303E0A173A0
:10A6A000B0F858032083A17B2846FFF7BFFE6073F4
:10A6B000E17B2846FFF7BAFE2073208B95F81D1327
:10A6C00002260091CDE9016095F81C33A27B617BE5
:10A6D000284600F06CFE608B95F81D130091CDE9C3
:10A6E000016095F81C33E27B217B284600F05FFE79
:10A6F000002084F84C000246617B284600F02EFEC4
:10A70000217B0022284600F029FE0020FEBD00002B
:10A710004445425547203A2000000000444A492061
:10A72000555342206374726C20696E746572666161
:10A730006365203A202564000D0A0000CC16040849
:10A7400043616E6E6F742046696E64207468652084
:10A75000696E7465726661636520666F722044611C
:10A76000746120496E7465726661636520436C6133
:10A7700073732C206E616D653A25730043616E6EB4
:10A780006F7420616C6C6F63617465206D656D6FB3
:10A79000727920666F72204344432048616E646C76
:10A7A000650000002DE9F0478246D0F89805ADF528
:10A7B000816D4FF00009C4694FF4806694F84E0033
:10A7C00020B932461A49504600F056F894F84D0028
:10A7D00010BB00208DF8000431466846D5F7F3FD24
:10A7E0000024052004F073FB124FB04600256E468E
:10A7F00000220DF58061786807F0C8F830B19DF847
:10A8000000043055641C6D1C4545F1D324B122462B
:10A810006946504600F06AF85046D6F7ABFC504601
:10A82000D6F76AFC0DF5816D4846BDE8F08700005B
:10A83000C0300020C03500202DE9F84380460020BC
:10A8400014460E4605460B4F10600FE00022694685
:10A85000386807F09BF800280AD022689DF800109D
:10A8600008F802102068401C6D1C2060B542EDD332
:10A87000BDE8F883C035002070B5D0F898350124C4
:10A88000DB6993F84C500DB1032D0FD19A62196218
:10A89000032183F84C1083F84E1004210024C0F8E3
:10A8A000FC15D0F8F405224604F066FB204670BD86
:10A8B0002DE9F041D0F89815CE69FFF723FE054643
:10A8C0000024084F07E0306A002301191A4638684F
:10A8D00006F04CFF641CAC42F5DBBDE8F041012002
:10A8E00004F0F5BAC03500200020704770B5D0F8EC
:10A8F00098350124DB6993F84C500DB1032D10D12C
:10A900005A62D961032183F84C10012183F84D105C
:10A9100004210024C0F8FC15D0F8F405224604F008
:10A920002BFB204670BD704770B50C460546064EA1
:10A93000116006E0294600236D1C1A46706806F077
:10A9400015FF641EF6D270BDC035002010B500F0B2
:10A950009BFC002010BD7FB51C46012501AE0023E5
:10A96000009586E80E002A46214600F00FFD04B04F
:10A97000002070BD2DE9F0410446012580780326B2
:10A980002F46012802D002281DD105E0A160A28136
:10A9900027760220A0700EE0204600F031F9050075
:10A9A00004D0032D02D0022D04D004E0A7700020B3
:10A9B000207600E0A770C4F8FC6531460022D4F888
:10A9C000F40504F0D9FA2846BDE8F0817FB51D46AC
:10A9D00090F81D33089C03B100240123CDE9003118
:10A9E000CDE9022400231A46294600F0CFFC04B02A
:10A9F000002070BD1FB500231446CDE900310822A8
:10AA0000CDE902231A46214600F0C0FC04B0002024
:10AA100010BD000070B50546002005F54E7500BF5D
:10AA200000EB800404EB401405EB4404E67B0A349D
:10AA30008E4201D0FF2909D1A679964201D0FF2A82
:10AA400004D1E4799C4206D0FF2B04D0401CC0B254
:10AA50000828E5D3FF2070BD30B50346002003F57C
:10AA60004E7300BF00EB800404EB401403EB44047E
:10AA7000257B0A348D4202D1E478944204D0401CF4
:10AA8000C0B20828EED3FF2030BD0B2907D200EB5F
:10AA90008100B0F8A015C1F30E01C0F8A015002088
:10AAA000704730B48578029C012D0FD141F08001B0
:10AAB00001740621417403214282B1EB122F02D1AD
:10AAC00040F2094100E000218182C482224630BC6C
:10AAD0001946FFF74FBF0A8803781A440A800178A5
:10AAE00008447047F8B50E4600F11C050091044675
:10AAF0002B464FF400720021FFF7D3FF070005D16A
:10AB00003246294604F54E7000F05BFC3846F8BD2D
:10AB100038B50D460091044600F58E734FF48072EF
:10AB20000021FFF7BEFF002839D194F81C1184F8EA
:10AB3000261394F81D1184F82713B4F81E11A4F8F5
:10AB4000281394F8201184F82A1394F8211184F81A
:10AB50002B1394F8221184F82C1394F8231184F801
:10AB60002D13082D1BD9B4F82411A4F82E13B4F812
:10AB70002611A4F83013B4F82811A4F8321394F86D
:10AB80002A1184F8341394F82B1184F8351394F8AF
:10AB90002C1184F8361394F82D1184F8371338BD2E
:10ABA000F8B51C461646009341F4407200F58E73CA
:10ABB0001D460021FFF775FF002814D1697803298D
:10ABC00011D129788A1EA24200D814460021A2B2CF
:10ABD000AD1C04E06B5C891C06F8013B89B2914214
:10ABE000F8D300213170F8BD01004FF0000004D00F
:10ABF000012901D0022901D00220704701207047AD
:10AC00002DE9F84F0126017E04460B270325304627
:10AC10004FF009084FF007094FF0050B4FF00D0AF0
:10AC20000C2919D2DFE801F0C5060E303C4652650A
:10AC3000707F8BA2627904F110012046FFF7DAFEE3
:10AC400002202BE06179204600F042FB012804D06D
:10AC5000042817D0022815D0ABE0207CE18A00F050
:10AC6000800031B1802801D1257676E084F818B0D3
:10AC700073E0802803D100BF84F818806DE084F869
:10AC800018906AE0277668E0D4F8E005E08123793F
:10AC9000A2892046A168FFF75EFE0420207688E0A6
:10ACA0002179204600F014FB0128E5D005284ED17B
:10ACB000032652E000906379A2892046A168FFF73D
:10ACC00085FED4F8E005E0810620E7E761792046BB
:10ACD00000F0FEFA0128D2D0052804D00228C5D001
:10ACE000042803D065E00C202076E1E727760226D1
:10ACF00033E00022237911462046FFF72CFED4F8DA
:10AD0000E005E0810820C9E72179204600F0E0FA5B
:10AD1000012804D00428B5D00528C9D049E084F81A
:10AD200018A0002619E00090002263791146204601
:10AD3000FFF74CFED4F8E005E0810A20AEE7617928
:10AD4000204600F0C5FA012804D0022894D0042837
:10AD500098D02EE0002684F818A0C4F8FC552946A7
:10AD60000022D4F8F40504F007F922E0617E491CC2
:10AD7000C9B26176022902D82076A07019E0D4F811
:10AD8000F025062120469047002565760AA001F0AF
:10AD90006BFB0BA001F068FB13A001F065FB617970
:10ADA0002046FFF772FE21792046FFF76EFE2570E0
:10ADB00002263046BDE8F88F4552524F523A2000E5
:10ADC000436F6E74726F6C206572726F723A2044BA
:10ADD0006576696365206E6F7420726573706F6E3F
:10ADE00064696E67000000000D0A00002DE9FE4F47
:10ADF00001274178002505260446B9464FF00D0885
:10AE000000F58E7A08290CD2DFE801F0042C4B8E75
:10AE1000B0C9DDF308212046FFF77AFE10B1032800
:10AE200006D00BE194F82D03A07184F801904FE057
:10AE300086A001F019FB87A001F016FB92A001F09B
:10AE400013FB94F81E03401CC0B284F81E030328B1
:10AE500072D861792046FFF718FE21792046FFF766
:10AE600014FE9AE012212046FFF752FE10B103288B
:10AE700012D0E3E0B4F8301384A001F0F5FA82A018
:10AE800001F0F2FAB4F82E1383A001F0EDFA7EA0DF
:10AE900001F0EAFA02204DE06CA001F0E5FA81A091
:10AEA0004EE00121204600F0EDFD10B1032829D02D
:10AEB000C4E0022004F00BF8494684F81C9388A0F3
:10AEC00001F0D2FA70A001F0CFFA03206070A079EF
:10AED00094F81D130091CDE9015094F81C332179A9
:10AEE0008022204600F063FAA07994F81D130091A7
:10AEF000CDE9015094F81C3361790022204600F01E
:10AF000056FA9BE051A001F0AFFA7BA001F0ACFA39
:10AF10005DA001F0A9FA85A001F0A6FA5AA001F0FF
:10AF2000A3FA84F8008062E009212046FFF7DAFDE9
:10AF300018B90420607081E00FE003281FD07DE085
:10AF400001F092FA50A001F08FFA94F81E03401C11
:10AF5000C0B284F81E03032816D974A001F084FA45
:10AF600049A001F081FA84F8008067E0B4F83A1350
:10AF70002046FFF7B7FD0028DFD166705EE033A002
:10AF800001F072FA7948DBE761792046FFF77DFD31
:10AF900021792046FFF779FD657025704EE094F821
:10AFA0003413062569B1FF2352462046FFF7F8FD0A
:10AFB00010B1032805D041E051466DA001F054FACC
:10AFC0001BE070A017E094F83513072591B1FF231B
:10AFD00052462046FFF7E4FD10B103280AD02DE0C9
:10AFE00051466DA001F040FA27A001F03DFA6570CE
:10AFF00024E00FE06CA001F037FA23A001F034FA4E
:10B000006570C4F8FC6531460022D4F8F40503F0FD
:10B01000B3FF13E094F8361399B1FF23524620464C
:10B02000FFF7BEFD10B103280BD007E0514662A028
:10B0300001F01AFA14A001F017FA00273846BDE80B
:10B04000FE8F62A001F010FAF4E700004552524F63
:10B05000523A2000436F6E74726F6C206572726F8B
:10B06000723A2047657420446576696365204465BB
:10B070007363726970746F72207265717565737431
:10B08000206661696C6564000D0A00005049443A0D
:10B0900020257868000000005649443A2025786849
:10B0A00000000000436F6E74726F6C206572726FE7
:10B0B000723A204765742046756C6C204465766949
:10B0C00063652044657363726970746F7220726582
:10B0D0007175657374206661696C656400000000B9
:10B0E0004164647265737320282325642920617389
:10B0F0007369676E65642E00436F6E74726F6C20A7
:10B100006572726F723A2044657669636520536593
:10B110007420416464726573732072657175657320
:10B1200074206661696C656400000000436F6E7492
:10B13000726F6C206572726F722C20446576696341
:10B1400065206E6F7420526573706F6E64696E67F0
:10B1500020506C6561736520756E706C7567207426
:10B160006865204465766963652E00002017040831
:10B170004D616E756661637475726572203A202543
:10B18000730000004D616E7566616374757265725F
:10B19000203A204E2F41000050726F647563742076
:10B1A0003A2025730000000050726F6475637420AC
:10B1B0003A204E2F4100000053657269616C204EA9
:10B1C000756D626572203A202573000053657269BF
:10B1D000616C204E756D626572203A204E2F4100E1
:10B1E00070B588B00E46040030D084F8E8250025FC
:10B1F000C4F89855C4F89C55D6F700F884F8235342
:10B2000084F8205384F8215384F822530EB1C4F8F3
:10B21000F0651449D1E90001CDE90501002105A837
:10B2200003F05CFE0F49C4F8F405142208316846A7
:10B23000D5F7AEF82146684603F0CCFEC4F8F80511
:10B24000204600F049F8002008B070BD06A001F0CB
:10B250000BF907A001F008F90AA001F005F9022096
:10B26000F2E700008C7303084552524F523A200017
:10B27000496E76616C696420486F73742068616EF2
:10B28000646C65000D0A000010B5D0F8EC05FCF701
:10B2900094FBBDE81040FFF7A7BC10B5C820FCF731
:10B2A0009BF9002010BDD0F8EC05FCF780BB10B571
:10B2B0000124D0F8EC05FCF764FB20B1012805D08F
:10B2C000022803D101E0002400E00224204610BD42
:10B2D000D0F8EC05FCF764BB10B5044690F8E8051F
:10B2E00001281CD10F484FF0A0410222C0F8DC43D6
:10B2F000C4F8EC050160082141710121C1710021F0
:10B30000817142728172FCF705FC08B1FCF762F9A9
:10B310000448FCF733FB0146204600F01CF80020EF
:10B3200010BD0000A8C30120FEB508AF97E870006B
:10B330008DE87000D0F8EC05FCF751FBBDE8FE404D
:10B34000FFF752BC10B5D0F8EC05FCF75DFCBDE88A
:10B350001040FFF749BCC0F8E0157047D0F8EC0585
:10B36000C1EB011100EB8100C17D11B180F83C20DF
:10B3700001E080F83D200020704710B5D0F8EC05C2
:10B38000FCF745FCBDE81040FFF72EBC2DE9FF415E
:10B390000DF1280898E8F0008DE8F000D0F8EC05F1
:10B3A000FCF76BFB04B0BDE8F041FFF71DBCFEB538
:10B3B00008AF97E870008DE87000FFF7B5FF002038
:10B3C000FEBD2DE9F84105460B782B704B786B706C
:10B3D0004B886B800B792B714B796B718B79AB71CF
:10B3E000CB790846EB710027097A2972092A54D9CA
:10B3F0000921ADF800104BE06946FFF76CFB41787E
:10B40000042943D107EB870101EB471105EB410804
:10B41000017888F80A10417888F80B10817888F84C
:10B420000C10C17888F80D10017988F80E10417958
:10B4300088F80F10817988F81010C17908F10A0492
:10B4400088F81110017A2172002615E06946FFF78D
:10B4500042FB417805290FD108EBC60102780A7535
:10B4600042784A7582788A75C278CA7582880A835A
:10B470008279761C8A76F6B22179B14204D96A883B
:10B48000BDF800108A42E1D87F1CFFB2082F04D219
:10B490006988BDF800209142AED8BDE8F88100006F
:10B4A0002DE9FE4F4FF0020A04468DF800A094F8F3
:10B4B00021130020012901D10321217021780126C7
:10B4C000052700254FF00D084FF008090C297CD204
:10B4D000DFE801F006224EF67B84F5A0A9B2C6F49F
:10B4E00094F82003002870D0A9A000F0BDFFAEA002
:10B4F00000F0BAFF2670C82003F0E9FC2046FFF7F1
:10B5000021FF84F81C53C4F8FC65C4F8E4550022FC
:10B510003146D4F8F40578E094F82303012815D0D7
:10B52000D4F8E405B0F57A7F1AD994F81F03401CCB
:10B53000C0B284F81F03032874D99CA000F094FFC4
:10B5400099A000F091FF404620700FE0A2A000F00B
:10B550008BFF95A000F088FF84F81F535046F3E757
:10B560000A30C4F8E4050A2003F0B1FC314647E094
:10B57000D4F8F02512B1042120469047642003F04E
:10B58000A6FC2046FFF793FE84F81D0327700021D8
:10B590002046FEF74BFF607180212046FEF746FFF4
:10B5A00020710146A07994F81D230092CDE9015045
:10B5B00094F81C3380222046FFF7F9FEA07994F816
:10B5C0001D130091CDE9015000E020E094F81C33F8
:10B5D000617900222046FFF7EAFEC7E72046FFF721
:10B5E00005FC8DF800009DF8000000280FD184F8BC
:10B5F000245394F8370301280AD0072020703946D5
:10B60000C4F8FC150022D4F8F40503F0B5FC94E06E
:10B610004846F3E7D4F8F025002AF8D00121204667
:10B620009047F5E71AE094F83D13204600F038FA09
:10B6300000289BD1092087E794F83F034FF00A05C3
:10B6400080060BD50121204600F038FA00288DD164
:10B6500068A000F009FF54A000F006FF257085E700
:10B66000D4F89C1591B1C4F8985594F8471300BFCD
:10B6700004EB8002D2F8942512798A4208D104EBB7
:10B680008000D0F89405C4F8980506E061A042E077
:10B69000401C10F0FF00EBD0284618B3816820460C
:10B6A000884770B184F80080D4F89805016861A0DB
:10B6B00000F0DAFE3CA000F0D7FEA0E737E015E08E
:10B6C0003EE006202070D4F89805016861A000F0E3
:10B6D000CBFE35A000F0C8FED4F8F02503212046AB
:10B6E00090478CE784F800805FA014E0D4F89805B8
:10B6F000B0B10169204688478DF800009DF8000030
:10B7000060B19DF800000228D7D184F8008060A0C5
:10B7100000F0AAFE60A000F0A7FECBE70B206DE7CB
:10B7200084F800805AA000F09FFE65A0F3E7D4F8EB
:10B73000980510B14169204688470020BDE8FE8F7A
:10B7400084F821532046D5F759FDD4F8980520B147
:10B75000C16820468847C4F89855D4F8F02512B13E
:10B760000521204690475CA000F07EFE0EA000F070
:10B770007BFE94F82203012803D02046FFF7FDFD4D
:10B78000F4E684F82253204600F0A6F9EEE6000025
:10B790005553422044657669636520436F6E6E653C
:10B7A00063746564000000000D0A000055534220D8
:10B7B0005265736574204661696C65642C20506C19
:10B7C0006561736520756E706C756720746865209F
:10B7D0004465766963652E00555342204465766959
:10B7E000636520526573657420436F6D706C65747A
:10B7F000656400004465766963652072656D6F74E9
:10B80000652077616B65757020656E61626C65643B
:10B81000000000004E6F20436C61737320686173F9
:10B82000206265656E207265676973746572656410
:10B830002E000000446576696365206E6F74207386
:10B840007570706F7274696E6720257320636C6108
:10B8500073732E00257320636C617373207374619E
:10B86000727465642E0D0A004E6F207265676973ED
:10B87000746572656420636C61737320666F7220F7
:10B8800074686973206465766963652E0000000042
:10B890004552524F523A2000446576696365206EE6
:10B8A0006F7420726573706F6E64696E6720506C80
:10B8B0006561736520556E706C75672E0000000021
:10B8C000496E76616C696420436C617373204472C5
:10B8D000697665722E0000005553422044657669F2
:10B8E000636520646973636F6E6E6563746564007D
:10B8F0000EB504464FF0FF352A466846D4F8F415D5
:10B9000003F0F0FA00981028F6D12046FFF7C8FDA2
:10B91000F2E7000010B50022A1B1D0F89C3553B178
:10B920000BA000F0A1FD0CA000F09EFD11A000F006
:10B930009BFD022204E00123C0F89C35C0F8941559
:10B94000104610BD02A000F08FFD0BA0ECE7000038
:10B950004552524F523A20004D617820436C61733A
:10B9600073204E756D6265722072656163686564EF
:10B97000000000000D0A0000496E76616C696420C9
:10B98000436C6173732068616E646C650000000035
:10B9900070B5054690F83C030C460026A04227D916
:10B9A00085F82443214618A000F05EFD1EA000F09B
:10B9B0005BFD04EB840000EB441005EB40041BA08E
:10B9C00094F8471304F2473400F04EFD16A000F03F
:10B9D0004BFD617819A000F047FD13A000F044FD75
:10B9E000A1781AA000F040FD0FA000F03DFD09E095
:10B9F0001AA000F039FD1BA000F036FD0AA000F0EF
:10BA000033FD0226304670BD537769746368696EF2
:10BA10006720746F20496E746572666163652028C3
:10BA200023256429000000000D0A0000436C6173A7
:10BA300073202020203A2025786800005375624347
:10BA40006C617373203A20257868000050726F741F
:10BA50006F636F6C203A2025786800004552524F82
:10BA6000523A200043616E6E6F742053656C6563BB
:10BA700074205468697320496E74657266616365E9
:10BA80002E0000008278012A06D1002202740523CC
:10BA9000437441828282C28200221146FEF76ABF4D
:10BAA0008278012A06D1002202740923437441825C
:10BAB0008282C28200221146FEF75CBF8278012A90
:10BAC00006D1002202740323437441828282C2821F
:10BAD00000221146FEF74EBF10B50446FFF74DFC9D
:10BAE00001212046FFF7D9FB002010BD01290AD013
:10BAF0000548022906D0042903D0052903D10321D2
:10BB000000E001210170704798C0012070B50D461A
:10BB10000446C2F3072104981E4601291BD0E068A1
:10BB200040F04000E060204600F032F8C6F3072104
:10BB30000029A16B26D021F48031A163C5F3074110
:10BB4000012907D1A16841F00601A160A16841F077
:10BB50002001A16070BDA16B21F48031A163E16877
:10BB60000A4A1140E160E16821F44011E160C0B28D
:10BB7000012803D1E06840F48010E060204600F026
:10BB800007F8DBE741F48031D7E70000BFFFBDFFD6
:10BB900008B500214FF070620091009B5B1C009380
:10BBA00093420CD80369002BF7DA0091016941F048
:10BBB000010101610099491C0091914201D90320C2
:10BBC00008BD0169C907F5D1002008BD816821F0D1
:10BBD000010181600020704700EB4110064AC0F867
:10BBE0001025D0F8001521F0804141F00041C0F847
:10BBF00000150020704700000000088008B5D0F84C
:10BC0000402422F02E020092D20405D4012909D149
:10BC1000009941F4805103E021B9009921F4805149
:10BC2000C0F84014002008BD816841F00101816026
:10BC30000020704708B500214FF070620091009B12
:10BC40005B1C009393420AD80369002BF7DA00913A
:10BC5000102101610099491C0091914201D90320F2
:10BC600008BD0169C906F5D4002008BD18B5002239
:10BC70004FF070630092009C641C00949C420CD8AE
:10BC80000469002CF7DA0092202242EA8111016156
:10BC90000099491C0091994201D9032018BD0169FE
:10BCA0008906F5D4002018BDD0F8080480B270478A
:10BCB00008B5D0F840040090C0F3414008BD38B545
:10BCC000002200EB41110092D1F80025D1F8003597
:10BCD000C2F38142D1F80445DB0F8568E40FAD065D
:10BCE00005D524B93BB3012A25D0032A23D04FF42C
:10BCF0007A736AB1022A0BD0D1F8002542F0804253
:10BD0000C1F80025D0F8100410F47F0F2BD00CE000
:10BD1000D1F8002542F08042C1F8002582689206E1
:10BD200003D4C06A10F47F0F07D0D1F8000540F0AB
:10BD30000040C1F80005002038BDD1F8000520F012
:10BD40000040C1F80005D1F8000540F00040C1F8FE
:10BD500000050098401C00909842ECD8D1F80005EE
:10BD60000028F6DBE7E7D1F8000520F00040C1F835
:10BD70000005D1F8000540F00040C1F8000500982A
:10BD8000401C00909842D6D8D1F800050028F6DB78
:10BD9000D1E700002DE9F0431E46DDE907850027C5
:10BDA00000EB41147B1EDDF82490C4F8083515B370
:10BDB000012D3CD0022D1ED0032D31D001270023B0
:10BDC000C4F80435D4F80C3543F00203C4F80C353C
:10BDD000D0F8183401F00F0C012101FA0CF10B43DB
:10BDE000C0F81834816941F00071816111062BD5CA
:10BDF0004FF4004129E040F29D43C4F80C3513068E
:10BE000005D500BFD4F80C3543F4807319E0DFF892
:10BE100098C06045D3D1D4F80C3543F0600310E0EE
:10BE200040F29D63C4F80C351306EBD4C7E740F22B
:10BE30002523C4F80C351306C1D5D4F80C3543F4CA
:10BE4000C073C4F80C35BAE70021FFF731FFB8F131
:10BE5000020F04D1022802D04FF4003000E000208D
:10BE60004FF0FE5303EA86534FF4F04606EAC2222F
:10BE700013434FF4402202EA85421343C9F30A02F6
:10BE800013430B43034343F48010C4F80005032D10
:10BE900001D0012D05D1D4F8000540F00050C4F8C0
:10BEA00000053846BDE8F08300000440F8B5964D23
:10BEB0004C784FF48073A84216D1012A02D00D7934
:10BEC0007DB111E08D7C0DB1022D0DD18D795DB963
:10BED00000EB4415D5F80C6526F07006C5F80C6526
:10BEE00002E04D79012D10D08D79012D11D00E6A0F
:10BEF00096B38D8A77197F1EB7FBF5F7BFB29F42C5
:10BF000035D91F462B02CB6131E02146FFF764FE95
:10BF1000F7E0CB7801270BB18B8A25E08B7C012BD6
:10BF200002D0012A1BD01EE00B6ABC2B0CD98B8AD5
:10BF3000CB610B62CB68012B04D0022B02D0012312
:10BF4000CB601AE00223FBE7CB61CB68012B04D066
:10BF5000022B02D00423F3E708E00323F0E78B8AE7
:10BF60000D6A9D4200D80B6ACB6106E00127CB78B1
:10BF700013B18B8A7B43F7E7CE61CB694FF0C046A4
:10BF8000C3F312056FF0604303EAC7431D438B7D83
:10BF900006EA43731D4300EB4413C3F8105512B176
:10BFA0008C69C3F81445D0F80844D3F8005544F31D
:10BFB000000425F00055C3F80055D3F80055641C63
:10BFC00045EA4474C3F800458D790024012D0DD055
:10BFD000C3F80445D3F8005525F080450095CD7889
:10BFE000002D009D58D045F4004557E04E7C0D7C57
:10BFF0004FF0004747EAC6163543C3F80455D3F857
:10C000000C5545F06005C3F80C55CD79012D0DD1C7
:10C01000CD785DB9D3F8045545F48035C3F804559F
:10C02000D3F80C5545F04005C3F80C558D7C012D17
:10C0300001D0032DCED1CD79012D08D1CD78012DA0
:10C0400005D1D3F8045545F48035C3F804558D7CEB
:10C05000012DBFD1CD78002DBCD1CD68012D0CD0E4
:10C06000022D0FD0032D12D0042DB3D1D3F80455D7
:10C0700045F44045C3F80455ACE7D3F8045545F4FE
:10C080000045F7E7D3F8045545F00E05F2E7D3F87D
:10C09000045545F48045EDE725F4004545F000459D
:10C0A0000095C3F8005562BBCA7852BB0A6A42B316
:10C0B000CB7933BB8B7C33B1012B0FD0022B02D059
:10C0C000032B17D10AE0D21CC36AC2F38F029BB2C2
:10C0D00093420FD2826942F020020AE0D21CD0F8CB
:10C0E0001034C2F38F029BB2934203D2826942F0B2
:10C0F0008062826100940A8C93B24A78896900F068
:10C10000B5F80020F8BD000000000440F0B500259F
:10C110000E4604462F46C0F8005E806B40F40010C7
:10C12000A063A06B20F40020A063A06B20F480200B
:10C13000A063E068400602D4300E012804D0D4F891
:10C14000000420F0040103E0D4F8000440F00401EE
:10C150002046C4F800141021FFF788FD00B1012526
:10C160002046FFF767FD00B101250020411EC6F300
:10C17000072206E004EB4013C3F80815C3F80C755A
:10C18000401C8242F6D8A76161610E48844205D105
:10C19000401560620C48A0620C4804E08020606298
:10C1A0000B48A0620B48C4F80001C6F3074018B959
:10C1B000A06940F01000A061A06907490843A06190
:10C1C0002846F0BD00000440000200010003E0002A
:10C1D00080006000E0004000080020A338B504465D
:10C1E000D0F8400420F02E00009040F48070C4F895
:10C1F0004004642004F58864FBF7EEF9009820F40D
:10C20000807020600A20FBF7E7F9002038BD70B588
:10C210000446C068002520F0C040E060012901D03C
:10C2200079B120E0E06840F00050E0600A20FBF7C0
:10C23000D3F960690A3510F0010F10D1C82DF5D37C
:10C240000DE0E06840F08040E0600A20FBF7C4F9B0
:10C2500060690A3510F0010F01D0C82DF5D3C82D43
:10C2600001D0002070BD012070BD000010B5029CFF
:10C2700074B9DB1C9C0800EB0230002300F58050F1
:10C2800004E000BF51F8042B02605B1CA342F9D309
:10C29000002010BDFEE700002DE9F04188B0804687
:10C2A000F4F76EFB0646B8F1000F16D02A4F7169FD
:10C2B000B868884704460D4654EA05002ED040F27F
:10C2C0008D100090254B26A200212C48EEF798FCFB
:10C2D0002046294608B0BDE8F081E3200021EAF7B6
:10C2E0002BFFC0B9E322002302A8EAF769FE02A8E7
:10C2F00005AB07C807C3DDE9052040F28713CDE988
:10C30000003207991D4ACDE90201144B103A002171
:10C310001A48EEF775FCE3200021DBE73869C8F81E
:10C320000000B88AA8F80400B169B86888470D46CB
:10C33000044654EA05000BD040F295100090074BDC
:10C340000FA200210D48EEF75BFC20462946C1E70D
:10C3500000200146BEE70000C835002088750308AC
:10C360005B25733A256429204C6F636B206D7574CF
:10C370006578206572726F722E0000004C4C0008C8
:10C380005B25733A25642920556E6C6F636B206DB5
:10C3900075746578206572726F722E002DE9F04118
:10C3A00088B00746F4F7ECFA0646C7B1DFF8A88074
:10C3B0007169D8F80C0088470D46044654EA050018
:10C3C0002ED04FF4D5700090244B254A00212548EB
:10C3D000EEF716FC2046294608B0BDE8F081E320C0
:10C3E0000021EAF7A9FEC0B9E322002302A8EAF778
:10C3F000E7FD02A805AB07C807C3DDE906210598DC
:10C400004FF4D273CDE90221CDE90030154A134B28
:10C41000103A00211348EEF7F3FBE3200021DBE79D
:10C42000B8F802003880B169D8F80C0088470D468A
:10C43000044654EA05000CD04FF4D970084A009025
:10C44000064B203200210748EEF7DAFB204629464A
:10C45000C2E700200146BFE7C8350020C6750308C3
:10C4600060C302084C4C00080FB4054B10B503A97B
:10C47000044A029800F0A2F910BC5DF814FB000019
:10C4800065DE0208504100200FB47CB50C0009ADF8
:10C4900001D0611E00E00021CDE90001064B6A4693
:10C4A0002946089800F08AF9002C02D0009A002151
:10C4B00011707CBC5DF814FBC3CE02080FB4084BAE
:10C4C00010B504A902AA039800F078F9044602A95D
:10C4D000002000F001FD204610BC5DF814FB0000B8
:10C4E000D9CE02087CB50C001D461646014601D087
:10C4F000601E00E00020CDE90010064B6A46294688
:10C50000304600F05BF9002C02D0009A0021117037
:10C510007CBD0000C3CE02080907090E002804DB19
:10C5200000F1E02080F80014704700F00F0000F1E7
:10C53000E02080F8141D704700487047A4C3012014
:10C5400030B528B1144C031F002021680A4605E0CD
:10C55000084630BD9A4203D810465268002AF9D1E5
:10C56000002800D041680BD00468A3EB0005A54269
:10C5700004D11B681C440346046002E0436000E0F1
:10C5800023603AB11C68D51AA54203D115682C4422
:10C590001C6052685A6030BDA0C301202DE9F047ED
:10C5A00082460F4C10480D4E0E4F001B4FF00008F6
:10C5B00020F007054FF0010900221146504601F016
:10C5C00067FE002802D1306810B10020BDE8F08776
:10C5D0003C60C4E90058C6F80090EDE754410020E3
:10C5E00024F80120A0C3012020FA012002E008C89D
:10C5F000121F08C1002AFAD170477047002001E0DD
:10C6000001C1121F002AFBD1704710B54FF0005432
:10C61000002805D021B100F0E1FC18B1002010BDC8
:10C62000204610BD204610BD2DE9FF5F82B00021DD
:10C63000DDE90430020DDDF840B0034318D044F6C4
:10C640001050A2F2FF3242431514119801281FD056
:10C65000A5EB0B00401C5FEA000A4FF000064E4FAE
:10C66000DFF83891B046504615D5CAF1000413E002
:10C67000119801244AA3012801D16FEA0B01029805
:10C68000119AC0E90031C0E9024206B0BDE8F09F4E
:10C69000CBF10000DFE704460021404A491842EB95
:10C6A0000450CDE9001012E0E00707D032463B46C7
:10C6B00040464946D3F79EFF8046894632463B4670
:10C6C00010461946D3F796FF06460F466410002C15
:10C6D000EAD1DDE90401DDE90023BAF1000F06DA51
:10C6E000D3F788FF42464B46D3F784FF05E0D3F7E4
:10C6F000F3FF42464B46D3F7EFFF04460E460022B7
:10C70000284BD4F7D7F803D84FF0FF30014607E0A5
:10C710000022254B20463146D3F7C5FED4F72EFC28
:10C72000102409E0002C0ADB0A220023D3F7A6FD1F
:10C73000039B30321A55641E50EA0102F2D1641C88
:10C74000039AC4F111031444119A012A03D001225F
:10C7500008430DD10AE0084304D000204FF0110B2C
:10C76000119072E7A3EB0B056D1E0DE05B4504DD38
:10C770004FF0000205F1010504E003DA4FF000027A
:10C78000A5F10105002AECD002981199C0E9023107
:10C79000C0E9004579E70000000014400000F03FC8
:10C7A000300000000000F0430000E03F30380A286D
:10C7B00001D2012070470020704700002DE9FF4F93
:10C7C00095B09A46884606460025EEE1252877D1A1
:10C7D00000242746F94A0121039400E0044316F897
:10C7E000013F203B01FA03F01042F7D130782A28AC
:10C7F00011D06FF02F033078A0F13002092A16D83B
:10C80000039A44F0020402EB820203EB420210445A
:10C81000761C0390EFE758F8042B0392002A03DA02
:10C82000504244F40054039044F00204761C3078E3
:10C830002E2816D116F8010F44F004042A280DD032
:10C840006FF02F023078A0F13003092B09D807EBE5
:10C85000870302EB4303C718761CF3E758F8047B01
:10C86000761C30786C280FD006DC4C2817D068284E
:10C870000DD06A2814D104E0742810D07A280FD182
:10C880000DE044F400140AE044F4801401E044F4A0
:10C8900040147278824202D104F58014761C761C12
:10C8A000307866280BD013DC582877D009DC0028B4
:10C8B00075D04528F6D04628F4D047281AD193E100
:10C8C00018E0632835D0642879D0652812D18BE12F
:10C8D000702873D008DC6728F1D069286FD06E28E3
:10C8E0000DD06F2806D1ACE073282CD0752874D0F9
:10C8F000782853D05246179990476D1C54E1C4F3E1
:10C900000250022809D003280DD0D8F800100428BE
:10C910000DD00D6008F1040846E1D8F80010EA17C0
:10C92000C1E90052F6E7D8F800100D80F2E70D706B
:10C93000F0E718F8041B8DF8001000208DF80100B6
:10C94000EB46012003E058F804BB4FF0FF306107CD
:10C950004FF0000102D40DE009F101018946B9420E
:10C960000FDA8145F8DB1BF809100029F4D108E043
:10C9700009F1010189468142FADB1BF809100029FF
:10C98000F6D103985346A0EB090721463846179A7B
:10C9900000F080FA284400EB090507E044E008E1D4
:10C9A0000DE01BF8010B524617999047B9F10109A8
:10C9B000F7D2534621463846179AF2E039E00A2169
:10C9C000C4F302524FF0000B0091022A06D058F82F
:10C9D000040BC117032A09D00AE023E008F107007D
:10C9E00020F00702F2E80201904605E000B2C1170C
:10C9F000042A01D140B2C117002906DA0A460021F3
:10CA0000404261EB02012D2202E0220504D52B22D7
:10CA10008DF80420012203E0E20701D02022F7E78D
:10CA2000914657E00A2100E010214FF0000B0091E1
:10CA30000BE010214FF0000B44F004040827009194
:10CA400003E008204FF0000B0090C4F30252022ACA
:10CA500005D058F8040B0021032A08D008E008F19B
:10CA6000070020F00702F2E80201904603E080B2DE
:10CA7000042A00D1C0B24FF0000922072AD532782B
:10CA8000702A07D0DDF800C08CF0100C5CEA0B0CAB
:10CA900005D00EE040228DF80420012208E050EA83
:10CAA000010306D030238DF804308DF805200222D2
:10CAB0009146009B83F0080353EA0B030AD150EA26
:10CAC000010201D1620705D530228DF804204FF014
:10CAD00001097F1E3278582A04D039A20C920CAA80
:10CAE00002920BE03BA2F9E75B46009AD3F7C6FB44
:10CAF0000C9B9B5C029A521E0292137050EA010238
:10CB0000F2D1029804A9081A00F1200B600702D59F
:10CB100024F4803400E001275F4502DDA7EB0B0021
:10CB200000E0002000EB0B01009003984944401AFC
:10CB30000390E00306D453462146179A039800F069
:10CB4000A9F90544002706E001A85246C05D1799DF
:10CB500090476D1C7F1C4F45F6DBE0030CD5534618
:10CB60002146179A039800F095F9054404E0302017
:10CB70005246179990476D1C0099481E0090002955
:10CB8000F5DC08E00298029952460078491C0291AF
:10CB9000179990476D1CBBF10001ABF1010BF1DC63
:10CBA0005BE100F065F90544761C307800287FF4DD
:10CBB0000DAE19B02846BDE8F08F0000092801002D
:10CBC0003031323334353637383961626364656603
:10CBD00000000000303132333435363738394142C5
:10CBE0004344454600000000600700D4062708F1D2
:10CBF000070020F00700F0E80223804603F0004C15
:10CC00005FEA0C0001D097A009E0200501D596A0AD
:10CC100005E0E00701D095A001E0AFF24C001390D1
:10CC2000307823F0004365280CD006DC452809D075
:10CC300046281DD047287FD13BE0662818D06728BA
:10CC40007AD136E00021112F01DB112000E0781CA1
:10CC5000CDE9000104A90CA8FFF7E6FCDDE90D0110
:10CC60000C9A4FF0000B07F10109109200914EE071
:10CC70004FF000400097CDE9011004A90CA8FFF780
:10CC8000D3FCDDE90D020C9B0F994FF0000B914690
:10CC90001093009211B9791C00EB0109B7EB090060
:10CCA00003D4C0F1FF3B07F10109A9EB0700019094
:10CCB00042E0012F00DA01270021112F01DD1120B0
:10CCC00000E03846CDE9000104A90CA8FFF7ACFC50
:10CCD000DDE90D010C9A00914FF0000BB94610925E
:10CCE00021070FD4009A4A4503DA914601E0A9F1E1
:10CCF0000109B9F1010F05DD109AA9F10101515C9B
:10CD00003029F4D0B84202DA10F1040F03DA01211D
:10CD1000CDE9011010E0002803DC8344A9EB0001F9
:10CD200002E0411C494500DD8946A0EB0B00401C98
:10CD300001904FF000400290200705D4019848452B
:10CD400002DB4FF0FF30019000208DF84B0002987D
:10CD50000DF14B07B0F1004F25D002200C902B2095
:10CD60000D90029800280CDA404202902D200D9080
:10CD700007E00A210298D3F7D1FD3031029007F87D
:10CD8000011D0C99481E0C900029F2DC0298002825
:10CD9000EFD1791E0D980870307800F0200040F037
:10CDA000450007F8020D11A8C01BC01D0290139882
:10CDB000007800B1012000EB0901019801EBE0715E
:10CDC000029801440398401A401E0390E00306D4E1
:10CDD00053462146179A039800F05CF805441398CF
:10CDE000007818B15246179990476D1CE00323D57F
:10CDF00053462146179A039800F04CF805441BE06F
:10CE0000BBF1000F07DB0098584504DD1098179917
:10CE100010F80B0001E01799302052469047019816
:10CE20000BF1010B401E05F10105019004D12E20EC
:10CE30005246179990476D1CB9F10001A9F10109FB
:10CE4000DEDC05E017F8010B5246179990476D1C80
:10CE50000299481E02900029F4DC53462146179A95
:10CE600003989EE62D0000002B000000200000002B
:10CE70002DE9F041044600251E461746880404D4D7
:10CE800005E039462020B0476D1C641EF9D52846C0
:10CE9000BDE8F0812DE9F041044600251E4690468C
:10CEA000C80301D5302700E02027880404D505E019
:10CEB00041463846B0476D1C641EF9D52846BDE88A
:10CEC000F0814A68002A06D00A68531C0B60107073
:10CED0004868401E486070470A68531C0B60107019
:10CEE000704700002DE9F04106460F461248002E1B
:10CEF00013D0002F11D011490C68002C0DD065689B
:10CF0000002D0AD00E4A106810B10446556806E09C
:10CF1000486808B9A06810B10A48BDE8F0816169A5
:10CF2000284688470028F8D13A4631462846E36922
:10CF3000BDE8F04118470000010000204CF7012037
:10CF4000143A00200800003070B50D460D4A1268F2
:10CF5000002A11D0516879B100F062FF04464FF009
:10CF600000565CB12946204600F06CFF40B10649EE
:10CF70000C604860002070BD044870BD304670BD34
:10CF8000304670BD4CF70120143A0020010000200B
:10CF9000F8B506460F46002E14D09FB192B18BB162
:10CFA0000B48006880B1446874B10A4D296809B122
:10CFB00008466C6800931346456A3A463146204657
:10CFC000A847F8BD0448F8BD4FF00050F8BD000078
:10CFD0004CF70120143A00200100002070B50446EF
:10CFE00000220E4D55F82230A34207D1204600F012
:10CFF00017F808B1204670BD002070BD23B1521C47
:10D00000042AEFDB002070BD45F82240204600F0E6
:10D0100007F808B1204670BD002070BD4CF7012014
:10D0200010B504460846002204EB82014B68834297
:10D0300004D023B1521C042AF6DB002010BD04EBFF
:10D040008201486010BD00002DE9FF4FADF5237D42
:10D050008346DDF8C892B19E90461F464FF0000A05
:10D06000CDF87CA2CDF880A2CDF884A2CDF888A21C
:10D070004FF49A74214652A8D3F7A5F9214605A882
:10D08000D3F7A1F9FA25CDF810A00024CDF808A017
:10D09000CDF80CA0FE48BBF1000F7DD0A49900296B
:10D0A0007AD0B8F1000F77D0002F75D0B099002951
:10D0B00072D0002E70D0DBF80010102903D0202988
:10D0C00001D0302968D1DBF80410002964D0A4997C
:10D0D0000968022903D0052901D0FF295CD152A893
:10D0E00003F087FA05A803F084FAB7FBF5FA0E21DE
:10D0F0009FA803F0C5FCB9F1000F01D0532000E058
:10D1000054208DF80800DBF8000010280FD02028EC
:10D1100009D030280FD000208DF80900B9F1000F98
:10D120000DD038460DE005208DF80900F6E7062001
:10D130008DF80900F2E707208DF80900EEE7306866
:10D1400038449BF804108DF80A10010A8DF80B1072
:10D150008DF80C0052AA052102A803F07FFAFA2FDD
:10D1600056D852AA3946404603F078FAB9F1000F72
:10D1700023D0012200219FA803F08FFD52A803F0C5
:10D1800086FA024604A8009005AB52A99FA803F0B6
:10D19000DDFB002800D100E09CE0BDF8140005A9EB
:10D1A000BDF818200144921E0A31B098D3F7F0F868
:10D1B000BDF81800801E306081E1002211469FA852
:10D1C00003F06BFD52A803F062FA024652A99FA831
:10D1D00003F004FC00287DD152A803F00AFA52AAF9
:10D1E0003168B09803F03AFA0E219FA803F048FC8A
:10D1F000012211469FA803F050FD52A803F047FA00
:10D20000024652A99FA803F0E9FB002862D156E12B
:10D210004FF0010B50E1CCB1AAF1010084427DD264
:10D22000E1B200229FA803F038FD04FB058052AA5A
:10D23000294603F013FA52A803F029FA024652A92C
:10D240009FA803F0CBFB002844D12AE152AA29462B
:10D25000404603F003FA002211469FA803F01DFD8B
:10D2600052A803F014FA024652A99FA803F0B6FB95
:10D2700000282FD1BAF1010FE7D152A803F0B9F974
:10D2800005A803F0B6F90E219FA803F0F9FB0BFBEC
:10D2900015710BFB058052AA03F0E0F9B9F1000FFC
:10D2A00023D0594601229FA803F0F7FC52A803F0AF
:10D2B000EEF9024604A8009005AB52A99FA803F01E
:10D2C00045FB002806D1BDF81400BDF8182005A9BB
:10D2D000921E00E08BE001440A31B098D3F758F871
:10D2E000BDF81800801E3060DBE0594600229FA880
:10D2F00003F0D3FC52A803F0CAF9024652A99FA832
:10D3000003F06CFB002872D152A803F072F952AA04
:10D310003168B09803F0A2F90E2100E012E09FA856
:10D3200003F0AEFB012202219FA803F0B6FC52A835
:10D3300003F0ADF9024652A99FA803F04FFB002865
:10D3400055D1AEE0B7FBF5F005FB1070F0B3E1B2DC
:10D3500000229FA803F0A1FC04FB058052AA2946E5
:10D3600003F07CF952A803F092F9024652A99FA853
:10D3700003F034FB00283AD152A803F03AF905A88B
:10D3800003F037F90E219FA803F07AFB601C00FB25
:10D390001571824600FB058052AA03F05FF9B9F1CE
:10D3A000000F77D00AF0FF0101229FA803F075FC5F
:10D3B00052A803F06CF9024604A8009005AB52A9EC
:10D3C0009FA803F0C3FA00287AD100E010E0BDF86E
:10D3D000140005A9BDF818200144921E0A31B09826
:10D3E000D2F7D6FFBDF81800801E306067E067E016
:10D3F00004FB058052AA294603F030F9B9F1000F69
:10D4000021D0E1B201229FA803F047FC52A803F00B
:10D410003EF9024604A8009005AB52A99FA803F06C
:10D4200095FA00284CD1BDF8140005A9BDF81820C4
:10D430000144921E0A31B098D2F7AAFFBDF8180035
:10D44000801E30602DE0E1B200229FA803F025FC91
:10D4500052A803F01CF9024652A99FA803F0BEFA95
:10D4600000282DD152A803F0C4F852AA3168B09810
:10D4700003F0F4F80E219FA803F002FB0122611CC7
:10D480009FA803F00AFC52A803F001F9024602E04B
:10D490000100002018E052A99FA803F09FFA00287D
:10D4A0000ED152A803F0A5F805A803F0A2F80E21AA
:10D4B0009FA803F0E5FA641C5445FFF4ACAE0020CD
:10D4C0000DF5277DBDE8F08F0AF0FF0100229FA82F
:10D4D00003F0E3FB52A803F0DAF8024652A99FA832
:10D4E00003F07CFA0028EBD152A803F082F80E2159
:10D4F0009FA803F0C5FAA41CE1B201229FA803F083
:10D50000CCFB52AA3168B09803F0A8F852A803F0F7
:10D51000BEF8024652A99FA803F060FA0028CED0B8
:10D52000CEE7000030B5ADF5217D044600209D908A
:10D530009E909F90A0909C904FF49A7529464FA87A
:10D54000D2F741FF294602A8D2F73DFF6CB34FA89E
:10D5500003F04FF802A803F04CF818219DA803F03F
:10D560008FFA02219DA803F087FB4FA803F08FF8E4
:10D5700002469CA8009002AB4FA99DA803F0E6F9D3
:10D5800000280FD1BDF8080002A9BDF80C20014405
:10D59000D21E0B31201DD2F7FBFEBDF80C00C01EC1
:10D5A000206000200DF5217D30BD0148FAE7000024
:10D5B0000100002070B5ADF5207D04460D46002029
:10D5C0009C909D909E909F909B904FF49A763146B0
:10D5D0004EA8D2F7F8FE314601A8D2F7F4FE194959
:10D5E00035B1201F0D2805D308460DF5207D70BDEF
:10D5F0000846FAE74EA802F0FCFF01A802F0F9FF86
:10D6000013219CA803F03CFAE1B29CA803F034FB80
:10D610004EA803F03CF802469BA8009001AB4EA92F
:10D620009CA803F093F90028DFD1BDF8040001A9FC
:10D630000144BDF8082008312846D2F7A9FE002091
:10D64000D3E70000010000202DE9F047ADF5207D73
:10D650000546DDF8A082A99F0C4691461E46002093
:10D660009C909D909E909F909B904FF49A7A5146EB
:10D670004EA8D2F7A8FE514601A8D2F7A4FE2E4824
:10D680002CB1012C03D0022C01D0032C44D1022C4C
:10D6900001D0032C04D1B9F1000F3DD0FF2E3BD8AF
:10D6A000B8F1000F38D0002F36D04EA802F0A1FFFD
:10D6B00016219CA803F0E4F994B304219CA803F07C
:10D6C000CBFAEAB2C5F307219CA803F0E6FA022CD4
:10D6D0002CD0032C2AD0F1B29CA803F0CDFA022062
:10D6E0008DF870024EA802F0D2FF02469BA800906F
:10D6F00001AB4EA99CA803F029F900280CD1BDF874
:10D70000040001A90144BDF8082008314046D2F7C1
:10D710003FFE9B98386000200DF5207DBDE8F08726
:10D72000FFE700219CA803F097FACAE74EAA04215C
:10D73000484602F093FFD5E70100002030B5D3B092
:10D74000054600244F945094519452944FF49A718A
:10D7500002A8D2F738FE0194280A8DF804008DF84B
:10D76000055002A802F045FF02AA022101A802F01A
:10D7700075FF14214FA803F083F902A802F087FF78
:10D78000024602A94FA803F029F90028FFD153B09F
:10D7900030BD0000F0B5D1B006460D4617461C4618
:10D7A00000204D904E904F9050904FF49A716846E3
:10D7B000D2F709FE26482DB1012D03D0022D01D04C
:10D7C000032D3DD1002F3BD035B1012D09D0022DC5
:10D7D0000CD0032D13D10EE0002C31D0FF2C2FD80C
:10D7E0000DE0A4F10801F1292AD208E0042C27D980
:10D7F000FF2C25D803E00C2C22D9FC2C20D868461D
:10D8000002F0F7FE6A462146384602F027FF15214E
:10D810004DA803F035F9ADB104214DA803F01CFA71
:10D82000F2B2C6F307214DA803F037FA684602F0BA
:10D830002EFF024669464DA803F0D0F80028FFD11C
:10D8400051B0F0BD00214DA803F006FAE8E7000052
:10D8500001000020FEB5DDE90867154C00280DD059
:10D8600061B15AB153B15EB157B10568102D09D0FD
:10D87000202D07D0302D05D02046FEBD2046FEBD10
:10D880002046FEBD456845B10D68022D07D0052D27
:10D8900005D0FF2D03D02046FEBD2046FEBD01244D
:10D8A000CDE900670294FFF7CFFB0028F6D1FEBD5B
:10D8B0000100002010B5002805D021B1FFF712FBB0
:10D8C0000028FFD110BD014810BD0000010000205C
:10D8D00010B5002804D0FFF725FE0028FFD110BDA9
:10D8E000004810BD0100002010B5074B002904D0EE
:10D8F000021F0D2A03D3184610BD184610BDFFF7AE
:10D9000059FE0028FAD110BD010000207CB5064662
:10D91000DDE906450E48002905D0012903D002297A
:10D9200001D0032912D1FF2B10D8022901D00329DD
:10D9300001D1002A0AD0002C08D0002D06D0304694
:10D94000CDE90045FFF780FE0028FFD17CBD000037
:10D9500001000020002803D0024901600020704728
:10D9600001487047000102010100002010B50028A5
:10D9700003D0012801D0034810BDFFF7E5FA0028C5
:10D98000FAD110BD0100002010B5FFF7D7FE002826
:10D99000FFD110BD70B505461548002905D00129F5
:10D9A00003D0022901D0032921D1002A1FD031B18F
:10D9B000012909D002290CD0032913D10EE0002B34
:10D9C00015D0FF2B13D80DE0A3F10804F12C0ED2D3
:10D9D00008E0042B0BD9FF2B09D803E00C2B06D948
:10D9E000FC2B04D82846FFF7D5FE0028FFD170BDD8
:10D9F00001000020F0B50646880701D00020F0BDE8
:10DA0000002004463EE0335D3D2BF8D0A3F12B050A
:10DA1000502D01D30020F0BD1C4DEB5CFF2B09D035
:10DA200014F0030508D0012D09D0022D14D0032DC8
:10DA300026D11EE00020F0BD9B00135420E00546D7
:10DA40001544C3F3011C2F78401C47EA0C0780B231
:10DA50002F701B01135413E005461544C3F3830CC8
:10DA60002F78401C47EA0C0780B22F709B0113549B
:10DA700006E005461544401C2F7880B21F432F70E6
:10DA8000641CA4B28C42BED3F0BD0000B7C2030830
:10DA900010B588B103687BB142688168914206D2B3
:10DAA0005C5C202C03D8491C81600028F5D1914290
:10DAB00001D1491E816010BD002010BD70B5044623
:10DAC0000F4E19E0A0892568C0050AD4A06820B1CE
:10DAD000FFF7F4FFA089C00503D4206908B171687D
:10DAE0008847A089800503D4206A08B171688847F7
:10DAF0007168204688472C46002CE3D170BD000099
:10DB000014C00120002901DA0020704700F06ABB30
:10DB100001004FF0000001D0896803E00020704749
:10DB20000968401C0029FBD17047002200F065BB4A
:10DB300000B5014600F032F8002800D0086900BDA9
:10DB400030B50D4C0D4A0E4B0E4988B10A60056880
:10DB500005B10D604B60406800B1486000208860EE
:10DB60000868904203D14868984200D18C6030BD6B
:10DB700081E81C0030BD0000390803089DC502087B
:10DB800041C5020814C00120002804D0007B10F019
:10DB9000FF0F01D00020704701207047002803D0FC
:10DBA000007B102801D0002070470120704710B57D
:10DBB000016828208847040003D028220021D2F7DA
:10DBC00004FC204610BD0000F0B587B00E460446A8
:10DBD0001C216846D2F7F7FB184800250560456010
:10DBE00044B3CDE90046064606F10800029507C891
:10DBF00004AB83E8070006F10800FFF7D8FF070031
:10DC00000DD0684602F04EFEFFF742FF014638464F
:10DC100001F008FC002838460DD1FFF74FFFDDE981
:10DC20000110884201D2054602E0081E00D0451EC0
:10DC3000C6E90045002007B0F0BD00000CC001207F
:10DC400070B505460C4616463146284600F0A2FE41
:10DC500006F1080104F1800000F09CFE0021C1F1F2
:10DC60001E0055F8200044F82100C1F11F0055F8AE
:10DC70002020481C44F82020C1F13E0254F82230F4
:10DC800001F1200245F82230C1F13F0254F8223060
:10DC900001F1210245F822301F3255F82160134668
:10DCA00045F82260521C55F8206045F8226054F86F
:10DCB000216044F8236054F8200044F82200891CB5
:10DCC0002029CCDB70BD70B505460C4616463146A2
:10DCD000284600F05FFE06F1080104F1800000F024
:10DCE00059FE06F1100105F5807000F053FE002189
:10DCF000C1F15E0055F8200044F82100C1F15F0039
:10DD000055F82020481C44F82020C1F13E0054F86A
:10DD1000202001F1200045F82020C1F13F0054F8F7
:10DD2000202001F1210045F82020C1F11E0055F806
:10DD3000202001F1400044F82020C1F11F0055F8D7
:10DD4000202001F1410044F82020891C2029CFDB4C
:10DD500070BD2DE9FF478446DDE90C75DDE90E064F
:10DD60004FF4104844464FF00009CDF80C900DF1E7
:10DD70000C09002D0BD0012D11D03160D2F723FBFF
:10DD8000444514D04FF0FF3004B0BDE8F087CDE932
:10DD900001090097604600F0FFF80446F0E7CDE97E
:10DDA00001090097604600F069F80446E8E7039827
:10DDB0003060E9E72DE9F04FADF20C4D0DF58667C7
:10DDC000834697E880070D4616461C464FF480614F
:10DDD00003A8D2F7F8FA002002902246314603A8A1
:10DDE000D2F7D6FA03A820442A465946D2F7D0FAE9
:10DDF00002A8CDE90090291943463A4603A800F04D
:10DE000059F9B0F5104F05D04FF0FF300DF20C4D21
:10DE1000BDE8F08F0298CAF800001020F6E7000075
:10DE20000021074A52F821301B78834202D152F870
:10DE300021007047491C0429F4DB002070470000D2
:10DE40004CF70120002200EB82035B685B788B4279
:10DE500003D100EB820040687047521C042AF2DBB9
:10DE60000020704713B54FF6FF7301226946024840
:10DE7000FAF70AFF00981CBD28C801202DE9F04FD1
:10DE8000E5B00D46DDF8BC816E9E709982469146E4
:10DE90001F460020002400226392649261926292E5
:10DEA000002E06D0012E04D04FF6347065B0BDE8C8
:10DEB000F08F6A0702D04FF63670F7E7012E04D1D3
:10DEC000102D02D24FF63770F0E70DF5C67B012E0C
:10DED00008D11AF800200BF80020401C0828F8D3BD
:10DEE0000824083D0D6001A800F01DFC102F04D08F
:10DEF000182F07D04FF63570D8E7494601A800F033
:10DF000016FC03E0494601A800F02EFC0DF5C2798D
:10DF100031E0204604F1080705E0021B1AF8001062
:10DF200009F80210401CB842F7D3012E0AD1002094
:10DF300019F800101BF80020514009F80010401C8F
:10DF40000828F5D361AA61A901A800F001FA012E01
:10DF50000DD1629961986491639008E0012E12D00E
:10DF600004F0070019F8000008F80400641CBC4223
:10DF7000F4D3083D3C46082DCBD201A800F0CCFBE1
:10DF80004FF4104092E704F0070008EB040119F881
:10DF9000000001F8080CE9E72DE9F04FE5B00D4667
:10DFA000DDF8BC816E9E7099824691461F46002026
:10DFB000002400226392649261926292002E06D045
:10DFC000012E04D04FF6347065B0BDE8F08F6A07BB
:10DFD00002D04FF63670F7E7012E04D1102D02D291
:10DFE0004FF63770F0E70DF5C67B012E08D11AF811
:10DFF00000200BF80020401C0828F8D30824083D16
:10E000000D6001A800F08FFB102F04D0182F07D04F
:10E010004FF63570D8E7494601A800F097FB03E0BA
:10E02000494601A800F0AFFB0DF5C27931E020466A
:10E0300004F1080705E0021B1AF8001009F80210A5
:10E04000401CB842F7D3012E0AD1002019F8001065
:10E050001BF80020514009F80010401C0828F5D397
:10E0600061AA61A901A800F073F9012E0DD162998E
:10E0700061986491639008E0012E12D004F00700CB
:10E0800019F8000008F80400641CBC42F4D3083DF1
:10E090003C46082DCBD201A800F03EFB4FF41040C7
:10E0A00092E704F0070008EB040119F8000001F8FA
:10E0B000080CE9E72DE9F04FA5B0064691469A46CF
:10E0C0000020002223922492219222924A0704D017
:10E0D0004FF6367025B0BDE8F08F102902D24FF60A
:10E0E0003770F7E723AF325C3A54401C0828FAD364
:10E0F000A1F108054FF0080B01A800F047FC4946C4
:10E1000001A800F002FE0DF1840820E058460BF152
:10E11000080405E0A0EB0B02315C08F80210401C7B
:10E12000A042F7D3002118F801007A5C504008F8AB
:10E130000100491C0829F6D321AA21A901A800F051
:10E1400031FBDDE92101CDE92301083DA346082D7E
:10E15000DCD209F1080101A800F0B6FD21AA21A92D
:10E1600001A800F01FFBBAF1100F05D0BAF1180F8B
:10E1700007D04FF63570ADE7494601A800F0C5FD60
:10E1800004E009F1100101A800F0BFFD21AA21A9B6
:10E1900001A800F007FB00202E9918F800200A546F
:10E1A000401C0828F8D32F99086001A800F0E8FB6C
:10E1B0004FF410408EE710B502680EE0521E00EBDF
:10E1C000820451F82230A468A34202D24FF000002A
:10E1D00010BD02D94FF0010010BD002AEED14FF062
:10E1E000010010BD002807D0806801E00068491ECA
:10E1F000002801D00029F9D170472DE9F041884667
:10E20000A8B3B8F1000F33D084680AB90AE02468D3
:10E210006CB3216A59B34046D2F705F90028F6D10C
:10E2200020E024681CB3266A5FEA0805F9D0002EB6
:10E23000F7D0B54218D002E098B16D1C761C287852
:10E24000D2F78EF807463078D2F78AF887422878D6
:10E25000F2D0D2F785F805463078D2F781F88542BA
:10E26000DFD124B1206A10B12046BDE8F081FFE77C
:10E270000020FAE708B5F2F783FB016B6846884790
:10E28000009808BDEFF30580002800D001207047FA
:10E290002DE9F0410B3020F00706104D19E0206801
:10E2A000B04215D3B0420AD9871B201DD4F8048090
:10E2B000D2F76EF8A019C0E90078286004E0606821
:10E2C0002860201DD2F764F8201D2660BDE8F0818B
:10E2D000251D2C68002CE2D10020F7E7A0C3012007
:10E2E0001CB5F9F76DFFFBF7C1FC0C4C00252B4664
:10E2F00060684FF40062CDE9005009A10B4803F0BB
:10E3000025FDA0680023CDE900504FF4807208A1DC
:10E310000B4803F01BFD02F049FFFEE700C001209F
:10E3200073746172745F7461736B000075460208E8
:10E330006D6F6E69746F725F7461736B00000000C3
:10E340002945020801460020842900D0C81C7047D6
:10E350002DE9F04FCB780C788D7843EA04644B7844
:10E360001B0443EA05231C43CB790D7943EA05637B
:10E370004D7989792D0445EA01210B4383EA141173
:10E3800001F00F314B4084EA011183EA1144A4B239
:10E39000634081EA044181EA930404F0333461402C
:10E3A00083EA840381EA132404F0FF14614083EAC2
:10E3B00004234FEAF37681EA060303F0AA335E40B2
:10E3C00059404FEAF1710024DFF84483A8F5007743
:10E3D000A7F58069A7F5A06C0368734003F03F05BB
:10E3E000C3F3052A58F8255057F82AA0DFF824B3BC
:10E3F00085EA0A05C3F3054AC3F305635BF82AA05F
:10E4000059F823308AEA030A85EA0A054D40436831
:10E4100083EA361303F03F0A0BF54071C3F3052E70
:10E4200051F82A100BF5807A5AF82EA0C3F3054E46
:10E4300081EA0A01ABF5807AC3F305635AF82EE04E
:10E440005CF823308EEA030E81EA0E01694083688E
:10E450004B4003F03F05C3F3052E58F8255057F8FD
:10E460002EE085EA0E05C3F3054EC3F305635BF8A2
:10E470002EB059F823308BEA030B85EA0B05754063
:10E48000C368103083EA311303F03F0B0AF580664E
:10E49000C3F3052E56F82B600AF5007B5BF82EB00F
:10E4A00086EA0B06C3F3054BC3F305635AF82BB09A
:10E4B0005CF823308BEA030B86EA0B066E40641C83
:10E4C000082C89DB002403684B4003F03F05C3F3AD
:10E4D000052A58F8255057F82AA0DFF838E285EACF
:10E4E0000A05C3F3054AC3F305635EF82AA059F889
:10E4F00023308AEA030A85EA0A057540436883EAFD
:10E50000311303F03F0A0EF54076C3F3052B56F89E
:10E510002A600EF5807A5AF82BA0C3F3054B86EAE1
:10E520000A06AEF5807AC3F305635AF82BB05CF89F
:10E5300023308BEA030B86EA0B066E408368734038
:10E5400003F03F05C3F3052B58F8255057F82BB0BF
:10E5500085EA0B05C3F3054BC3F305635EF82BB0E7
:10E5600059F823308BEA030B85EA0B054D40C3684D
:10E57000103083EA361303F03F0B0AF58061C3F3D2
:10E58000052E51F82B100AF5007B5BF82EB081EABE
:10E590000B01C3F3054BC3F305635AF82BB05CF8CA
:10E5A00023308BEA030B81EA0B016940641C082CC1
:10E5B00089DB00230AF5007804687440DFF8509185
:10E5C00004F03F05C4F3052B59F8255057F82BB03C
:10E5D000C4F3054E85EA0B05DFF838B1C4F30564D2
:10E5E0005BF82EB0A9F5C06E5EF824408BEA040BF0
:10E5F00085EA0B054D40446884EA361404F03F0177
:10E60000A9F5807EC4F3052B5EF8211058F82BB0D5
:10E6100081EA0B01C4F3054BC4F305645AF82BB02F
:10E620005CF824408BEA040B81EA0B0169408468A2
:10E630004C4004F03F05C4F3054B59F82550C4F392
:10E640000529C4F3056457F8299085EA0905DFF820
:10E65000C49059F82B90AEF5A06B5BF8244089EA82
:10E66000040985EA09057540C468103084EA31144C
:10E6700004F03F06C4F305295EF8266058F8299097
:10E6800086EA0906C4F30549C4F305645AF82990DB
:10E690005CF8244089EA040986EA09066E405B1C9E
:10E6A000082B89DB4FEA760383EA010000F0AA30E9
:10E6B000434041404FEA710183EA112000F0FF100E
:10E6C000434081EA002183EA910000F03330434067
:10E6D00081EA800080EA134189B2484083EA01411F
:10E6E00080EA111303F00F33584081EA03110B0E37
:10E6F00013700B0C53700B0A9370D170010E1171D3
:10E70000010C5171010A9171D0710020BDE8F08FA8
:10E71000300F0408300B0408002803D04FF4C071F8
:10E7200000F0F8BA70474FF4C071D1F74CBE00B595
:10E73000E1B00A46014601A8FFF782FA4FF4C07122
:10E7400001A800F0E7FA61B0002000BD00B5E1B01B
:10E750000A4601A9FFF774FA4FF4C07101A800F04E
:10E76000D9FA61B0002000BD00B5E1B00A4601460B
:10E7700001A8FFF7A8FA4FF4C07101A800F0CAFA87
:10E7800061B0002000BD00B5E1B00A4601A9FFF765
:10E790009AFA4FF4C07101A800F0BCFA61B00020F1
:10E7A00000BD00002DE9F04FCB780C788D7843EA5E
:10E7B00004634C78240444EA05242343CC790D797E
:10E7C00044EA05644D7989792D0445EA01210C4319
:10E7D00084EA131101F00F314C4083EA011184EAFD
:10E7E00011439BB25C4081EA034383EA940101F048
:10E7F00033314B4084EA810483EA142101F0FF1194
:10E800004B4084EA01214FEAF17183EA010404F0EC
:10E81000AA34614063404FEAF3760024DFF858C120
:10E82000ACF54079ACF5007EA9F5007A03684B4061
:10E83000524F03F03F05C3F3052857F825505CF805
:10E840002880A7F5C06B85EA0805C3F30548C3F324
:10E8500005635EF828805BF8233088EA030885EAC0
:10E8600008057540436883EA311303F03F08A7F5B4
:10E870008076C3F3052B56F82860A7F5407858F842
:10E880002BB086EA0B06C3F3054BC3F3056359F8B7
:10E890002BB05AF823308BEA030B86EA0B066E4046
:10E8A0008368734003F03F05A8F5407B57F8255077
:10E8B000C3F305275CF827707D40C3F30547C3F316
:10E8C00005635EF827705BF823305F407D404D4064
:10E8D000C368103083EA361303F03F0708F5007170
:10E8E00051F82710C3F3052758F827707940C3F370
:10E8F0000547C3F3056359F827705AF823305F4082
:10E9000079406940641C082C90DB4FEA710181EA70
:10E91000060000F0AA30414046404FEA760081EA06
:10E92000102303F0FF13594080EA032081EA90038B
:10E9300003F03333594080EA830080EA11439BB2ED
:10E94000584081EA034180EA111303F00F33584025
:10E9500081EA03110B0E13700B0C53700B0A9370AA
:10E96000D170010E1171010C5171010A9171D071B8
:10E970000020BDE8F08F0000300D0408300F0408BF
:10E98000002802D0802100F0C5B970478021D1F75E
:10E990001ABD00002DE9F04FCA780B788C7842EA56
:10E9A00003624B781B0443EA04231A43CB790C79A6
:10E9B00043EA04634C798979240444EA01210B4336
:10E9C00082EA131101F00F314A4083EA011181EA12
:10E9D000020303F010335A405940BA4BC2F30364A8
:10E9E00002F00F0553F8244053F82550C2F30346B4
:10E9F00044EAC504C2F3032553F8266053F82550B2
:10EA0000AD0045EA46052C43C2F3431553F82550A3
:10EA100044EAC514C2F3433553F8255044EA85143B
:10EA2000C2F34355520F53F8255053F8222044EABD
:10EA3000451444EA0213A34AC1F343644032C1F3CC
:10EA4000430552F8244052F82550C1F3434644EAA6
:10EA5000C504C1F3432552F8266052F82550AD0095
:10EA600045EA46052C43C1F3031552F8255044EA04
:10EA7000C514C1F3033552F8255044EA8514C1F397
:10EA80000355090F52F8255052F8211044EA451455
:10EA900044EA011223F0704122F0704200234FF04B
:10EAA00080556E102F114FF4001C4FF480184FF456
:10EAB00080294FF4003A4FF4005B022B7DDB082BDA
:10EAC0007BD00F2B79D08C0044EA916121F070410A
:10EAD000940044EA926222F070424FF0105404EA2B
:10EAE000011405EA017E44EA0E0406EA813E44EA86
:10EAF0000E044FF0027E0EEA814E44EA0E0407EA4D
:10EB0000811E44EA0E040CEA412E44EA0E0408EA8F
:10EB1000510E44EA0E0409EA812E44EA0E040AEA80
:10EB2000810E44EA0E044FF4803E0EEA912E44EA30
:10EB30000E040BEA523E44EA0E044FF4805E0EEAE5
:10EB4000121E44EA0E044FF4006E0EEA821E44EADE
:10EB50000E044FF4806E0EEA520E44EA0E044FF497
:10EB6000007E0EEA923E44EA0E0402F4807E44EAFD
:10EB70000E044FF0200E0EEA521E44EA0E044FF02F
:10EB8000100E0EEA922E44EA0E044FF0080E0EEA22
:10EB9000D20E44EA0E044FF0040E0EEA924E44EAFE
:10EBA0000E044FF0020E0EEA926E44EA0E04C2F317
:10EBB000006E44EA0E04046000E077E04FF0005479
:10EBC00004EAC13405EA414E44EA0E0406EA812E05
:10EBD00044EA0E044FF0806E0EEA815E44EA0E04B1
:10EBE0004FF0007E0EEA910E44EA0E0407EA410E51
:10EBF00044EA0E040CEA014E44EA0E0408EAC12E6F
:10EC000044EA0E044FF4002E0EEAC10E44EA0E044C
:10EC100009EA911E44EA0E040AEAC13E44EA0E04DF
:10EC20004FF4803E0EEA111E44EA0E040BEA920EE7
:10EC300044EA0E044FF4805E0EEA022E44EA0E040B
:10EC400040F6080E0EEA923E44EA0E044FF4806E3F
:10EC50000EEA522E44EA0E0402F4007E44EA0E0448
:10EC60004FF4807E0EEAC21E44EA0E044FF0200EDE
:10EC70000EEAD21E44EA0E044FF0110E0EEAD20E36
:10EC800044EA0E044FF0040E0EEA820E44EA0E042B
:10EC90004FF0020E0EEA525E44EA0E044460083061
:10ECA0005B1C102BFFF609AFBDE8F08F4C0044EA67
:10ECB000D16121F07041540044EAD26222F07042E6
:10ECC0000BE700003010040830B504462046FFF77B
:10ECD00061FE002154F82120C1F11E0054F82030BB
:10ECE00044F8213044F82020481C034654F82020E2
:10ECF000C1F11F0054F8205044F8235044F820205C
:10ED0000891C1029E6DB002030BD00B5FFF742FE6C
:10ED1000002000BD002201E000F8012B491E4B1C21
:10ED2000FAD17047F0B5ADF5417D07460C46002697
:10ED3000002212E0851A6D1E04EB850114F82530BF
:10ED4000C87840EA03604B7889781B0443EA0121C4
:10ED5000084381A941F82200521C38689042E9DC3E
:10ED6000D7F8080207F58473B0F1011F02D0032819
:10ED70001DD02EE001AE81AA41A9384600F046F828
:10ED8000002541AB41AA01A9384600F03FF801AB8C
:10ED900001AA41A9384600F039F8AD1C102DF0DB6E
:10EDA00081AB41AA3146384600F030F811E041AE5F
:10EDB00081AA41A9384600F029F841AB41AA01A92E
:10EDC000384600F023F881AB01AA3146384600F0FE
:10EDD0001DF831463846FFF7EEF918B1314638468E
:10EDE00001F092FD3868401E00280CDB56F8201018
:10EDF0000A0E22700A0C62700A0AA270E170241DC9
:10EE0000401E0028F2DA0DF5417DF0BD2DE9F041FC
:10EE100005460E46174698460022002002E046F8B6
:10EE20002200521C29689142F9DC002407E057F8BF
:10EE3000242043463146284600F006F8641C286822
:10EE4000A042F4DCBDE8F0812DE9F00F1E684FF020
:10EE5000000A0C685546E2FB0645D0F8048008FB22
:10EE600004F886685746E8FB06474FF0010C1AE0A5
:10EE700051F82C4053F82C90564664194AEB06057D
:10EE8000E2FB094500EB8C093C19D9F8089046EBE8
:10EE90000607E8FB094726463446ACF1010641F86F
:10EEA00026400CF1010C04686445E1DC2A46D419C3
:10EEB0004AEB0A05ACF1010C41F82C40002D03D0BF
:10EEC000BDE8F00F01F020BDBDE8F00F704710B5B0
:10EED00000B9012002F078F8002010BD03C800221C
:10EEE00002F0DFBB2DE9FF410D004FF00006CDE938
:10EEF000016507461ED000240396501C1FD002B1A6
:10EF00001446FFF7BFF969464FF01008E8B103AAAD
:10EF10002846091D02F0D6FD012813D0009603985B
:10EF2000E8B114494FF080500860BFF34F8FBFF332
:10EF30006F8F14E0802031462A46009011E04FF098
:10EF4000FF34DEE7CDF80080E9E722462846091DB8
:10EF500002F01CFD012808D054B1402000909DE82B
:10EF6000070087E80700BDE8FF81CDF80080F6E7DD
:10EF70000020F3E704ED00E037B5054682B000203D
:10EF80000090140000D10124FFF77CF94FF000033A
:10EF900088B16A4603A9284602F098FC012811D1DD
:10EFA000009890B10A494FF080500860BFF34F8F2E
:10EFB000BFF36F8F09E0224603A9284602F0D6FB73
:10EFC000012802D0FF2005B030BD0020FBE7000083
:10EFD00004ED00E03EB504460D46B0F90800FFF729
:10EFE000B1F902A9CDE90001208A2B4682B2D4E909
:10EFF000001002F0ABFE012801D000203EBD0298B7
:10F000003EBD2DE9F04107460025C8680C462E4656
:10F01000B0F57A7F59D2401CE0602168A068095C95
:10F020005B2952D1401CA0602046FEF731FD4CB157
:10F03000D4E90110884203D22268125C5D2A33D0E1
:10F04000884203D3A068401EA0603EE0401E04F149
:10F050001008A0604046FEF7AAFD88B30DB33060EB
:10F0600046600646A068401CA0602046FEF710FDE2
:10F070002146304600F0D6F920B32046FEF708FDC1
:10F0800004B3D4E90110884203D22168095C2C2919
:10F09000E0D06268904215D22168085C5D2811D1E9
:10F0A00002E005462E46DDE7E068401EE0602020D5
:10F0B000C7E90250A068401CA0600120BDE8F081B3
:10F0C000FFE715B12846FEF7F9FC0020F6E70346F6
:10F0D00010B500200246995CA1F13004092C01D83A
:10F0E00030380AE0A1F14104052C01D8373804E09A
:10F0F000A1F16104052C08D857380844032A00D22E
:10F100000001521C042AE6D310BD002010BD0000EF
:10F11000F0B54FF000022DED028B91B00C000546CA
:10F120004FF02E03114610923DD02068D8B36E46A2
:10F1300027E027683844085C34281BD00ADCA0F19B
:10F140002B07092F23D2DFE807F015221517221508
:10F150001515150038280DD006DC35280AD03628BC
:10F1600008D0372813D105E0392803D0452801D02D
:10F1700065280CD1705400E07354491C3F2906D215
:10F180002CB1A068D4F804C047186745D1D3725495
:10F1900010A9304601F0A0FB1098B0EE408AF0EEC6
:10F1A000608A864204D1002011B0BDEC028BF0BD14
:10F1B0009FED130B85ED068B53EC102B51EC180BC8
:10F1C000D1F778FB02D86FF000400FE09FED0E0BF7
:10F1D00051EC180B53EC102BD1F754FB02D84FF025
:10F1E000004003E051EC180BD1F713FB68610820D5
:10F1F000E8601099A068891B0844A0600120D3E74B
:10F200000000C0FFFFFFDF41000000000000E0C180
:10F210002DE9F04107460026C8680C463546B0F592
:10F220007A7F76D2401CE060002C72D0D4E90110C5
:10F2300088426ED22168095C7B296AD1401CA0609B
:10F240002046FEF725FCD4E90110884203D222684B
:10F25000125C7D2A4CD08842A0F10100A06058D2F7
:10F2600004F110084046FEF7A2FCE8B3F6B12860AE
:10F2700045600546A068401CA0602046FEF708FCDB
:10F280002146284600F047F878B32046FEF700FCF8
:10F2900028692862002028613CB3D4E90110884223
:10F2A00034D22168095C3A2930D102E0064635465D
:10F2B000E0E7401CA0602046FEF7EAFB2146284616
:10F2C00000F0B0F888B12046FEF7E2FBD4E9011067
:10F2D000884203D22168095C2C29C3D0626890421D
:10F2E00014D22168085C01E00FE00FE07D280DD109
:10F2F000E068401EE0604020C7E90260A068401C52
:10F30000A0600120BDE8F08103E016B13046FEF7B1
:10F31000D5FB0020F6E72DE9F84380468B680868A6
:10F320004FF00009C418CDF8009008680E46651C1F
:10F33000C15C641C22296ED10022716808E0BCF116
:10F340005C0F04D17F1C8F4265D2521C641C641C6C
:10F35000271A8F4204D294F800C0BCF1220FEED1DC
:10F36000271A8F4257D22178222954D11844201AC3
:10F37000801A3169401C884707004CD0009737E05D
:10F3800029785C2905D000986D1C00F8011B0090BD
:10F390002EE00220611B012939DB6A78662A14D02D
:10F3A00008DC222A12D02F2A10D05C2A0ED0622A22
:10F3B0002DD108E06E2A0ED0722A0ED0742A0ED0FB
:10F3C000752A24D10DE0082200E00C22009901F8F2
:10F3D000012B00910BE00A22F8E70D22F6E7092243
:10F3E000F4E76A462146284601F07AFC78B10544E4
:10F3F000A542C5D3009981F800901021C8E90317F0
:10F400003068201A401CB0600120BDE8F88317B1B5
:10F4100071693846884715B13068281AB0600020F5
:10F42000F3E7000070B50C0005465ED020680028A8
:10F430005BD0A16863680A1D9A4205D8084404227B
:10F4400031A1D1F714F878B3A0686268411D012694
:10F45000914206D82168052208442DA1D1F707F86A
:10F4600028B3A0686268011D914206D82168042271
:10F47000084429A1D0F7FBFFE8B1D4E9010181429A
:10F4800003D22268525C222A1DD0814221D22268F6
:10F49000525C2D2A02D0303A092A1AD82146284631
:10F4A000BDE87040FFF734BE0420E86006E0EE607F
:10F4B000A068401D04E002206E61E860A068001DA5
:10F4C000A060012070BD21462846BDE87040FFF7CE
:10F4D00022BF814203D22268525C5B2A07D081425C
:10F4E00003D22068405C7B2807D0002070BD2146F5
:10F4F0002846BDE87040FFF784BD21462846BDE898
:10F500007040FFF785BE00006E756C6C0000000057
:10F5100066616C7365000000747275650000000020
:10F5200002460020936A002A03D0022900D199796B
:10F5300070474FF0005070472DE9F0410646002417
:10F54000B56AF1F7DBF93EB1144AA979144F1646B2
:10F5500029B101290FD01AE04FF000541AE0317898
:10F56000012914D1717891B94168506888470843DE
:10F570000DD03C460EE07178012908D1317831B9BF
:10F58000416850688847084301D03C4602E0A979A9
:10F59000002070542046BDE8F0810000F4400020B7
:10F5A000010000307CB506460025B46AF1F7A6F9E3
:10F5B000014600200090019026B1A0790B4E305CEE
:10F5C00018B110E04FF000550DE0A088ADF8040030
:10F5D000074800900B68226801999847084302D1B8
:10F5E000A1790120705428467CBD0000F440002021
:10F5F000A086010002460020916A002A05D0CA793F
:10F60000012A05D00122CA7170474FF0005070479F
:10F61000004870470100003000207047002070470C
:10F620002DE9FC410646884617460024B56AF1F7E5
:10F6300065F900210191BEB1B8F1000F17D0B7B143
:10F64000A9790D4A515CA1B101A9009139884246BE
:10F650008BB2A988C56808484068A847084300D00D
:10F66000064C2046BDE8FC814FF00054F9E7044CFD
:10F67000F7E7024CA41DF4E7F4400020010000303D
:10F68000010000202DE9FC4106460F46904600246B
:10F69000B56AF1F733F900210191B6B1C7B1B8F1FC
:10F6A000000F15D0A9790D4A515C99B101A90091BB
:10F6B000A9888568094843463A464068A8470843F0
:10F6C00000D0074C2046BDE8FC814FF00054F9E71C
:10F6D000044CF7E7024CA41DF4E70000F4400020BE
:10F6E0000100003001000020806A0021C17100206B
:10F6F000704700007CB500250C4600230193009361
:10F70000002824D031B32AB331208DF80400202002
:10F710008DF80500100A8DF8060004218DF80720E9
:10F72000224601A800F04DFF204600F0B0FF014640
:10F73000228804F108000244012000F0B1F9009091
:10F7400022460221684600F089FF28467CBD4FF022
:10F750000055FAE7004DF8E7010000202DE9F743D6
:10F7600082B006460C460020009001900025F1F77B
:10F7700007F9074656B1DFF8DC801CB1BDF8100070
:10F78000062806D2404605B0BDE8F0834FF0005091
:10F79000F9E74FF42F700190FEF76CFD0090B96807
:10F7A00001208847336A04AA21463046984781469B
:10F7B0005FEA090009D0FEF75DFD0099884213D386
:10F7C000FEF758FD0099401A13E06078202815D004
:10F7D000802829D0812827D0402825D0C02823D0B0
:10F7E000FF2832D04046CEE7FEF744FD0099081AC4
:10F7F000C04301998842D2D31748C4E7BDF810101E
:10F800002246891E012000F04BF9BDF81010C3B24A
:10F81000214411F8022C9A4215D111F8011CB1EBC8
:10F82000102F10D14846AEE722460421012000F0F7
:10F8300037F92179C2B2914205D16179B1EB102F2C
:10F8400001D148469FE76D1CEDB2032DA7D90248B0
:10F85000801C98E701000020020000302DE9FC47E1
:10F8600006460F4690460024002E17D0DFF8689019
:10F870000125062269463046FFF770FF00280BD1AC
:10F880009DF800109DF80130B5EB111F03D101F078
:10F890000F01032905D04846BDE8FC874FF0005012
:10F8A000FAE7802B07D0812B05D0402B03D0C02B4B
:10F8B0000BD04846F0E73B709DF803109DF80220FE
:10F8C00001EB0221A8F80010E6E7142C01D303484D
:10F8D000E2E7641CA4B2CCE701000020070000307E
:10F8E00010B50446F1F74CF881680120884720469E
:10F8F0000022BDE810403021AFF300801CB5044663
:10F90000002000900190002C19D031208DF80000CB
:10F910008DF80110100A8DF8020004218DF80320E3
:10F920006A46012000F0BCF88DF80400000A0622A7
:10F930008DF80500E3696946204698471CBD4FF0E5
:10F9400000501CBD70B504460D461646F1F718F878
:10F950005CB16DB166B18368012098473246294693
:10F960002046E369BDE8704018474FF0005070BD75
:10F97000004870BD0100002070B505460C46F0F748
:10F98000FFFF83680120984722462846BDE8704063
:10F990004021FFF7B3BF10B50446F0F7F1FF8168CF
:10F9A0000120884720460022BDE810408021FFF753
:10F9B000A5BF00007CB50446002100910191002CF8
:10F9C0000FD0C8200190FEF755FC0090134DFEF7B4
:10F9D00051FC0099884207D3FEF74CFC0099401A6D
:10F9E00007E04FF000507CBDFEF744FC0099081A78
:10F9F000C0430199884202D3084D6D1C08E061693B
:10FA000020468847A842E2D021692046884705461B
:10FA1000A1692046884728467CBD000001000030CF
:10FA20002DE9FC4705460F46904699460021009176
:10FA30000191002D10D09FB1C8200190FEF71AFC53
:10FA40000090154EFEF716FC009988420AD3FEF787
:10FA500011FC0099441A0AE04FF00050BDE8FC8701
:10FA60000E48FBE7FEF706FC0099081AC44301980C
:10FA7000844202D30848401CF0E76C692846A0473E
:10FA8000B042DFD06C6A02B04B4642463946284647
:10FA9000A446BDE8F04760470100003001000020A7
:10FAA00030B50546002D16D04FF6FF7012F8014B09
:10FAB00080EA040383EA0313DBB2000A80EA03202E
:10FAC00080EAC30080EA1310491EEFD1002D01D057
:10FAD000C04380B230BD46F26330E7E77CB50446F0
:10FAE000002100910191002C0FD0C8200190FEF759
:10FAF000C1FB0090134DFEF7BDFB0099884207D370
:10FB0000FEF7B8FB0099401A07E04FF000507CBDAB
:10FB1000FEF7B0FB0099081AC0430199884202D34E
:10FB2000084D6D1C08E0616920468847A842E2D074
:10FB3000A168204688470546A1692046884728468F
:10FB40007CBD0000010000302DE9FC4180460F46DD
:10FB500015460020019000240090B8F1000F07D056
:10FB60004FB145B1244E032C07D93046BDE8FC8186
:10FB70004FF00050FAE72148F8E7641CE4B2404631
:10FB8000FFF7AEFE0028F1D101AA69464046FFF713
:10FB900065FE0028EAD19DF800008128E3D09DF899
:10FBA0000000402824D1BDF8040008B3262802D95B
:10FBB0001148401CDAE70024032C01D93046D5E770
:10FBC000641CE4B24046FFF7E6FE0028CED1BDF843
:10FBD00004303A466946404600F010F90028C5D185
:10FBE0009DF800108129E7D0BDF804102960BDE719
:10FBF0000148C01CBAE700000400003001000020EA
:10FC00002DE9FC4780460A9E8A4691461F46002001
:10FC10000190002400902E4D032C02D92846BDE807
:10FC2000FC87641CE4B249464046FFF7A5FE002865
:10FC3000F5D101AA69464046FFF710FE0028EED133
:10FC40009DF800008128E7D0002409F10609032C63
:10FC500001D92846E3E7641CE4B21FFA89F2514651
:10FC60004046FFF76FFE0028D9D101AA69464046F9
:10FC7000FFF7F4FD0028D2D19DF800008128E6D0DE
:10FC80009DF80000402820D1BDF80400E8B1002410
:10FC9000032C01D92846C2E7641CE4B24046FFF7B2
:10FCA0007AFE0028BBD1BDF804303A46694640468A
:10FCB00000F0A4F80028B2D19DF800108129E7D007
:10FCC000BDF80410891D3180A9E70148C01CA6E7D2
:10FCD000040000307CB50446002100910191002C05
:10FCE0000FD0C8200190FEF7C5FA0090134DFEF723
:10FCF000C1FA0099884207D3FEF7BCFA0099401A6E
:10FD000007E04FF000507CBDFEF7B4FA0099081AE6
:10FD1000C0430199884202D3084D6D1C08E0616917
:10FD200020468847A842E2D06168204688470546B9
:10FD3000A1692046884728467CBD000001000030AC
:10FD40002DE9F0418CB005468846164600200A9001
:10FD50000B9028216846D0F736FB9DB1B8F1000F13
:10FD600015D0A6B1C8200B90FEF784FA0A90214F57
:10FD7000FEF780FA0A9988420BD3FEF77BFA0A99BC
:10FD8000401A0BE04FF000500CB0BDE8F0811A486B
:10FD9000FAE7FEF76FFA0A99081AC0430B998842EE
:10FDA00002D3144C641C1FE0696928468847B84296
:10FDB000DED0E968284688470446ACB900236C6A5F
:10FDC0001A4602212846A04704466CB932466946C5
:10FDD0002846FFF7B9FE0446BC42C9D024B901A9A0
:10FDE00040463268D0F7D4FAA969284688472046A9
:10FDF000CAE7000001000030010000202DE9F041B9
:10FE00000E4614461D46002816D0174FBCB1B5B19A
:10FE1000A91D8AB22146FFF7A1FC00280AD1227849
:10FE200061780123B3EB121F03D102F00F02032A02
:10FE300007D03846BDE8F0814FF00050FAE7384669
:10FE4000F8E7812903D0202903D03846F2E7317042
:10FE5000F0E73170E178A27801EB022189B28D429E
:10FE6000E8D00248E6E7000001000020050000306D
:10FE70002DE9F0418CB005468846164600200A90D0
:10FE80000B9028216846D0F79EFA9DB1B8F1000F7B
:10FE900015D0A6B1C8200B90FEF7ECF90A901E4FC2
:10FEA000FEF7E8F90A9988420BD3FEF7E3F90A99BD
:10FEB000401A0BE04FF000500CB0BDE8F08117483D
:10FEC000FAE7FEF7D7F90A99081AC0430B99884256
:10FED00002D3114C641C1AE0696928468847B8426D
:10FEE000DED000236C6A1A4602212846A047044649
:10FEF0006CB9324669462846FFF726FE0446BC42E6
:10FF0000CED024B901A940463268D0F741FAA96998
:10FF1000284688472046CFE7010000300100002036
:10FF20002DE9FF5F0646DDF838800020029003903F
:10FF30000C461D460190002E26D051B34BB342B360
:10FF4000B8F1000F25D01FFA82FB92B23046FFF7BE
:10FF5000D1FB00281AD134F8080B00EB040A2988D9
:10FF600005F1080001EB0009C8200390FEF782F9B3
:10FF70000290254FFEF77EF9029988420BD3FEF7D7
:10FF800079F90299401A0BE04FF0005004B0BDE837
:10FF9000F09F1E48FAE7FEF76DF90299081AC04370
:10FFA0000399884202D3184C641C27E071693046DB
:10FFB0008847B842DED001A800904B465A465146C9
:10FFC0003046FFF71DFE0446BC42D3D0A4F140509A
:10FFD000001F13D094B9BDF80400A88029880844F4
:10FFE00068802946042000F0C7FA2946022000F064
:10FFF00010FB284600F04BFBC8F80000B169304602
:020000040803EF
:1000000088472046C2E700000100003001000020C0
:100010002DE9F041184C0F460546E6682068001DA2
:1000200000F0C7FE38B9206890F82C1001208840F5
:10003000216981432161681C07D137B12168BDE87E
:10004000F0410E48091D00F0EDBE20683544B54270
:100050004560216805D2A06BBDE8F041091D00F0A4
:10006000C9BE606B091D00F0C5FEA06A854200D2C2
:10007000A562BDE8F081000058350020E8A301200A
:100080002DE9F041054600F0D9FE2E4CA068401C39
:10009000A06020682C4F10B1606940B32DE025604E
:1000A000A068012829D1002606EB860007EB800016
:1000B00000F092FE761C072EF6D323488C3000F019
:1000C0008BFE2148A03000F087FE1F48B43000F0BE
:1000D00083FE1D48C83000F07FFE1B48DC3000F076
:1000E0007BFE19488C3060631430A06305E0206803
:1000F000E96AC06A884200D82560606A401C606274
:10010000E96A0120226988401043206101EB8100E7
:1001100007EB8000291D00F085FE00F0AFFE60694E
:1001200000280CD02068E96AC06A884207D20749D3
:100130004FF080500860BFF34F8FBFF36F8FBDE863
:10014000F0810000583500200CA3012004ED00E0F0
:1001500030B4026C0B46002A0BD0C1681144C16058
:100160008468A14201D30168C16030BC1846D0F751
:100170000FB930BC70472DE9F041856B1746044636
:100180000026026C82B1C7B1E068D0F701F9E168DE
:10019000206C091AE1602268914202D2A168081A13
:1001A000E060022F16D017E02068A8B9A06801F01F
:1001B00079FE06460020A0600EE06068D0F7E8F8FF
:1001C000216C606808446060A168884204D320689C
:1001D000606001E005B16D1E6D1CA5633046BDE891
:1001E000F08110B50446006B00F05CFE2046BDE8CF
:1001F000104000F057BE000010480F49420705D0DC
:10020000C01D0E4A20F00700821A891A0C4A0023EA
:100210000144C2E900030839183A21F007011160CE
:100220004B600B600B1AC0E9001393604FF0004065
:100230005360506170470000905F01007C430020D4
:100240004CC00120144E154CA6F1C8074FF0805841
:10025000DFF84C9012E000BF00F0F0FDF068C568D8
:10026000281D00F0A6FDA068401EA0606068401E2A
:10027000606000F003FE2846FFF7B3FF60680028C7
:10028000EAD138680128F9D9C9F80080BFF34F8F47
:10029000BFF36F8FF2E70000D4A301205835002090
:1002A00004ED00E02DE9F0479A46DDE90984814636
:1002B0006FF00303206B03EB82021044089E20F0D2
:1002C0000707780707D0502080F31188BFF34F8FBE
:1002D000BFF36F8FFEE7002561B1002023180A5C91
:1002E00083F834200A5C12B1401C1028F6D384F83D
:1002F000435001E084F83450072E00D30626E6620E
:10030000C4E91165201D00F072FD04F1180000F031
:100310006EFD2461C6F107006462A061E56484F8A3
:10032000505052464946384600F010F92060B8F166
:10033000000F01D0C8F80040BDE8F08730B5114982
:1003400000E011460A688242FBD34B685C18844285
:1003500003D1406818444860084643681C1894421A
:1003600009D1084C183C2468A24209D052681A44AA
:1003700042600A6812680260814200D0086030BDA5
:100380000460F9E74CC0012010B5044600F056FDAA
:10039000A06B28B15FF0000400F070FD204610BD96
:1003A0000124F9E70648416B096829B1416BC96826
:1003B000C9684968816270474FF0FF31FAE7000071
:1003C0005835002008484068401C4FF0500080F32A
:1003D000118804D0BFF34F8FBFF36F8FFEE7BFF3D9
:1003E0004F8FBFF36F8FFEE74C3500202DE9F041B2
:1003F000044600F023FD94F9455004F1240609E079
:10040000606A48B1304601F0DFFD08B100F060FEDF
:100410006D1E6DB2002DF3DC4FF0FF3684F84560A1
:1004200000F02CFD00F00AFD94F9445004F110078F
:1004300009E0206948B1384601F0C6FD08B100F076
:1004400047FE6D1E6DB2002DF3DC84F84460BDE8FC
:10045000F04100F013BD00002DE9F04105460027F2
:1004600000F0D8FE324E306808B9FFF7C5FE70695B
:1004700005424ED1C5B3083568070ED005F0070018
:10048000C0F108000544680707D0502080F31188A8
:10049000BFF34F8FBFF36F8FFEE72DB370688542B8
:1004A00037D82348183001460C6801E020460C4636
:1004B0006168A94202D221680029F7D131688C42D3
:1004C00027D007682168016060680837411B102940
:1004D0000FD96019420708D0502080F31188BFF36C
:1004E0004F8FBFF36F8FFEE713E041606560FFF74A
:1004F00025FF61687068401A7060B268904200D24F
:10050000B060706901430020C4E90001F068401C3C
:10051000F06001F093FD780707D0502080F3118838
:10052000BFF34F8FBFF36F8FFEE73846BDE8F08112
:1005300034C001200449086818B10868826C521C54
:1005400082640868704700005835002010B5031F0A
:100550004FF080741C601B1F21F001011960191FEE
:10056000044B0B6014390A60091F6FF00202443813
:100570000A6010BDC503030830B5CBB005460C4674
:100580004FF496716846CFF71EFF2088E188491B1B
:10059000884208D12A4604F108016846CFF7F8FEE0
:1005A0000020208008E0211808312A466846CFF74D
:1005B000EFFE208828442080A088401BA0804BB0FC
:1005C00030BD70B503460D461446208800280CD077
:1005D000401B208020882A46204408301946CFF747
:1005E000D7FEA0882844A08070BDE088401B2080F2
:1005F000F0E710B504460020A0804FF49671E1802A
:1006000014202080608004F10800CFF7DCFE204633
:1006100010BD30B5CBB005460C464FF49671684618
:10062000CFF7D1FE608868B1211808312A466846A4
:10063000CFF7AEFE6088401B6080A088401BA08082
:100640004BB030BDE088401B211808312A4668466F
:10065000CFF79EFEE088401BE080EEE770B50346D2
:100660000D46144660882A46204408301946CFF7C4
:100670008FFEE1886088491B884202D1002060809B
:1006800001E028446080A0882844A08070BD418893
:100690000088814201D9081A7047401A70472DE935
:1006A000F04FADF5077D0746909D8B4692461E465E
:1006B0004FF4FA710AA8CFF786FE4FF00009CDF883
:1006C0002090CDF82490CDF81890CDF81C90CDF85E
:1006D0001490002438000AD0012813D0CAF3072749
:1006E0000AF0FF08022818D003280AD159E0CDE902
:1006F00000650022114650462B68FDF707F90028D7
:100700007DD193E0CDE900650022012150462B68A0
:10071000FDF7FCF8002872D188E008A90820FDF751
:10072000E3F800286BD104208DF82800B0218DF863
:1007300029108DF82A708DF82B808DF82C00052754
:100740000DF128080DF12D0080220121CFF734FE94
:1007500008EB070003E0011981F80190641C3919C6
:10076000491C4907F7D13919491C05A806AA1023C5
:10077000CDE90220CDE900B3082308AA0AA8FDF7B5
:1007800019FB002853D00698CDF82D00CDE900655F
:1007900006AA022150462B68FDF7B8F8002846D17A
:1007A00044E008A90820FDF79FF800283FD1042065
:1007B0008DF82800B0218DF829108DF82A708DF859
:1007C0002B808DF82C0005270DF128080DF12D0048
:1007D00080220121CFF7F0FD08EB070003E00119AB
:1007E00081F80190641C3919491C4907F7D139195E
:1007F000491C1023CDE900B305A806AA00E016E0C5
:10080000CDE90220082308AA0AA8FDF7D3FA002898
:100810000DD00698CDF82D00CDE9006506AA03217C
:1008200050462B68FDF772F8002800D100200DF526
:10083000077DBDE8F08F00002DE9F04704008A46EF
:1008400016D054F8047CD4F800903E1F564500D9C9
:1008500056462046FBF774FE05468846324621463A
:100860005046FDF715FD40B1C0F80090BDE8F08797
:10087000BDE8F0470846FBF791BE44E9017955B160
:1008800029686A18211F8A4202D9611B091F296041
:10089000C5F80480EAE7024AC2F80080E6E70000F3
:1008A000A0C3012010B5040003D0206808B1A168DE
:1008B00009B1002010BD6168042907D9032204A1F1
:1008C000CFF7D5FD10B9A068C01CA060204610BDB0
:1008D000EFBBBF000000000000B583B00A469FEDEB
:1008E000080B01468DED000B6846D0F748FA9DEDE8
:1008F000000B03B051EC100B00BD00000000000025
:100900000000000000000000F0B5002213460024A3
:1009100000250EE000EB840651F82470B668BF1B7A
:1009200065EB0506BA18734141F824201A46DB1717
:10093000641C0668A642EDDCF0BDB0F5104F02D095
:1009400040F0805070470020704700007CB5069C46
:100950000E461D460022019200921F4A002812D026
:1009600089B193B18CB101AA314600F0ADF80028ED
:1009700008D1B1886B462A46304600F007F930B1FD
:10098000009921607CBD10467CBD10467CBD688806
:100990002844C179807941EA0020A0F5C641103988
:1009A00005D0B0F5104F0DD0FFF7C7FF7CBDFFF7A6
:1009B000C4FF06466946284600F080F9009820608A
:1009C00030467CBD6946284600F078F90028F8D109
:1009D0000098206000207CBD0100002030B5CFB021
:1009E00005460C464FF49A7102A8CFF7ECFC0020A4
:1009F00001900090F5B120001CD002A8FFF7F9FD8E
:100A000001AA2146284600F05FF8002810D1A188ED
:100A10006B4602AA204600F0B9F80146BDF808006E
:100A200002AA1044427A007A42EA002021B1084624
:100A30004FB030BD0448FBE7B0F5104F02D0FFF7D0
:100A40007CFFF5E70020F3E701000020F0B505ACDE
:100A5000F0CC002900DB0170002A00DB4270002B83
:100A600000DB8370002C00DBC470002D00DB0571FF
:100A7000002E00DB8660002F00DDC760F0BD0000A7
:100A800030B5CFB005460C46A42126A8CFF79BFC75
:100A900088220C4904A8CFF77BFC04EB840004A94E
:100AA00001444FF0FF320879CB78CDE90102009381
:100AB00003928B784A7809782846FFF7C7FF4FB032
:100AC000284630BDB0110408FEB504461546002284
:100AD0000192029200920E46002C18D0B9B1B5B125
:100AE00060788DF80400A0788DF80500E0788DF826
:100AF000060020798DF8070020780527012808D006
:100B000002280FD0032817D004283BD123E01E4829
:100B1000FEBD8DF808203246052101A8FFF751FDE2
:100B20002F602FE0207B8DF808002F6032460521D2
:100B300001A8FFF746FD25E03046FFF7A8FD8DF838
:100B400008003246052101A8FFF73BFD3046FFF7BC
:100B50009EFD286016E03046FFF799FD8DF80800ED
:100B60003046FFF794FD801D28603246052101A81C
:100B7000FFF727FD207B8DF80100324601216846F2
:100B8000FFF76CFD0020FEBD01000020FEB505460C
:100B90001E46144600200190029000902B48002D24
:100BA00036D0002934D0002A32D0002E30D0A88888
:100BB00005283DD1298805F1080008440168019104
:100BC00000798DF8080033E06388A21D9A5C612AE1
:100BD00013D11FA0006801906188E01D085C8DF8AA
:100BE00008002846FFF705FD2046FFF702FD2A46CC
:100BF000052101A8FFF732FD1AE0022804D1608820
:100C0000A21D825C6C2A04D0A0883060D9B108464D
:100C1000FEBDE11D405C8DF808002846FFF7E9FCA9
:100C20002046FFF7E6FC2A46052101A8FFF716FD3E
:100C3000A9886B4622462846FCF7AAF90146009887
:100C40000228DAD1C0E70020FEBD0000010000202C
:100C500000C00000000000001FB504460A464FF027
:100C6000FF310091019102910B4620460391FFF75D
:100C7000EDFE04B0204610BD1FB504460A464FF0F5
:100C8000FF31CDE90212009101910B460A46204640
:100C9000FFF7DCFE04B0204610BD1FB504460B462E
:100CA0004FF0FF31CDE90121009303910B460A4635
:100CB0002046FFF7CBFE04B0204610BD70B50D46B0
:100CC0000446002808D03DB121460220FFF7A1FCD0
:100CD000A0882860002070BD004870BD0100002081
:100CE0002DE9F04705460027481B16468946062889
:100CF0005DDBA81CFEF7EBF90446A0F55C414FF460
:100D00008060814253D3A4F55841824651451AD29E
:100D1000A81DA9EB00014FF00C08062947DB01785C
:100D20005C2944D14178752941D1801CFEF7CFF967
:100D3000A0F55C4151453AD2C4F3090161F39F200B
:100D400000F5803002E04FF006082046802801D2EE
:100D5000012110E0B0F5006F02D20221C0270AE0A5
:100D6000B0F5803F02D20321E02704E0B0F5881FF0
:100D70001DD20421F0274A1E08E000BF00F0BF0387
:100D8000346843F080038009A354521E12F0FF021E
:100D9000F4D1012901D9384301E000F07F00326825
:100DA00010703068084430604046BDE8F08700208D
:100DB000FBE7D0E9013201699A60D0E901235A606A
:100DC0004A68824201D182684A6000220261086852
:100DD000401E08600868704700F108014FF0FF32BC
:100DE000C0E90112C160016100210160704700216A
:100DF0000161704730B50B685A1C02D000F108023F
:100E000002E0026904E02246546825689D42FAD94E
:100E100053684B6099608A60516008610168491CA1
:100E2000016030BD42684A6093688B609368596086
:100E3000916008610168491C01607047502080F38F
:100E40001188BFF34F8FBFF36F8F0A494868401C6A
:100E5000486001280CD10848006810F0FF0F07D047
:100E6000502080F31188BFF34F8FBFF36F8FFEE7E1
:100E7000704700004C35002004ED00E00849486848
:100E800028B1401E486001D180F31188704750207E
:100E900080F31188BFF34F8FBFF36F8FFEE7000021
:100EA0004C35002070B500282AD0164DA0F108045A
:100EB00060686969084207D1502080F31188BFF348
:100EC0004F8FBFF36F8FFEE722683AB1502080F357
:100ED0001188BFF34F8FBFF36F8FFEE788436060C9
:100EE00000F098F960686968084468602046FFF778
:100EF00025FA2869401C2861BDE8704001F09EB8C1
:100F000070BD000034C0012006484FF47A710068BB
:100F1000B0FBF1F14FF0E020491E41610721016172
:100F2000704700004835002010B5CFF791F91149FE
:100F300010280ED300F1E02090F8F0030A789042D8
:100F400007D2502080F31188BFF34F8FBFF36F8F0C
:100F5000FEE709480068896800F4E060884207D924
:100F6000502080F31188BFF34F8FBFF36F8FFEE7E0
:100F700010BD00004C3500200CED00E010B5040061
:100F800006D000F00DF82046BDE81040FFF78ABFFC
:100F9000502080F31188BFF34F8FBFF36F8FFEE7B0
:100FA000084A002102EBC1035B68834206D100209E
:100FB00042F8310002EBC10148607047491C082922
:100FC000F0D37047D0C7012010B5020014D00F48ED
:100FD000006B38B1502080F31188BFF34F8FBFF3FF
:100FE0006F8FFEE700F016F900211046FFF710F8AA
:100FF00001F024F8002807D105494FF0805008601F
:10100000BFF34F8FBFF36F8F10BD00005835002026
:1010100004ED00E070B50546FFF710FF254C05B95B
:101020002568281DFFF7C5FE58B9E86A224A00EB7B
:10103000800152F8211021B90121814020698843A3
:101040002061A86A18B105F11800FFF7B2FE606AC6
:10105000401C60622068854208D11748291DC830AD
:10106000FFF7E0FE6068401C606007E0A068401E7B
:10107000A0602846FFF7B5F8FFF794F9FFF7FEFEEA
:101080006069002814D02068854211D1206B38B1E6
:10109000502080F31188BFF34F8FBFF36F8FFEE7AF
:1010A00006494FF080500860BFF34F8FBFF36F8F3A
:1010B00070BD0000583500200CA3012004ED00E0B5
:1010C00002490A6A0260C9684160704758350020C9
:1010D00001490120C86170475835002010B50C4601
:1010E00050B1094909681831FFF784FE2046BDE870
:1010F00010400121FEF78CBF502080F31188BFF310
:101100004F8FBFF36F8FFEE75835002070B5040096
:1011100047D0A26CA2B1606C884200D30146E06A5D
:1011200088423ED0012A3CD11E4D2A6894420FD1FC
:10113000502080F31188BFF34F8FBFF36F8FFEE70E
:10114000502080F31188BFF34F8FBFF36F8FFEE7FE
:10115000E162A269002A02DBC1F10701A161124E1E
:1011600000EB8000616906EB8000814219D1201DEF
:10117000FFF71FFE012130B994F82C002A6901FA0B
:1011800000F082432A61E06A2A69814011432961A3
:1011900000EB800006EB8000211DBDE87040FFF7EA
:1011A00041BE70BD583500200CA301201CB5154868
:1011B0000024CDE900402346802213A1144800F00A
:1011C000C5FD012809D0401C1AD1502080F3118898
:1011D000BFF34F8FBFF36F8FFEE7502080F311886E
:1011E000BFF34F8FBFF36F8F06484FF0FF312C389E
:1011F000816201214161C460BDE81C4000F0B2B9C8
:101200001CBD00008435002049444C45000000000E
:10121000450203080248016B491C01637047000046
:10122000583500201448016B11B10121C16170478C
:101230000021C1610169B1FA81F1C1F11F0101EB26
:1012400081020E4951F822306BB101EB820101F1AC
:1012500008034A6852684A609A4201D152684A605B
:10126000D16801607047502080F31188BFF34F8F21
:10127000BFF36F8FFEE70000583500200CA301205C
:101280002DE9FF4FADF2144D0646DDF848544FF4FA
:10129000FA74214688A8CFF796F821460BA8CFF715
:1012A00092F8002709970A970797089706970597D6
:1012B0000024300012D00DF12C0A05F1010B0AEBCD
:1012C0000506012814D0DDF81C140228C1F30728F4
:1012D00001F0FF0944D0032809D1A1E00DF21C4020
:1012E0002B4605C80021FCF755FB00287DD125E1E0
:1012F0002A4601210BA8CFF75FF82A460AF1010020
:10130000DDF82014CFF744F85FEA4B700ED0701C64
:1013100080220121CFF750F802E030198770641C59
:101320002819801C4007F8D12544AD1C88A90097D6
:10133000CDE9017106A80390102329460BA8DDF81A
:101340001824FCF706FD411C4FD0069888AAC3B2AA
:101350000121DDF81C04FCF71DFB002845D1EDE060
:1013600009A90820FCF7C0FA00283ED104208DF816
:101370002C00D6208DF82D008DF82E808DF82F9022
:10138000281D8DF830002A460AF10500DDF82014EA
:10139000CEF7FEFF06956D1D680707D00AEB050620
:1013A000802201213046CFF707F810E00AEB050054
:1013B000044680220121CEF7FFFF44F8017FA78079
:1013C000A77105F1080108E030194770641C28195D
:1013D000401C4007F8D12919491C1023DDF8184496
:1013E000CDE9004305A807AA00E07DE0CDE9022091
:1013F000082309AA0BA8FCF7DDFC411C74D0069851
:10140000079950445246C0F805109DF83030521DDF
:101410000221DDF81C04FCF7BDFA002864D18DE040
:1014200049A0FBF721F8EAB201210BA8CEF7C4FFCF
:101430002A460AF10100DDF82014CEF7A9FF5FEA81
:101440004B700ED0701C80220121CEF7B5FF02E058
:1014500030198770641C2819801C4007F8D1254476
:10146000AD1C88A90097CDE9017106A8039010234F
:1014700029460BA8DDF81824FCF76BFC00285ED089
:1014800009A90820FCF730FA002858D104208DF86B
:101490002C00D6208DF82D008DF82E808DF82F9001
:1014A000069A101D8DF8300088A90AF10500CEF7C4
:1014B0006FFF069D6D1D680708D000240AEB050626
:1014C000802201213046CEF777FF11E00AEB0500BC
:1014D000044680220121CEF76FFF44F8017FA780E8
:1014E000A77105F1080109E029E030194770641C73
:1014F0002819401C4007F8D12919491CDDF8184467
:1015000005A807AA1023CDE90220CDE9004308234E
:1015100009AA0BA8FCF74EFC411C10D006980799AD
:1015200050445246C0F805109DF83030521D03213A
:10153000DDF81C04FCF72EFA002800D100200DF283
:10154000244DBDE8F08F0000656E746572207772DF
:1015500069746520310A0000014840687047000046
:1015600034C001201CB532480168324A914207D18B
:10157000502080F31188BFF34F8FBFF36F8FFEE7CA
:1015800000682C49491E884207D1502080F31188F9
:10159000BFF34F8FBFF36F8FFEE7274908780190A5
:1015A000FF20087008788DF800009DF800009DF875
:1015B000002000F0F000904207D0502080F3118806
:1015C000BFF34F8FBFF36F8FFEE79DF800001B4AFC
:1015D00000F0500010700720906005E09DF800308A
:1015E0005B008DF80030401E9DF800301B06F5D4DE
:1015F000000200F4E0609060019808700C48203010
:10160000016841F470010160016841F070410160BE
:10161000FFF77AFC00205060CEF7E2FD0848016831
:1016200041F040410160CEF7CBFD00201CBD000021
:1016300000ED00E071C20F4100E400E04C350020F5
:1016400034EF00E010B50C4648B184420FD9502069
:1016500080F31188BFF34F8FBFF36F8FFEE75020E9
:1016600080F31188BFF34F8FBFF36F8FFEE7022225
:10167000002100F016F8002800D0846310BD10B5DA
:1016800002460021012000F00CF8041E07D00021C2
:10169000816001600B460A46C16000F067F8204691
:1016A00010BD70B50E46050012D005FB06F048309F
:1016B000FEF7D2FE040009D004F1480120467EB1B5
:1016C0000160C0E90F56012100F00CF8204670BD02
:1016D000502080F31188BFF34F8FBFF36F8FFEE769
:1016E0000060EEE770B50D46040025D0FFF7A6FBBD
:1016F000D4E90F20216802FB0011A1600021A16341
:10170000216861600A46D4E90F01401E00FB0121F7
:10171000E16021464FF0FF3001F8440F487004F1BA
:1017200010008DB1FFF758FB04F12400FFF754FBC4
:10173000FFF7A4FB012070BD502080F31188BFF398
:101740004F8FBFF36F8FFEE721690029F0D000F0C3
:101750003BFC0028ECD004494FF080500860BFF3F8
:101760004F8FBFF36F8FE3E704ED00E02DE9FF47F4
:1017700082B01D468A464FF00008040003D0BAF13B
:10178000000F08D011E0502080F31188BFF34F8F75
:10179000BFF36F8FFEE7206C38B1502080F31188C3
:1017A000BFF34F8FBFF36F8FFEE7022D0AD1E06BBF
:1017B000012807D0502080F31188BFF34F8FBFF36B
:1017C0006F8FFEE700F0F4FA3F4F4FF000094FF043
:1017D000805648B9049838B1502080F31188BFF37F
:1017E0004F8FBFF36F8FFEE7FFF728FBA06BE16B16
:1017F000884207D3022D05D00498D0B1B8F1000F6C
:101800001AD01EE02A4651462046FEF7B4FC616A13
:1018100019B104F1240000F0D7FB20B13E60BFF302
:101820004F8FBFF36F8FFFF729FB012006B0BDE894
:10183000F087FFF723FB22E06846FFF741FC4FF0FB
:101840000108FFF71BFBFFF7E5FCFFF7F7FA94F938
:101850004400401C01D184F8449094F94500401C98
:1018600001D184F84590FFF709FB04A9684600F010
:1018700033FA30B12046FEF7B9FD00F0DFFB00205F
:10188000D4E7FFF7DBFAA06BE16B884213D1FFF7D7
:10189000F5FA04F110000499FFF720FC2046FEF74A
:1018A000A5FD00F0CBFB00289ED13E60BFF34F8F1B
:1018B000BFF36F8F98E7FFF7E1FA2046FEF796FD3A
:1018C00000F0BCFB90E7000004ED00E02DE9F047DC
:1018D0001F4690468946040003D0B9F1000F08D096
:1018E00011E0502080F31188BFF34F8FBFF36F8F4B
:1018F000FEE7206C38B1502080F31188BFF34F8F82
:10190000BFF36F8FFEE7022F0AD1E06B012807D0EB
:10191000502080F31188BFF34F8FBFF36F8FFEE726
:10192000FFF702FB5020EFF3118680F31188BFF31D
:101930004F8FBFF36F8FA06BE16B884206D3022FEE
:1019400004D0002086F31188BDE8F08794F9455053
:10195000A06B3A4649462046FEF70DFC681C04D0B1
:101960006D1C84F845500120ECE7606A0028FAD02D
:1019700004F1240000F028FB0028F4D0B8F1000F97
:10198000F1D00121C8F80010EDE700002DE9F7477C
:10199000002683B08A46040003D0BAF1000F08D0B5
:1019A00011E0502080F31188BFF34F8FBFF36F8F8A
:1019B000FEE7206C38B1502080F31188BFF34F8FC1
:1019C000BFF36F8FFEE700F0F3F9DFF8F4804FF01C
:1019D00000094FF0805748B9059838B1502080F37E
:1019E0001188BFF34F8FBFF36F8FFEE7FFF726FA23
:1019F000A56BC5B151462046FEF7AAFB6D1EA56337
:101A0000206950B104F1100000F0DEFA28B1C8F8E6
:101A10000070BFF34F8FBFF36F8FFFF72FFA0120D6
:101A200006B0BDE8F087059808B11EB106E0FFF7E3
:101A300025FA27E06846FFF743FB0126FFF71EFA69
:101A4000FFF7E8FBFFF7FAF994F94400401C01D1D5
:101A500084F8449094F94500401C01D184F84590E5
:101A6000FFF70CFA05A9684600F036F90028204671
:101A70000AD0FEF7BBFC00F0E1FA2046FEF784FC3A
:101A80000028B3D00020CBE7FEF77EFC90B104F134
:101A900024000599FFF722FB2046FEF7A7FC00F083
:101AA000CDFA0028A2D1C8F80070BFF34F8FBFF362
:101AB0006F8F9BE72046FEF799FC00F0BFFA95E791
:101AC00004ED00E02DE9F04790468946040003D07C
:101AD000B9F1000F08D011E0502080F31188BFF356
:101AE0004F8FBFF36F8FFEE7206C38B1502080F32B
:101AF0001188BFF34F8FBFF36F8FFEE7FFF714FA24
:101B00005020EFF3118680F31188BFF34F8FBFF39E
:101B10006F8FA76BF7B194F9445049462046FEF702
:101B200017FB7F1EA763681C04D06D1C84F844500B
:101B3000012010E020690028FAD004F1100000F024
:101B400043FA0028F4D0B8F1000FF1D00121C8F811
:101B50000010EDE7002086F31188BDE8F087000053
:101B60002DE9F343002683B00400354609D0206CEC
:101B700078B1502080F31188BFF34F8FBFF36F8F80
:101B8000FEE7502080F31188BFF34F8FBFF36F8FB4
:101B9000FEE700F00DF9DFF83C814FF000094FF04F
:101BA000805748B9049838B1502080F31188BFF3AA
:101BB0004F8FBFF36F8FFEE7FFF740F9A06BC8B1FF
:101BC000401EA063206810B9FEF7B4FCA060206935
:101BD00050B104F1100000F0F7F928B1C8F8007016
:101BE000BFF34F8FBFF36F8FFFF748F9012005B0A8
:101BF000BDE8F083049808B166B10FE03DB1502014
:101C000080F31188BFF34F8FBFF36F8FFEE7FFF7AD
:101C100035F95DE06846FFF753FA0126FFF72EF924
:101C2000FFF7F8FAFFF70AF994F94400401C01D1D4
:101C300084F8449094F94500401C01D184F8459003
:101C4000FFF71CF904A9684600F046F80028204672
:101C500012D0FEF7CBFB00F0F1F92046FEF794FB23
:101C60000028A9D09DB3FFF7E9F8606A50B3206B54
:101C70000068C0F1070126E0FEF786FBE0B12068AE
:101C800038B9FFF7DBF8A06800F058F90546FFF710
:101C9000F5F804F124000499FFF720FA2046FEF736
:101CA000A5FB00F0CBF9002886D1C8F80070BFF37F
:101CB0004F8FBFF36F8F7FE72046FEF797FB00F053
:101CC000BDF979E70021A068FFF720FA9FE7FFE759
:101CD00000208CE704ED00E02DE9F0410C46050002
:101CE00011D0C4B1FFF7AAF8174BDA686E68206804
:101CF000911B471C17D02F681B6A9F4219D0964230
:101D000017D8012410E0502080F31188BFF34F8FC3
:101D1000BFF36F8FFEE7502080F31188BFF34F8F22
:101D2000BFF36F8FFEE70024FFF7A8F82046BDE859
:101D3000F081884205D9401A20602846FFF7C0F993
:101D4000F1E700202060DCE7583500202DE9FF5F37
:101D50008346DDE90E87994616468A469000FEF7CF
:101D60007BFB05001AD05420FEF776FB040012D04E
:101D700025630021CDE90241CDE900874B4632467B
:101D800051465846FEF78EFA2046FEF779F90120B3
:101D900004B0BDE8F09F2846FFF784F84FF0FF300D
:101DA000F6E7000001480068704700005835002041
:101DB0000548416919B1006B18B100207047012036
:101DC0007047022070470000583500200148C06865
:101DD00070470000583500202DE9F0412F4C0026B7
:101DE000206B28B1A069401CA0613046BDE8F0819D
:101DF000E5686D1CE56013D1606B006838B1502058
:101E000080F31188BFF34F8FBFF36F8FFEE7606BD6
:101E1000A16B6163A063206A401C2062FEF7C2FAD6
:101E2000A06ADFF87C80854209D3606B0068A0B1AE
:101E3000606BC068C7687868854211D2A06220686C
:101E4000C06A00EB800158F82100012800D9012662
:101E5000E0690028C9D00126C7E74FF0FF30EDE761
:101E6000381DFEF7A6FFB86A18B107F11800FEF793
:101E7000A0FFF96A0120226988401043206101EB2C
:101E8000810108EB8100391DFEF7CCFFF86A21685B
:101E9000C96A8842C9D30126C7E700005835002027
:101EA0000CA3012070B504004FF0000140D0214D7B
:101EB0002868844207D0502080F31188BFF34F8FE9
:101EC000BFF36F8FFEE7A06C38B1401EA064636C57
:101ED000E26A9A422CD040B12AE0502080F3118867
:101EE000BFF34F8FBFF36F8FFEE7201DFEF761FF3B
:101EF000114A012150B9E06A00EB800352F8233007
:101F000023B92B6901FA00F083432B61606CE06216
:101F1000C0F10700A061E06A2B6981401943296183
:101F200000EB800002EB8000211DFEF77BFF01210A
:101F3000084670BD583500200CA3012070B5040080
:101F40004FF0000034D01E4DE16A2A68D26A9142F7
:101F50002FD2A069002804DB2868C06AC0F10700FE
:101F6000A061184E01EB8101606906EB8101884296
:101F70001AD1201DFEF71DFF012130B994F82C0065
:101F80002A6901FA00F082432A612868C06AE06287
:101F90002A6981401143296100EB800006EB800033
:101FA000211DFEF73FFF02E02868C06AE0620120C1
:101FB00070BD616C2A68D26A9142F8D370BD00008E
:101FC000583500200CA301202DE9F041C068C468F9
:101FD000ACB104F118000746FEF7EBFE154D286B77
:101FE0000126A0B139461448FEF71CFFE06A2968B3
:101FF000C96A88421CD90120EE61BDE8F0815020F9
:1020000080F31188BFF34F8FBFF36F8FFEE7201D62
:10201000FEF7CFFEE16A2A6906FA01F01043286153
:1020200001EB81000449B43901EB8000211DDBE79D
:102030000020E2E758350020C0A301202DE9F04739
:102040002C4D00242746286B38B1FEF7F7FE286B8D
:10205000401E2863286B40B146E0502080F3118871
:10206000BFF34F8FBFF36F8FFEE7A968224E0120A9
:10207000D1B3A6F1B40980463068E8B1F068C4680D
:1020800004F11800FEF795FE201DFEF792FEE06AAF
:102090002A6908FA00F11143296100EB800109EB7C
:1020A0008100211DFEF7BEFEE06A2968C96A8842E8
:1020B000E2D3C5F81C80DFE70CB1FEF773F9AC6919
:1020C00044B14646FFF788FE00B1EE61641EF9D1C7
:1020D0000020A861E86938B108490127380708607D
:1020E000BFF34F8FBFF36F8FFEF7C8FE3846BDE8D2
:1020F000F087000058350020C0A3012004ED00E067
:10210000012158636146020802010000446A6955D2
:102110007365725F53746172745461736B00000075
:1021200081950208D1950208E3950208839402087C
:10213000A1940208B3940208D1940208F194020811
:102140001395020871950208459502082595020825
:10215000499402085F9402082D9402087F940208B3
:1021600029940208A18E0208818E0208098F0208B4
:10217000DB8E02088D8E0208458D0208298D02082B
:10218000578E02082D8E0208446A69557365725F86
:102190004D6F6E69746F725461736B00446A695558
:1021A0007365725F46696C6C496E55736572496EF2
:1021B000666F00000000000001000000553C0208AE
:1021C000413C020800000000010000000400000083
:1021D000553C0208413C02080000000002000000DB
:1021E00002000000553C0208413C020800000000CB
:1021F0000300000003000000553C0208413C0208B7
:10220000000000000400000001000000553C02082E
:10221000413C02080000000005000000030000002F
:10222000553C0208413C0208000000000600000086
:1022300005000000553C0208413C02080000000077
:102240000700000002000000553C0208413C020863
:10225000000000000800000004000000553C0208D7
:10226000413C020800000000446A69546573745FD1
:1022700057696467657453746172745365727669E3
:10228000636500446A69546573745F576964676580
:10229000745461736B00446A69546573745769645C
:1022A0006765745F53657457696467657456616CDC
:1022B00075650089504E470D0A1A0A0000000D4945
:1022C0004844520000006000000060080600000062
:1022D000E2987738000000017352474200AECE1CEE
:1022E000E900000813494441547801ED9D3D6F1405
:1022F0004718C7CF6F98841804B2D2448984150B4D
:10230000248B86321FC02045F918404D814250AAC7
:102310002805D4A9025F8092C229B0D2A68A2823B8
:10232000418395149690102826E4057C38F31BF61B
:10233000BF1ACFEDEEDDEE3DF6EEF966A4F1BC3E40
:10234000CFCEFEFE33FB189DB99DE955A79968389D
:102350006E47C3BD61E3F1FC496DEF0D59783C1E3A
:10236000B773F33260EA578981EA94AA87FDD4A74C
:10237000318570A9ABAD1226AAABCC39CDE7B5F744
:1023800015810D4B018F4B2CD417B999AA265005F6
:1023900056F5B88C81687EE14E16D4B09C751E94BB
:1023A000E9A7AE719C539FC6249002FECE41A04E79
:1023B000A9ACB1B08415ED5ED1091058019F73F33B
:1023C000A8C7652804BE48D3228487F7FE9673E029
:1023D000F401BD5F5232A694DB4B00415729E04027
:1023E000272F6425F3D5278164E3867C3AEA22E42B
:1023F000F0DCDD521778C147805D9729DFBA0C0FFA
:10240000EAA45004DA7B12800689C9217CC0C7196E
:102410001B09118AE0BAA7EE04C4F0014F063C196B
:102420003E946142845C44406A07AB9400803F96CE
:10243000E5C5A04E9F4E841E4BB275435393C2DD3B
:10244000CF0ED78E7FE3EACAB0848D926CC2BE7C79
:10245000D72306704FB87CCAE58F5DFED4E555974B
:102460002F5CBB76EDABA74F9F6EECECEC6CEDED0B
:10247000EDF55D4E693F813E6C60042B9865EC6024
:10248000084B98C216C6B0CEC5410D1AECEAE32E31
:102490002FB9BCECF2272E7FEEF285070F1E7CBD14
:1024A000BBBBFB7AFFF552AB8C00AC6006BB8C214A
:1024B0002C610A5B18C3DA0B103E42E850C065027B
:1024C0008F9DE34ECD95EBD7AFFF303737F7A16B3C
:1024D000A7340281D9D9D985D5D5D52F9E3D7BF694
:1024E000F3A3478F769C890234A562808F03DAFDBF
:1024F000941C0BC073443E7019E027DC91FAFEEC8B
:10250000D9B35FBA7A4A35096C6D6DFDB4B2B2F2D7
:10251000AD337BEDF2DF2EFFE332F181C04CB0DE54
:1025200063D793104062E8D74C1F13969797D7FC58
:102530008CF4A336818C9D9EF9E2EA1F3D196FFF52
:102540001CC2B1040845F027626969E9B3DA574E45
:10255000069E40C68EA70A2CC3C7BD78E70208991D
:1025600006140F64A4F154D623107314DFDC8B1E01
:10257000417468903E650448693C02DAC4622ACE20
:10258000DE2B9D7490C2927A38E627A41F8D0884B2
:102590002C43C6389B0132696020EBD3B89F947EF0
:1025A0003422A08D5CC478200670054D6C74B5642F
:1025B000544960806DD90E67A272A5C734389480E3
:1025C000380EC0C7B24C80A15ED3041B0249001B69
:1025D0008E8DBD24011AA3B3314C02D8706CEC254A
:1025E00009D0189D8D6112C08663632F4980C6E8AB
:1025F0006C0C9300361C1B7B9928011E3E7CD8F87E
:10260000468B0CADFD155D6358DFC408F0E4C9933B
:10261000DEBD7BF786DDCFC8E3D6FE46BE703471E3
:10262000220478F9F265EFF6EDDBBDB76FF9246FA0
:10263000FC64ED6F9C15755E00F717061EFE8B1788
:102640002FC6B9CFDCD6DA5FEEB861A5F302DCBDE8
:102650007BB7F7F8F1E386B7376866ED6FF00AF5F8
:102660007A3A2D0041D232505AFBAB87BA7876675E
:1026700005B00E92D6FE8A71D6EFEDA400D641D2F7
:10268000DA5F7DCCE5169D13C03A485AFB2B47D93B
:102690006CA473025807496B7FCD30975B754A80F5
:1026A000CDCD4DD3A06BEDAF1C63F391CE08409020
:1026B00064B75A256B7F56EB8AFD744200EB2069A4
:1026C000ED2F8666D96E5D00EB2069EDCF12769115
:1026D000AFD605B00E92D6FE8AA059F6B52A8075FF
:1026E00090B4F66709BACC576B025807496B7F65FF
:1026F000C0ACFB5B11C03A485AFBB3865CE5EFD037
:1027000005B00E92D6FEAA601DC4D8A10B601D2490
:10271000ADFD1D04E42A9F872EC0CC4CE1DFA856F6
:10272000ADB172CCDA5FE5C50E60F0D005B872E5E8
:102730004AEFFCF9F366B762EDCF6C61233A3A7465
:1027400001E6E7E77B376FDEEC9D397366C42556FB
:102750004FB3F6577D35FBD14317805B387DFAB414
:1027600017616181FF40387EB2F637FE8A46F7D0A6
:102770008A002CEFDCB973BDAB57AF8EBED22133CC
:10278000ADFD0DB99CD9706B027007EBEBEBBDCBC7
:10279000972F9BDD8CB53FB38555386A5500D665BC
:1027A0001D44ADFD55B033196A5D00EB206AEDCFD5
:1027B00084728593D605606DD641D4DA5F05BFB1CA
:1027C000873A210077611D44ADFD8D4DBAC4416744
:1027D00004607D04D14B972E952CB57EB7B5BFFA1A
:1027E0002B186ED12901582EBF9A5AFE4BD9DADF29
:1027F00070A4F566744E00EB206AEDAF1EDEE1B307
:102800003B27004BB60EA2D6FE86631D7D462705EC
:1028100060F9D641D4DADFE888AB67765600966D6A
:102820001D44ADFD55A31D6DB4D302700BD641D42C
:10283000DADF6898CB67755E00EB206AEDAF1CEDC0
:1028400068239D1780DBB00EA2D6FE46435D3C6B2D
:10285000220460E9D641D4DA5F31DEE1BD7C40CBB1
:1028600097CA91F56DB97C61EB472E9F74F994FB83
:102870007ADE4D57A6D49080FBCC7ADD99FEE93202
:10288000DFA0FB97CB7C81EB7F2EF35F3EFB1373C6
:1028900002DC628F644A02B42C6B122009D03281B0
:1028A000962F9F4E4012A065022D5F3E9D802440D2
:1028B000CB045ABE7CD909D0DB7EFC6B365A5EE372
:1028C000A45FBE9265910009FAC1493EC0560268F4
:1028D000202CA9F3C29994C623B0EFA53DCE55C8CC
:1028E000D87F77F4BE8E6C82E06B6CBC254CB775DC
:1028F000C8523CF352270044746A32AA91793B5C77
:102900004AE31180A178C6A761E0DBD3431130947C
:10291000F1784B985E6B6D627114DF9C884E800677
:10292000740230F02FA57CF5EAD51FF9EC54A945C7
:102930002063A77786C522C03A3F011220540C01BC
:10294000DE3C7FFEFCB75A574D937302193B5EDCA9
:10295000064B048845C805C048BB1F11FCEE77E54F
:102960009B3B77EEFCD8EFF7F91021A51A0460061F
:102970003B6712BE390FB664BFFB7117BEA62A7C37
:10298000D5068F26DAB3EE5D88AF2F5EBCB8CDBB1F
:10299000117947224629551300FEC6C6C677376E01
:1029A000DCF8D5CDE4D32F7D02E63F0573ED5C085E
:1029B0000408C1BB667E2AE8F7E9FEFDFB5BBC9814
:1029C000726D6DEDA4FBAB82638B8B8B7C5C998FFE
:1029D00067D3A6BD78E79EF9BF6F6F6FFF72EBD626
:1029E000AD6F32F8FF3A28C0E71490F518D2237F74
:1029F0001F7CBFE3DD2444095FECC9BB10D30B9DF2
:102A00001D84280922BB5960D9E1824D19C22F0CBF
:102A1000C680CE9F47595D0E5DD327C6E9535CC083
:102A200069F86E443DAE983C2DA742CCC446CC60BC
:102A3000244E000F731C80B11D78A7BC1CBAB13C9A
:102A4000E13C1480134206BCE087E0C3BA9B72E409
:102A500092E073631EA22BC548270111A82380FAB8
:102A600042015CF7FBC44E26854E69E390145E007C
:102A7000E838147C3DB242E0611DFBA39A425ED46B
:102A8000E1A552A0E35273C4D4FB0881A94E196793
:102A9000ED76ED7895A1CD51855D755F1E62065F7F
:102AA00002A8D4A9A01D677CD237F0CC8E81C64283
:102AB000846DD9CB86F63426C1E5DE552F2A351E26
:102AC0009603023048125495715F51BF379CC21F64
:102AD0007E2767F72DF034E3FEB8CF9B84207D4737
:102AE000F4231E8FDBD1F45CB8B8FFA8B543B8451A
:102AF000F7168FC7EDDCE67FAF3818CE8725843F09
:102B00000000000049454E44AE42608289504E4765
:102B10000D0A1A0A0000000D4948445200000060E6
:102B2000000000600806000000E29877380000000E
:102B3000017352474200AECE1CE9000007FC494435
:102B400041547801ED9D3D6F144718C7CF36C62418
:102B5000C4209095264A24AC5820211ACA7C0040F3
:102B60008AF231809A0285A054510AA85305BE000A
:102B700025855380D2A68A282341839514969010E8
:102B80002826E405DB38CF6FBCFFD5DCDCDA77B76D
:102B9000F758BBE79D91C6CFBC3E3BFBFBCFEC0398
:102BA0009CB99DE9ED9F6692EEB49E74F786F5A7F9
:102BB000E3A7B5BE3364E1697F5A2FA7EF054CED5B
:102BC000B24C5019AB72DC4EB98B29864B597559F2
:102BD00098A82C5B723A5296760B021B5B014F2D24
:102BE00033D496B8E95415A802AB726A53201A5F21
:102BF000B9930535B6B3E6419976CAEAC739E52EE9
:102C0000268114F0F706813256597DB18515F55E9F
:102C1000D5091058019FB37194531B0B812F525744
:102C20008408F0766FB9044E1BD0B7F7B0F429953D
:102C3000F32580A0CB0A38D0C9F38565BCDA24908F
:102C4000E6585748875D84129EDD2D6581177C0408
:102C5000D8B28CDDB40C0FCAA45804EA3B12800A27
:102C600089C1317CC0A79939122216C19A3B7702DB
:102C700052F88027039E0C1F6C9C10A1141190DA4F
:102C8000C1B21200F0478BBC109569D389D063495B
:102C900073ADAB3329DEFDEC70EDF8775656862523
:102CA0006C9434276E2B773D6200F7B8E593963F1E
:102CB000B6FCA9E515CB17AE5FBFFED5F3E7CF573E
:102CC000373636D6767676B62DE7D44F601B36305B
:102CD0008215CC0A763084254C610B635897E2A0AC
:102CE000061576F531CB8B96972C7F62F973CB174F
:102CF0001E3E7CF8F5D6D6D6DBFEEBE5DA5E046048
:102D00000533D8150C610953D8C218D64180F81183
:102D10004283022E0378EC1C3335976FDCB8F1C385
:102D2000DCDCDC8756CF690402B3B3B3F32B2B2B67
:102D30005FBC78F1E2E7274F9E6CD8140568AC625F
:102D4000408803DAFD588E05E039221F5806F871D5
:102D50003B52DF9F3973E64B2BE7342681B5B5B57F
:102D60009F969797BFB5696F2DFF6DF91FCBC4076D
:102D70000233C17A875D4F420089A13F668698B0D1
:102D8000B4B4743E8CC83FC62650B0D3335F5CC326
:102D9000A3A7E01D9E43389600B108E1442C2E2ED7
:102DA0007E36F695F38440A060C7530596F1E35E46
:102DB000BC4B01844C1D8A079AA4FE6CC7239072F9
:102DC00014DFD28B1E4134A893366504C8693202E1
:102DD000DAC4622ACEC12B8D3490624B39EE0B03DC
:102DE000F28F5A04629631639CCD009934D051B46D
:102DF000A93F0CCA3F6A11D046AE623C1003B882AC
:102E000006D6BA5A9EB42F8101B67BED70062AEF22
:102E1000EB31770E25208E03F099B9970043BDE67C
:102E2000013E04B2003E1C6B7BC902D446E733313D
:102E30000BE0C3B1B6972C406D743E13B3003E1C3B
:102E40006B7BC902D446E733310BE0C3B1B697C6FA
:102E50000478F4E851ED45574DF4F657758D8368C5
:102E60006B4C80FBF7EFF79E3D7BE6764FDEFEDC9A
:102E70001636C45163026C6E6EF6EEDCB9D37BFD80
:102E8000FAF590258ED6EDED6FB4AB4E3EAA31012A
:102E900058FAAB57AF8208F65B0493DFC901F873A9
:102EA00059D410278D0AC0DA9E3E7DDABB77EFDE5B
:102EB00090658EDEEDED6FF42BD71BD9B8002C9BFF
:102EC00000EA1944BDFDD5433BDAAC5608C052BDFB
:102ED00083A8B7BFD1708E3FAA35027807516F7FA4
:102EE000E3A31D6D466B0460B95D0CCAAD12001101
:102EF000BC83A8B73FD6E8995A27003747107DFC16
:102F0000F8B1DB7D7AFB735B98396AA500DC207F22
:102F100034F5FC9BB2B73F2F115A2B807710F5F692
:102F200077E805E006BB10945B7B02B4C3BC83A8C2
:102F3000B73FADB3AE6DBD00DC987710F5F657170F
:102F40003EF3A6420016EA1D44BDFDB1C63A696AC9
:102F500004F00EA2DEFEEAC067CED408C0620F63A2
:102F6000509E2A0110C13B887AFB638DE3A4A9130C
:102F7000809B9B99A9FC3DD771EEBB6FACB7BF3E60
:102F8000E7432A5327C0B973E77A57AF5E1D725BD8
:102F9000A3777BFB1BFDCABB23A74A80D3A74FF7B0
:102FA0006EDDBAD53B7284FFF33679F2F65767458A
:102FB0005323C0FCFC7C807FEAD4A93AF73930C7A0
:102FC000DBDFC005466C981A01AE5DBBD63B7BF6D5
:102FD000EC88B7357C98B7BFE157AC1E3115025C61
:102FE000B972A577E9D2A5EA3BA8D1EAEDAFC6123E
:102FF000CA29AD17C03B487AFB2B49D62CB45A00DE
:10300000EF20E9EDAF26F3BE69AD15C03B487AFB72
:10301000EBA33841A5B5027807496F7F1330EF9BCA
:10302000DA4A012E5FBEEC1A74BDFDF5119CB0D2D8
:103030003A010892EC56AFE4EDCF6B5DF2D32A0172
:10304000BC83A4B73F41F3B4AD11C03B487AFBF356
:10305000841EFB6A8D00DE41D2DB5F0CCDB3DC0A3F
:1030600001BC83A4B73F4FE0A9AFC605F00E92DEC6
:10307000FE5260DEF54605F00E92DEFEBC6157F9A9
:103080006B4C00EF20E9EDAF0AD641B435268077CE
:1030900090F4F67710B0AB7CF2E12A5F2A47D6B7FE
:1030A000E5F285AD1F593E61F9A47D3DAFDFAF2943
:1030B0009BC3AE25FBBC997F47FFD332DFA0FB97B4
:1030C00065BEC0F53FCB7C79EB766327C02E9E931F
:1030D00011C80234BC0DB20059808609347CF97CD9
:1030E00002B2000D1368F8F2F90464011A26D0F058
:1030F000E5F73A017ADB4F78CD46C36B9CF6CBEF10
:10310000CBB24A800CFDE0241F602B01D4115BCAB6
:10311000BC7026A7C908F4BDB4C75CC58CC3DF84E6
:10312000FB1A8A0182AFBEC996D0EDD9314BF12C82
:10313000AD4E008868D4605423F376B89C262300F3
:1031400043F14C4FC3C0BF05C522305193275B42AA
:1031500077676B138BA3F896447402D4A113C084D1
:10316000F052CA376FDEFC518ECE85B10814ECF4F4
:10317000CEB054045897274002C48A21C0BB972F71
:103180005FFE36D655F3E09240C18E17B7C11201EB
:1031900052114A0198A4DD8F0861F79B7D77F7EE05
:1031A000DD1FB7B7B7F91021A73108C00C76360577
:1031B00001740A604B0EBBDF6CF8240C4B8A5FB5C0
:1031C000C1A389FAACBD0BF1EDC58B17D7793722B6
:1031D000EF4864604EFB1300FEEAEAEA77376FDEE1
:1031E000FCD546F2E9973E010B9F8259BD14828FB0
:1031F0002263F0562D4F05ED213D78F0608D175379
:103200009E3F7FFE84FD07B9A30B0B0B7C5C59F638
:1032100017C3BA6EDEDB33FFF7F5F5F55F6EDFBE81
:10322000FD4D01FF5F83027C4E01598F213DF2FB72
:10323000E0871D6F831025BCC6D02CEF4124E71713
:103240003A1B84240922BB5960D9E1828D8DE1EBC0
:1032500031D41707005D3E8F8AB21C5A3524FA69B3
:10326000535CC069FC6E443DAE18DC955321666228
:10327000236630122780C7B90FBCF53177E09DF285
:1032800072687D65C2792C807E8B02F0821F838FED
:10329000CBA5934354107C6E2940342B463A0988C1
:1032A000401901D4160B60CDBB49FFE339764A0FB4
:1032B0000E49F105008F43ACC0CB5A5348871DBE61
:1032C000EE33E645195EB2029D5A8D11D3E0230616
:1032D000A63236CDDAED022E1BCFD1E2BA6403C49A
:1032E00002BE0490D5A9A09E6618D136F0CC4E81BE
:1032F000A642C475CDD71CEA5D4C82CBBDAB5C65E4
:10330000D51FDB0101E82409AA6CDA56D51E267602
:10331000F047D8C9C57D0B3CD5B43D6D0B536290C9
:10332000A121F991F6A7F56478295CDA7ED8EA3113
:10333000DCAA7B4BFBD37A39E77FF17018CEAADB8E
:10334000B2970000000049454E44AE426082895069
:103350004E470D0A1A0A0000000D49484452000069
:103360000060000000600806000000E29877380066
:103370000000017352474200AECE1CE9000009B6BE
:10338000494441547801ED9D4B68144918C72BC935
:103390002646B39AB86A7CC1622E6A5004892822F4
:1033A00088082E014151410F1E3C88371FE012F161
:1033B000A207BD99C3FA3A091E3C7850505110DC5F
:1033C0000D788A07D1F8C69BE01E7C67912C79980E
:1033D0008766EB5F997F6F754D4D667A3AFD9899D8
:1033E000FAA0E6ABC757555DBFAFABBA67BA66A6E2
:1033F0004AE4962AA3C84C1BC5225FB9695FEAE973
:10340000F13C0330CBCDB4AA6E83C63C6A18320EB1
:10341000CDB89E8F78258B0E1771A6A9C186716ACB
:10342000C5EB27F53AF142B0A6AE96C5044F8D1A0A
:103430007A7CA285CA7D055482659CFA470E2CCA07
:103440005E7700EC74F8040F6D8BEBB639FAA88840
:103450006C133C8023201F1A9C1887665A4685A04F
:103460000390A90305F01A19081F71A6A1614BA7C3
:10347000C8A812D667BADC35C1639C3AE0EF320DBA
:10348000F0D08C230DA163C86A9C0E9828FE1F2CD7
:103490008143C38641CFAF64274C069FE0C72437E2
:1034A00006E451E8049506588064E0994FF0B5B2FF
:1034B000CC0CA84347D00932CB9B41885782D00916
:1034C00004AA831F950018C014715D3823BC250819
:1034D00085A61300BE4E866986463E9DC0250A75A8
:1034E0002B51B8F400281C80331EB0476418960195
:1034F000272AD9C096F6C8A303950140026CBD0CDB
:103500003FCBF08B0C0B656891A175FFFEFDEDEFD5
:10351000DEBDFB737878B877DCC9A404C008ACC002
:103520000CEC320CC1124CC1168CC11ACC95731024
:1035300081A770B6CF90A1518666197E9561191A40
:103540001A1D1DED9BB45757984500CC324E589626
:103550006109A6600BC6600DE6D5F0003D8165856A
:10356000CB0EBC345D8606E9CDCE458B16FD26E339
:103570004E021278FFFEFD5F8B172FEE90D506648A
:103580001892E19B0C589EB04C61B91A077C081C3C
:10359000C1C019A19C3177EEDC3665E15E0213C82B
:1035A000B0C3D90E96EA8C979A9CA1D5D90FCD4C71
:1035B000C2C76C5033A2AEAE6E0E0C9C0427906155
:1035C00007F8E4693AC173005BB73982654E174763
:1035D00000F0B3C0B3292E4148EBF0391350D14964
:1035E0003802604807802B39AB569981040A203491
:1035F00080D61DA40ADD4B6002644CAE68C0634DEA
:10360000C05E46A679C26779E05E5D058F0018D27C
:1036100009C8F4B1B601A681D7828B4C19812CB6AA
:103620003607A03718324C59EF15DA103966C10742
:103630008F5C0EA85056F10FDB39207EE6BE1E9D32
:10364000037C38E24F3807C4CFDCD7A373800F4721
:10365000FC09E780F899FB7A740EF0E1883FE11CE1
:10366000103F735F8FCE013E1CF127F051696A64F1
:10367000686848DCBA754B3C7CF8507CFCF8511DFE
:10368000D782050BC4BA75EBC48E1D3BC4F4E97830
:1036900048575E82B7C7FCB8140F0EB00302CF2C98
:1036A000F1F078960C8DF261E75F52472E2F5EBCE9
:1036B00010E7CF9F175FBE7CB1F6356FDE3C71F827
:1036C000F061B16AD52A6B795A33ABAAAAF038B740
:1036D0004F867F65E897615006EC98C063C9EFA9F3
:1036E000588200FFC4891339E1CB035565B079F9DD
:1036F000F225926523893B00CB0ECEFC42E5DCB976
:10370000730275CA45127700D6FC5CCB8E0D326C05
:1037100051A75C247107E0821B548AA913B48FB8A7
:10372000EC13BF0BE2DD4E900117532757FBDBB7BD
:103730006FCF55E4CBBF7DFBB62F3D5589C467C025
:10374000B76FD8AB144C8AA913AC87F8AC13774089
:103750007C434D674FCE0109FB25F16B4031E39768
:103760006F6E8AA966AD13D5DA6EEDCC92E96680EC
:10377000054A9C59CE0171D2B6F455920E98CA25CD
:10378000C8C224D6AC92BC064C05A142EFFFD95763
:1037900054D78A929C0184520EBA241D504E4B502D
:1037A000493AA01CCE7C8EA124AF01533103A25A0A
:1037B000D309B650ED6640A1A422B28B6C06ECD9B9
:1037C000B347E81F9AE141CA92254B221AC644B377
:1037D0006FDFBE15478E1CF1FAA8AFAF17D7AE5DED
:1037E000F3D2698C443603E6CCF17FB7AFB7B7D7D5
:1037F0003A7E400A2AB9EA987D98C710B49F38ECFF
:10380000239B014D4D4D427EC7D81B43AEA75ED8CA
:10381000F5803337882C5C882F9E678BD9078EC143
:1038200094A0F7FFAC1FD53523B219B074E9521E2E
:10383000BBD28F1F3FF6A599C09693A0B276ED5AE2
:103840006B95478F1EF9F2CD63F015A624119903ED
:103850004C48CF9E3D130303F8C2B85FB0DF075B4F
:103860004E0A95F9F3E70BDB598CB69F3F7FEE6B61
:10387000C63C065F614A12913960F9F2E562E6CC16
:1038800099DE30C7C6C6AC0FD3B1D90AFB7D0A1585
:103890005C64A74DC3F625BFDCBC7953A00F0AFAC0
:1038A000C631A45D22DD9875FDFA7571F5EA558F74
:1038B000416D6DADB870E182B0ADE1F93666353776
:1038C00037AB3B9C952B577AED31F2E1C30771E89A
:1038D000D021217F20835962EFDEBD62F7EEDD5EED
:1038E0003AA9887CCF92DCC6AC6DDBB689C646FCB3
:1038F00040C88400506767A7755F0F76BCC139B8B0
:103900007DC5ED2AEE741010471EF60ED9E0638FC8
:1039100010DAD4E1CF9A354BA0EF529048670000FF
:10392000747575898B172FFA5800F6C993270566A9
:10393000441801F453A74E09CC1E5D0E1E3C28B658
:103940006CD9A26725164F740660D400B169D326DE
:103950001F0000EBE8E810F2E75C7CF94112A88B4D
:10396000364CF8E82B2DF00B194FE43300073132B9
:1039700032228E1F3F2EDEBC79E33B265C8077ED42
:10398000DA25B66EDD2A66CCC09EE0FC32383828D7
:10399000EEDEBD2B6EDCB891B594B5B4B488336758
:1039A000CE08F92B25590DD9EE9CB28C26C928F6E4
:1039B0007D40BE19108B03302E803B7DFAB478FD1C
:1039C000FA75D6301B1A1AC4E6CD9B455B5B9B5A31
:1039D000E7CDA5094BCDAB57AF444F4F8FB87FFF15
:1039E000BEF576B6B5B5556DF0455B36A9780700DE
:1039F0000A66C2D9B367C583070F6C8C545E7575B0
:103A0000B5BA70CF9E3D5BA5BF7EFD2AFAFAFAC417
:103A10008F1FDE0F0D66D55DBF7EBD387AF4A8F529
:103A2000CCA7715A1D10D947111CB8AEB1341C3B3C
:103A3000764C7477778B4B972E29B07A39E2000D4C
:103A4000E808F904773B070E1C101B376ECC679A09
:103A5000DAF2D8962093407F7FBFB873E78EB877AD
:103A6000EF9ED511A6BD9E06F8F6F67675ABA9BFFA
:103A7000D9D36DD2124FCD35201710BC7BC592F42F
:103A8000E4C913757DF8FCF9B3D5141F57AC58B1D0
:103A900042AC5EBD5A6CD8B021F42DACB59308325F
:103AA00053EF0073CCF848E1CA952BBEEC7DFBF6D2
:103AB000899D3B77FAF24A2591CF01917D16542CCE
:103AC00020DB2DA42DAFD8F6D3562FD68B701283C2
:103AD0000F7BF7C3632EF67D00EBE7D2A99B01B9FC
:103AE0000EB45CF39D0312F6AC7340C20E28FB6B60
:103AF00040546BF754F9CDCD80A92259643B89BD60
:103B0000132EF2784BAE5AC9BD0F2839C2210FD8F7
:103B10002D41210186ADEE1C109660C8FACE012120
:103B20000186ADEE1C109660C8FAB91CC0BF5CF2ED
:103B3000FE6A29643F955C7D5296360738E8D19D30
:103B40002E596CE90016E81A0F61733F888DEE203C
:103B5000CBAD6572D4D9628C2A0D07D80A9087E064
:103B60001C202184143024CF2CD69C01E88346F4F9
:103B700018FF1B3164FF155F9D1CC9959C1518DD4E
:103B800001C860218CF9DF88CAD0BD144D005BB636
:103B9000C1529F095E6374800DBCFA634AB997E70E
:103BA0001FCFDA450211C8B0E3BFE6591D613A00E4
:103BB0008EE0D98F8A23F27B573D817A75C61E81AC
:103BC0000C3BFE75A1390BC0DAF717263A7C75F667
:103BD000CBF261B98BF90FB975043F3AEA240001C1
:103BE00030033B59853FD26ACE00D59AFE476DF827
:103BF000683A2B3C7DFA7440EE44EE5AB3664DB3FE
:103C0000FC664A534D4D4D61BB68031C6C3999628B
:103C1000D9F9F4E953F7EF522E5FBEFCB71C1B1C19
:103C2000C059A03B415D1374E0588E10F0940C0114
:103C30005B8C11F07D205D63533FCACD7F87935924
:103C400015275C35B86C73E5007082A7461ECA1153
:103C500060AF1CA03F9244636C10EB15BFEF833C38
:103C6000DE11A111C28703E0405E4710AF240117A7
:103C700088022935189113D8990165B4655D05D37B
:103C80004B640CA4F20465A8C486E100FED837E1B9
:103C9000EBE0F5B8D7481946746664044D279017D1
:103CA000CF783D5F77C2B83E03C0898D9119D36C40
:103CB0001067BB7EE6EBC0F538EB97B3061B0A39FD
:103CC0004183154F5AC699267CD6534B081300489A
:103CD00088D0804D6D8BEBB66CA312351D014D471E
:103CE0001034B41E376D3DE0006702659AF09166AE
:103CF000A03D6D90AE64217C30609C1A0E80E8F08F
:103D0000BDB40D20F3A861CC3834E37A3EE2952CA3
:103D1000840B0604CF38B9D0865AE5EB3069486D7C
:103D2000969969DA51E72BA75DB9681F48CBA0CCFB
:103D30007233ADAAFC079AB8A27E27E3058D000076
:103D4000000049454E44AE42608289504E470D0AFC
:103D50001A0A0000000D49484452000000600000AB
:103D600000600806000000E2987738000000017348
:103D700052474200AECE1CE9000009CC49444154F0
:103D80007801ED9D5968144918C7BF1C261BB36EF6
:103D9000E2AAF1241A11E27AA010514441F161091A
:103DA00028222AE283A222A23E2FABA0208820E86C
:103DB0002AFBEA8B88E09317E285EB3EA8B8A008BF
:103DC0008BE201E283B8887744139368EEAD7F6598
:103DD000FE6D754D4FE648667A8EFAA0F2D55D5DB0
:103DE000BF7F75CD4C4F4FA748625B915564A7AD1F
:103DF0006289576ED7CFF5745F9C09D8E5765A373C
:103E00000F82C63C7A54641C9E71331FF1423613F4
:103E10002EE24CD3830DE3F49A57A9FEDBFF8760B3
:103E20006D5FAC8A099E1E2DCC787F0F85FB1750E5
:103E3000099671FADE1858747D5300D433E1133CAF
:103E40007C50DCAC1B638C82C8B6C1033802F2E143
:103E5000C1897178A65554840220D3040AE0252A2A
:103E6000103EE24CC3A32E4551516D6CCF74BE7B06
:103E700082C73C4DC03D2A0DF0F08C230DA3306469
:103E8000D54701FA8BBF83257078D46130F30B5985
:103E90008481E0137CB7E2C6803C1A45D069800576
:103EA0004806AE7C821FA6CAEC8036148222A82C5B
:103EB000EF0C42BC108C2210A809BE4B01600053CD
:103EC000C44DE319E16D4128B44500F83215CA2DFF
:103ED0008F7C8AC02D0A6D0BD1B8F5002804C08AEA
:103EE00007EC4E153A54C042251BD4657DE4514081
:103EF0005D012001F607157E54E16715C6AB50A79A
:103F0000C22F5BB76E6D7CF5EAD55F1D1D1D4D7D23
:103F1000CE062400466005666017610896600AB602
:103F2000600CD660AEC541044A61B50F57A14A8501
:103F30001A156A55A847475D5D5DCD038EEA0AA351
:103F40000880594484FA084B30055B30066B302FEB
:103F500086025402DB0AB71DA854A142A552F38F72
:103F6000091326FCAAE2CE9224F0FAF5EBEB132714
:103F70004EFC5D356B53E1AB0ADF54C0F6846D0A2D
:103F8000DB551FE0C3200403CF082DC6E8D1A31BD7
:103F9000740DF7276902117658ED60A957BCF2E459
:103FA0000CAF573F3C33091F67833E23CACACA463A
:103FB000A182B3E40944D8013E79DA227802B0F74D
:103FC000202158E67C6A04003F0A3CBBE21684B418
:103FD000099F67021A3A1B1C0130A400E04ACEBABE
:103FE0005766208102182BC09B02E942F72769021D
:103FF000644CAEE8C0634DC05E46A47BC26779D214
:10400000A3BA061E0130A408C8F4B10E02CC0A5EA1
:104010000F2E326404A2D8060980D1509161C8469F
:104020002FD08EC8310A3E78C412A04059657EDA7E
:104030004E80CC33F78DE804F0E1C87CC20990795A
:10404000E6BE119D003E1C994FE063724E99BA3A4C
:104050002BD7AE5D93070F1EC8FBF7EFF5B1D7D492
:10406000D4C8DCB973A5B1B151D4D5C79C9A0FDEC1
:104070001AF1A3322E1AE1DB2F5CAFC617073FA956
:1040800050A52E745F573E74EBEDED9593274FCA04
:10409000C58B1705F1202B2E2E96952B57CAA64DB2
:1040A0009B04F16CB0A2A2225CCA6F56A145855652
:1040B00015DA55C0B765B824DD931367805A0472CA
:1040C000F8F061B973E78E3AE6D806612E5CB82045
:1040D000EFDEBD93DDBB778B9A7CECCA5952921D03
:1040E000CB240E8CF3E7CFC7856F7601A1D02617BE
:1040F0002CEB05686D6D95D3A74F27CD126DD0368B
:10410000DB2DEB05B87BF7AE7CFB866FF29233B408
:1041100041DB6CB7AC17E0E9D3A729331C4CDB9427
:10412000074DB261D60BD0DC8C3710A9D960DAA666
:104130003662F2ADB25E809E1EF3AEBEE42618EB90
:10414000ED6A72BDA4B776D60B90DEE987DF7B5EA1
:104150000BE03E0784BFC0B2FE08F2FA0CC87AFA40
:10416000EA009D0021ABE4047002A48F807B114E15
:104170001FDBBCE9D96D41214BE9047002844C205E
:10418000E4E1DD19E004481F815C781714DA77C296
:104190008F1E3D127CD74BABADAD95EAEA6A268700
:1041A000C4C712E0D3A74FF2F2E54B6F0CD49B3D8E
:1041B0007BB697CE642434010E1D3A245FBE7CF199
:1041C000E6BA65CB1659B56A95976664C488118CB2
:1041D00026ED63B5BD75EB969C3871C2EB0FF54EBD
:1041E0009D3AE5A5331909ED3560D428FF4FCF3E40
:1041F0007EFC1838EF49932605E6279219ABAD3DB2
:10420000967D2C89F43D5475421360E4C891BE3903
:10421000BC79F3C6976662E1C2858C26ED172C58EF
:1042200010D8C61ECB3E96C04669CA0C4D80E9D355
:10423000A7FBA6843BDD82BE7CC72A5EB46891AF33
:104240006E2289254B96C8F8F1F881BADF3006C690
:1042500032CD3E16B32CDDF1D004983F7FBE6F6E99
:10426000EA97E572EFDE3D5F1E13DBB76F17DC7E6A
:1042700098A88D1B374EB66DDB16581D63602CD386
:10428000EC6331CBD21D0F4D80A953A7CA9831637F
:104290007CF33B77EE5CE06D8755555572E0C001CD
:1042A000993C79B2AF7E5062CA9429BA6ED00B3075
:1042B000BE23C618A6E118702C6159680260C2B806
:1042C0008FD3B4172F5EC8D5AB57CD2C2F8E557D0D
:1042D000F4E851D9BC7973E0D9803304EFA48E1C83
:1042E0003912588E8ED037C630CD3E06B32C13F11E
:1042F000506FCEC556B073E74EF9F0E18337D78AD9
:104300008A0A3978F060DC55A99EC3E0B5C32A5605
:10431000CFB3F0FA088A3C7FFE5CF6ECD9235FBF8E
:10432000E2910DFDA61E2520C78E1D9361C3705F0F
:10433000727A4C7DC618F0E6DC50CF004C7CC38608
:104340000DBE9903D0FEFDFBE5EDDBB7BE7C3B0166
:10435000E073E6CCD1211E7CF4853E4DF8E86FE396
:10436000C68D69856F1F73503A540170404B972E6C
:104370009565CB96F98EEDF3E7CFFAEEE6870F1F42
:10438000FAF25349A00FDC298D3E4DC398183B6CBF
:104390000B750BE2E4B115EDDAB54BB04D98864BD9
:1043A00004AB57AF96B56BD7CAF0E1F8D942E2D665
:1043B000DEDE2E67CF9ED577499B973CD0435D5D6F
:1043C0009DBEDD5D3D4C23F10E53AC196F0BCA0A47
:1043D000013037AC506C13B60828ABACAC94E5CBCD
:1043E00097EB151BEF1730F805CDCD9B37E5CA9538
:1043F0002BD2D686C7F4F80DEF9230CE505F77F20D
:104400008FF23D953302E090B16AF1028C0B75B1E9
:104410006CECD8B13273E64CC10B282142BCA6A685
:104420002679F2E489FE7146ACB6B366CD92BD7BC7
:10443000F7267D36C5EA2F91FC9C120013EAEEEEBA
:10444000D65BC7993367743C9149C6AB535A5A2A15
:104450006BD6AC9175EBD609E299B49C1380707061
:10446000B9186F111F3F7ECCAC94FC8C193364C714
:104470008E1D097D884B6980388D725600CE0BAF3A
:1044800009972E5D92DBB76F475D42601DDBE3ED60
:10449000EDE2C58B65C58A15326DDA34BB38A3E908
:1044A0009C1780B43A3B3BE5D9B3677A9FBF71E371
:1044B00086D8573471E10D6F2BB1E2EBEBEBA5BC65
:1044C000BC9C4D43F5F104C8EC8638081478CB88C1
:1044D000175184969616B97CF9B2AFB786860659FD
:1044E000BF7EBD2F2F1712C5B97090F97C8C4E80FE
:1044F00090D575023801422610F2F0EE0C7002845D
:104500004C20E4E1DD1910B20059733534640E69B2
:104510001B3EDE07317706A40D7D621D3B0112E3D1
:1045200094B65A4E80B4A14DAC632740629CD256DB
:10453000CB099036B489751C4B00DCB8CF90584F2E
:10454000AE562C02E4081F65410204568C6AE9321B
:10455000522110C59602B0C0F4783664F0F32153AE
:1045600019BA70DB90A3C91634741A020415200F0F
:10457000C109A0200CD2C0903CA358F30CC018ACC9
:1045800044C5F8BF1107397EC13727477225670D2B
:10459000C61400192C4465FE6F445DD1FD49990095
:1045A000FE611B589A6782D7190508028F865DEA5B
:1045B000CBF0E01F6F795DB8482C021176F8350812
:1045C00058060A610B0021B8FAD1B053DD71F6AF7D
:1045D000F2CE52201061C77F5D689F0560ED7B6061
:1045E00093095FAF7E55DEB16FDFBE3FD5DD6A78E0
:1045F000F0B4B324088019D8A9267C50B77D06E80A
:10460000DEF0E4741A2E4D4785FBF7EFB7A91F4380
:10461000FC3D6FDEBC1A75AF4D7549494972B7292B
:10462000B3F702F1D876D4C3C3FFF94DD9F1E3C78C
:10463000FF53D386003C0B4C11F46B82091CDB1139
:1046400002EE1542C0BDDB08B8C3C9F4FCDF881018
:104650008F6DD04F211A770D6EDBDC39009CE0E9BD
:1046600091877204D4D702983766A1337688FD8A81
:104670003F25441EDF11A113B4017C0480E7EB4801
:10468000A189002E300D5279302227B0B303CA58C9
:10469000976D354C2F11A9A09C67284323760C01F8
:1046A0006CF8267833EE75928711931919C153046B
:1046B000F2E28A37F34D11FACC33009CD8199931C4
:1046C000CD0EB1DACD956F0237E36C9FCF1E6C68CB
:1046D000E4040F565CB48C334DF86CA7B710260079
:1046E0009010E1019B3E286ED6651F85E829043CA9
:1046F00085206878336ED7F580039C0D9469C24796
:104700009A81F55907E94236C20703C6E92100CC70
:1047100084EFA58300328F1E95198767DCCC47BCD8
:10472000908D70C180E0192717D6A1D7F9264C5675
:10473000A4B7CBEC34EBD1C72B67BD7CF13E900125
:1047400093B2CBEDB46EF23F8E2CA9B84D0CA3EB17
:104750000000000049454E44AE42608289504E47F9
:104760000D0A1A0A0000000D49484452000000607A
:10477000000000600806000000E2987738000000A2
:10478000017352474200AECE1CE900000942494481
:1047900041547801ED9D3D6C14471886C77FB16385
:1047A00062406059A02841587165D1200428A24375
:1047B0004A13226A6A0A6A905008A48A8280068A8A
:1047C0005429A8A104C969A2D01109089469B11C8F
:1047D00009031220620221F82FF3ACEF5DCDCDFD6D
:1047E000ACEF6777D6BEF9A4F1CCCEEC7CB3F3BCCA
:1047F00033B37BB7EBDB3ED3DCFABC627FDB2B361B
:1048000059E5FEFE1B757B35E3C0FD727F3BADDED7
:104810000898F21553416962A5DD7CD2BD682E5C13
:10482000D2DA560C13A515A79C06D3D45A4260DDE4
:1048300058C0FD981ACAF3DCF4D426500556693FD7
:10484000F68168FFBA235950DDB8DF7A50209FB453
:10485000CA714EBA174D20057CC542204DACA0321E
:10486000378615DBA6DE0C1058011FB0FB91F663EE
:1048700057087C61BD2244026FADCB2970F280BE27
:10488000DC20A64C96D6970082AE58C0814E18AA5E
:10489000C4ECAF3C09A43AB628B1CD2E420ACFF6FB
:1048A00096B4C00B3E022CD940BC68033C4863AEB2
:1048B000086CAF4A0036307676E103DE0FD49110F3
:1048C000AE0836BBE766800F1FF004C013E043EC70
:1048D0001A22A42202522358B10400FC479530EC5E
:1048E000A4C9D38CD0B2A4BAB6A867CC1DFD8C7075
:1048F0008DF80F36AD004BD8C854C7CD4B473D623D
:1049000000778B0DDB6C98B0E1331BA66CD877EA8F
:10491000D4A96F1E3F7E3CB3B0B030BBBABABA6CFC
:1049200043B46A02CBB08111AC605661074358C2F0
:1049300014B63086752A0E6AB0C1A81EB161CC8645
:10494000711B3EB5E10B1BF6DDBA75EBDBA5A5A52A
:10495000B7D5EDC5AD4604600533D85518C212A6CB
:10496000B08531AC1301DC25840C9D70D98165675D
:10497000C4AA3979FAF4E99F06060646ED76B475BD
:1049800010E8EFEF1F9A9A9AFAF2F9F3E7BF3D7A2F
:10499000F468C156D1099A58E780E43CA0D14FCCC5
:1049A000B4003C53E4631B00BEC54EA91FF7EEDD07
:1049B000FBB54D476B91C0ECECEC2F939393DFDB91
:1049C0006A6F6D7867C3BF36707EE0C4CCC97A95D4
:1049D000518F2180C4D06566724E181F1F9F4EF6FE
:1049E000887F5A265061A7355F5C93A5A7C23B59C3
:1049F00087702C015C119219313636F679CB2DC7B0
:104A00000A09810A3B561558BACBBD78A702089906
:104A10000A743E502595C7B835023E47F14DBD6832
:104A200009224385E4292040B4CE0868108BA938B8
:104A3000275EC924037363D26E59B243FCD31601B7
:104A400097A5CB18677D40C66A0A2A792A4F768ACD
:104A50007FDA22A0815C8F71CD398016B4635BADA3
:104A6000C54A4D09D4B06D34C2D951A1A9C75898CF
:104A700049401C6BE053B39100995EE30EDD2110B9
:104A800005E80EC7B6BDF0016143DAF1E3C7AB8EAE
:104A9000FBF6EDDB55DB1B6523CE80C04A4501A24A
:104AA000008109046E3ECE8028406002819B0F3653
:104AB000031E3E7C68EEDEBD1BB8FB2639068E2544
:104AC0009405B90CA5C3972F5F362B2BDC9D33E6DD
:104AD000C8912341FACF00B87AF5AAB1B710CDB981
:104AE00073E7CC8103070A3F0E3E1EF3752941F799
:104AF00081B915F9890D5B6DD8666F3CFF6AE3AE2D
:104B000099E02F2EAE3D2E63EF359B3367CE142EEA
:104B100082E02F2FF33489EDFCD0502E22F4F5F5EE
:104B20007D65DDFF6D03F786FFB1815B93FFD900E3
:104B300080E5C297A0F7EFDFA723DF1E800100A367
:104B4000B0C8E5C887CF71301B39B6A2AD70015827
:104B50006E18F18C7C599122D4831F6A16D2FFC241
:104B600005A0D16622DCBB778F5D72317C33DBB46C
:104B7000ECD04848F8B41F44001AAE27C2F6EDDB6B
:104B8000CD9E3D7B28CEC5F04D1BB2D0F0398E6056
:104B900002D0B82BC2CE9D3BCDC58B17CDEEDDBB71
:104BA00029CAC5F04D1BB45506F874B2F0ABA07A13
:104BB00064591A189D59F05FBE7C69EEDFBF6FB86B
:104BC000927AF6EC9979F5EA55E26EC78E1D66D7B2
:104BD000AE5DC965E4A1438712C0F5DA51DED3A703
:104BE0004FCDDCDC9C397CF8B0B2728BB3AE824A1C
:104BF000214056EF017DE3C60D73E7CE9DAAF5BBBC
:104C00005E3D46F6D1A347CD8913270CC284B60D6D
:104C10002FC083070FCCB56BD7CCBB775C3EAFDF23
:104C20004647478D7DA6D51C3C7870FD9572D833DC
:104C30004B80A0E780ACFECECCCC984B972EB50C29
:104C40001FBF08465D7C94D94A2B0023FFFAF5EB81
:104C5000551FDA5A05C9872B7CE0ABAC564A015880
:104C6000F35976F45D5127F0F0812F9DB03BF1951B
:104C700047DD520AC009B7D535BF191C7CE1B38C9A
:104C8000563A01B8D4E46AA7DB864F7C97CD4A2711
:104C900000D7F9EE5705DD02864F7C97CD4A2740B5
:104CA0009E3747F2F4DDAEB0B9DD90F19FDBF10F36
:104CB000B0D1733C7CC2CDCB9AF96EF7783B3DD630
:104CC000D2CD803CAF56F2F4DDAE10A513A0DD8E40
:104CD0006CD47AA51320CFEF6FF2F4DDEE00C8EDAF
:104CE0001CD0688DCF3A50BED57CF2E449D66E6DAB
:104CF00095E3BB91B57BBC8DFCAD37BF743320CF42
:104D00002713F2F4BD5EE0FE7EA51380EFF3F94AAF
:104D1000B9DB864F7C97CD4A270077ABF83EBFDBE7
:104D2000864F7C97CD4A270080B899C2F7F9DD32CB
:104D30007CE1B38C564A01B85AE1660A4FAC756AF9
:104D4000F8C05719AF80E85BE73DEC945083FADC7C
:104D5000C93A79F2644722001F1FA1EF8A35E86241
:104D6000929DDB6568B346D75B76ECD83133313141
:104D7000B1A16F4966F535DE94CF22D46179D63D75
:104D8000E15208101F4B29F0E9687F40E9594D9E18
:104D900058CBFBC12CDAE699A00B172E98D7AF5F42
:104DA00017F25476D60C087A12167C6E9670B70AF3
:104DB0003000CACB049FB668B3E8A7B2EBF52B98D6
:104DC000002E7C1D18A39227D6F2327CD386AC0C21
:104DD000220411A01E7C3DAB99E7E382F80EF9682E
:104DE000BC8477E3C20568069F8775F336F7816058
:104DF000B5157226142EC0C8C848D5872B8DFC2245
:104E0000E00B783D11F8D0C6B1156D412E43F57F0A
:104E1000623C34D5EEFF87F9F770DBF93E5FB311E2
:104E2000F879FD935ED65550904FC27C2F4F87F98D
:104E30009FAC2247BE3FBAD536233FD4BD82200265
:104E4000002254871B89E0E717B55DF839A0A88ECA
:104E50006D9476A20081958A024401021308DC7CDD
:104E60009C018105087615D469BFDBB9EEEFB4CD9E
:104E70003CEAC7199007D5167C46015A8095C7AE03
:104E80008D04D0DB7E92D76CE4D1700FF96CCAB27E
:104E90009E00117A7EA3A386AD0450811B935EFB16
:104EA00049ABFC0EA8173C57BDB4C776D8659C3CEF
:104EB00017549551D941F055D60BA0F2EAA3CB5225
:104EC0003CD3583380C6C9D4CEA84658FB3D2F9B4F
:104ED00088D63601188AA73F1B6A9E8C7345A0A20C
:104EE0002AB7DD7A8F57D4201647F14DB16806A84E
:104EF0004033800ABCE76AF1CD9B377FA57BC7446E
:104F00004B042AECF4CE305F0458A7334002B88A31
:104F100021C087172F5EFCD952AB71E79440851DE5
:104F20002F6E832502F822A4025049A31F1192D1AB
:104F30006FE30F57AE5CF9D9DEB46EEDB762F0D611
:104F4000E30633D8590CEE9BF3604B48463F88DCB0
:104F50007F45E1FEB0024B13E97EFB2EC4B7FBF7A1
:104F6000EF9FE7DD88F6DE29BF2D1A2D8300F0EDD7
:104F7000CFE4FC70F6ECD93FECAEFC462881A528C6
:104F8000F9AD501BA7422080A013633A2F68DBDCE9
:104F9000BC79739617534E4F4F6F1D1C1CFC6878DD
:104FA00078981F754DCB935AF1CF8A5DF3E7E6E70A
:104FB000E77F3F7FFEFC7715F8FC1029F099050488
:104FC0002D435AF2ABE00314F888C2B7A48C76DE06
:104FD0008348882F74B6103C134446B3C032C205D0
:104FE0009BD8855FF7640CE8743DAAA4E5D06E26D3
:104FF0004639793A2FE0947A0885605AAE6CB267E8
:10500000668598898D98C1489CB4E428F64FC0D431
:10501000AD79A7BC1C025386735700C0FBF0DDE5D9
:10502000C84DCBC7668A059F3E25106D2C469A0950
:1050300088401AF8CA7305B0D96BA61B32AE534A22
:105040007088B90D001D8782AF25CB05EEA6A9BFDC
:1050500059CDE5451A5E8A05DA8FB58F98263E5CF4
:10506000604A13FB414B8D961BC56E9DCD0ABB5903
:10507000BF128815F81240B16605DB7EC02779356E
:105080006BB60FD417C2DD567DD561BB174D70E9E5
:10509000BBD2F56295BB718D00146282AAD8CFABEA
:1050A000979F54ECC13FC948AEF45BE0D9F4F3FDDF
:1050B000BCA48A0B32C9F0FEF8E5FEB6B77B2A9C89
:1050C0009FBFD9B65DB8F5FAE697FBDB699DFF0196
:1050D000E6F919D74AC70D5C0000000049454E4467
:1050E000AE42608289504E470D0A1A0A0000000D38
:1050F00049484452000000600000006008060000BB
:1051000000E2987738000000017352474200AECEAB
:105110001CE90000099B494441547801ED9D5B6CFA
:10512000544518C7A7DB1BB752A3058A0442AB2519
:105130002605D33488112126C688D768A2BC11124F
:105140009F48782382C6C60483C60413130DD10476
:105150009F7C2086041F78A86850F186184550046B
:1051600034A481729142A12AB45C4ABB17BFFFE903
:10517000FE4FA6B367BBECE9B974BBF325DFCE7D68
:10518000CE99DF37F3CDEE9E73762BD4D8526114CF
:105190009B69A358152A37EB976A3A53E0C4CD723E
:1051A00033ED36CF078CF90CD18071848CEBF98804
:1051B00097A3E87011679A219830CED0E554E5C6E0
:1051C000462204AB87046E8668C13CA39BB24A02A8
:1051D0002AC1326E862610D6F79CC984AA8709E9AF
:1051E000818A7CC4598ECE112F472148024F0B046F
:1051F000C4115259A6876085B4F25A01044BE09558
:10520000520F7133D40D81BE20E5620807DEC890CD
:105210005DE0C803F4549E106514B73D0D40E80CE2
:10522000091CD0A1D5D910F5994703B18D14393295
:10523000D98DE0C293D1224EF0840F032445110E84
:105240008B8207E210DD08486768002420A8ACC301
:10525000077853D18686D08D20D965B7024CF800E7
:105260000F057828F820D40546708D08909CC10C55
:10527000690080AFC96AAD16471E5704DD12DB4ACC
:1052800051D9883EFB31C339E387244E054BB0A189
:10529000B08D9EE7CE7A180370A78BD68BCE169D65
:1052A0002FDA22BA64DDBA75CF9E3A75AAB3BFBFB2
:1052B000BF3B93C9A444AD8C2690021B30022B3017
:1052C000CBB20343B00453B00563B0768D036B20BB
:1052D00081593D45B44EB441749EE8BDA24B76EF72
:1052E000DEFD6A3299BC3EFA7836958F00588119F6
:1052F000D86519822598822D1883B56300DD852035
:10530000831B2E2AC0ED4C116B366FD8B0615B65E4
:1053100065E534495BB90D028944A2BAA5A5657952
:105320006F6FEF57870E1DEA9726DCA011720F7082
:10533000F601CE7E845816008F25325514C0A7CBB7
:10534000927AABA9A9E969895B2992407777F767D7
:10535000CDCDCDAF4BB3EBA237446F8A627FC0C6D1
:105360008CCD3A83590F8101680CBECD74F68486CA
:10537000868656A7867D299A40961D7D3EB93AAE0F
:1053800027CBDBF143E89806D08DE0AC88BABABAF7
:1053900005451FD936700864D9C1AB80A5EEEEC9AA
:1053A000DB350091B180FB011BB1DC86C5113039C2
:1053B00092AFDB0B5D103258883C2A0C60657C0490
:1053C0003889C9949C9D5E91890C881E22AE9739BC
:1053D00015EC8B2F023A4B9D313AAB0064484E419D
:1053E000368FE54E25FBE28B0027B217E39C3D008C
:1053F0004760455F47B38DC62490C336DF0C4745F1
:10540000EA983DDAC28204C831073E5AE63340C109
:105410005E6D856008580304C3D1772FD600BED1D6
:1054200005D3D01A20188EBE7BB106F08D2E98863B
:10543000D600C170F4DD8B35806F74C134B40608BA
:1054400086A3EF5E4ACA0027FB336ADF795C5052BD
:10545000EABD3F92EA993DB754DBAE41F553EF48C0
:105460009E6F0A3136C4F7D4135206E51E831F2EF1
:10547000A4D5E1CB6975E49FB43AFA6F5A0D0C6577
:10548000D4C2BA847A745EADFABD2FAD8E491E6463
:10549000D7C9947A684E49CD2597F9843240BF5CCC
:1054A000A8DBF7774A7D7E36A5BE13F88349F7F669
:1054B00019F784BD22A8FFE6B26A357D428DC6EB9E
:1054C0004C73F326C4291FFF2FA33E3C36ACF69E37
:1054D0004BABE1F4ED41D78772530CB5478CB0BAB2
:1054E000B9F42E5FC46A808397D2EA836349F56D6D
:1054F0000FEE691A9F7C2A6EC81AE036195E91FB7E
:10550000023A7E1E527BCE8C1F3C0FF98B18B36F74
:10551000506EBEC15D37252491AF80EFC5B76FFCDB
:1055200069485DBA51BCAB198BABDC24A5F65F486A
:10553000A9E79BC676430B77E0CE10FF727A0DEE9B
:10554000D8094E227DEBB0ED6852ADFDFA56E0F081
:105550008903EF9A4A4D2233C0477F26D5BB477057
:105560003F5278B2FF62702E2DBCB31CDD7324064F
:10557000D8D195526F1F0E173E86D52B6EADEB6AB4
:10558000B0AE6D34AEE053A1EF0100F2C6C1F0E160
:1055900013CDAFF2C1ADA53EFF3E10B40FE771FDD4
:1055A00086A1AF80CD023FE9E3BDBDDF01755D2D72
:1055B000AD7D20540374CADBCC0311FBE5AE2BA5F3
:1055C000E5824235C0C727A2DF14ED0AC8FA8ECBA8
:1055D000F2A1085FA4452D1765231E886ECB19F72D
:1055E000F0425B015F9E4BA9B47C388A437AAEC718
:1055F000735C3F630DCD00717E473F306C0DA0E0C2
:105600000AE292527241A17D0EB87C333E035C1BCC
:10561000630594CD77419707E334405C6BAFF8E3C3
:1056200086B607147F2AE5D9223403CC9AE279336F
:1056300070249467E0A9AC1291D0F68059532BD412
:10564000E9817828CCA8CE6FFCB2F92E68CEB4FCE4
:1056500010C236CBCC125A01A1B9A0076787D67504
:1056600041FB8DB5020A368EB842689456CDAF54D0
:105670001515F1AC82BBA7C7735C3FB60BCD00B369
:10568000E5D269DB5DD1836814D757675DD0C85C0C
:1056900058B328B43D3EEF646BA90F6D4EE53DE66F
:1056A000780A423DDB17E446A9F659A11E2267ECB1
:1056B0002D7744BFEA724EA2888CD0E96C79A0465F
:1056C0002522DC0B4A6D0584EE2316DF59A136B680
:1056D00055A9777E8BE64BFAA505565CD97C17A4B5
:1056E000AFC2F5AD556AFDE2F077467CF668A9B722
:1056F0002E4867EFC65F9155F0D27DE12EB89573C5
:10570000F3DF0DE19EC8048B84BE07E8E3DDBCB483
:105710005ABDBFA246D5D784334B57CE8D7438FAC5
:10572000D07CC7C39D921EA7F5DCC24AB54C3E256E
:10573000BF7C6038D03B26F0A1EFE1C6C22BA06C45
:10574000BE0BF260EF66CD155FFDC963356AFB23C2
:10575000B5AAAD2198590BA396DA9DD10012CCE8D9
:105760005DB4C54556CD4FA8DD4FD48A316AD50A00
:10577000F1DFE3F9EAE2C57B0ACFFEE2CE2E9ADA48
:1057800091BB20AF612D6F4CA8E58D35721D59A9D5
:10579000BDF288D217F2B40BEEF7BFDD3BEAA65696
:1057A00055A8A716580378B12D2AAF517E2873ED5E
:1057B000A24A47AFCA431CDF9C4FA9C3F230DE5157
:1057C0007948EF2F798C6930E57D99F349815F8ABB
:1057D000CF8701CE8458015E56AA971F7BC4C3169B
:1057E0007CE002EC4FC86D8767AF8D18E17ED93B36
:1057F0002EC985FFF372F7C5EA12753F1837DE0F21
:1058000062ED42F14909BF968B1F6C9D213A53B45A
:105810005E9E3CD92BA1159F04645F7B5C9A5E154C
:10582000C52FE85E13C50FB8DE12C55703A9583758
:10583000613981B2176B8098A78035803540CC04E0
:10584000623EBC5D01D600311388F9F0760558033D
:10585000C44C20E6C3E75B01F8B8498DF9144BFE50
:10586000F0E438F211DE188E97013C2B1AED6CD261
:105870001F811CB634000BF410F1E89FB2F337B06F
:1058800089DC0A0CC152678BF375D230805701F264
:10589000D81095ADF827A0B3CC61CD1580EE51C8D6
:1058A000CA800F8DFE415F39E8241330244F4E6AC1
:1058B0001A22E78A986E043464E349C624B2E17080
:1058C000129323F9BA27C015C002846CE4FC29E5C1
:1058D000C0C0C059B7B68D144520CB0E5F3B83A521
:1058E0006904B07657000D40F8A88C46437D7D7D55
:1058F000C751D14AF104B2ECF0C76D34806904D7C6
:1059000000E89DB31F467066BF84435BB76EDD9EA3
:105910004AA57011C14A1104C00CECA4090CC05571
:1059200000B65067F64BE85C094308C1D5312A5CE4
:1059300013E209F92FC4EBEDEDED3DF86F44FC47A0
:10594000A2E459294000F03B3B3BB76CDAB4E9A034
:1059500054C5D52F5E0173AE8249DA35042E451247
:105960003A4208F705A6D5CE9D3BBBF1C794ADAD35
:10597000AD33ABAAAA6A6A6B6B71B9D22D775AD9CB
:1059800097B4F8FC333D3D3D3F767474BC96852F4B
:105990003F59E2C0C72A80C20541E9F247C107501A
:1059A000C0875170B11EB31DFF8308B57FE82C106E
:1059B0000C2144CC6682C50C276C8498F94CD30D1D
:1059C0008DDA0700DAF547D9383B94A42328471E1F
:1059D000F705748A7630140C467725D1B2591564D0
:1059E0004636640646E404E0BA8E022F65689BF3EF
:1059F0009FF2EC50CA5C41E7BA0100DE84AFBB23E2
:105A00003DEE76328922848F213910252423AE047D
:105A1000180171188079BA01247B44785F90DE29DF
:105A20004AD021443F00A0A343C2A7CBD281EB714F
:105A3000B49FACA2F3421CBC1812B419B20E993A2E
:105A40007DE8C01847682A5D0DDD0D43BDCD648536
:105A50003DD6B81C8859F8340043AE0AA44D459F82
:105A6000C8CBF1D92650D3107A9AEDD906E9721431
:105A7000C2C5D819F70A59AE873906402184501992
:105A80009A795EF94EC3327C71667276DC048FA41B
:105A9000996FE6394D74904E86F162969B69A3BA70
:105AA0006B38337FB2A575B85E6333CBCDB4DBE61C
:105AB0007F62CE227090CBAB5B0000000049454E68
:105AC00044AE42608289504E470D0A1A0A00000017
:105AD0000D494844520000006000000060080600C4
:105AE0000000E2987738000000017352474200AE90
:105AF000CE1CE90000098C494441547801ED9D49D0
:105B00006854491CC62B8B93681277076454304E37
:105B1000148D51110FA2208A300743F0E2516F8299
:105B20005E4564880C08E35CBC290342BC781041E4
:105B300014412103328C37F7517121EE1826EEB84B
:105B40008EEB249A64FE5FD9DFA3BA7A7F76BDEE2E
:105B500097AE3F546AAFEAF7FB6A49BFADAB5476E4
:105B6000ABB2B2EDB895AD72E5DBE5E31A1FCEF14D
:105B7000C1ED7C3B1E54CF048CE9F4518161F80CDB
:105B80009BE90857A2997011669C3E98304C3FE003
:105B9000541B84BE0608D6F409DCF65183695633DB
:105BA000151505548265D8F66D202C9F762413AA0E
:105BB000E9574B0B74484798F9681CE14A34822432
:105BC000F0218180307C3AE6993E5821AED2CD005A
:105BD0008225F01A2987B0ED9B42A02D58A508A177
:105BE000E17D3DE40038D2007D30838F3C5A509FE8
:105BF00002103A7D020774B851091FE59946815891
:105C000047B2B48D7411027872B408133CE143803A
:105C10002FE2E07F16071E08C34C11101FA6008854
:105C2000C050D8840FF0B6431D0A618A20C91537C9
:105C3000036CF8000F07F070E003DF348810880869
:105C4000901CC1F42900C07F9770754618699C119B
:105C50005C965857B22AC6CCD18F11CE113F206125
:105C60003AB0041B1AEB9869C1A8871880DB206E34
:105C70009CB8EFC54D17D722AE6DD3A64D1DF7EFDB
:105C8000DFEF7EFBF66DEFF0F0F0A0386FC9040691
:105C9000C1068CC00ACC12ECC0102CC1146CC11807
:105CA000AC0371A0062218D5F5E29AC44D16F7830D
:105CB000B81FC5B51D3B76ECE72F5FBE7C48EECF25
:105CC000C73211002B3003BB0443B00453B005634B
:105CD000B0D602984B0812B8E1A200969D7A51B353
:105CE00079CB962DBFD7D4D48C91B8B73C085457F4
:105CF000578F6A696959F6ECD9B3BF2E5DBAF4566D
:105D0000AA708386CF3D40EF031CFDF0312D001EAD
:105D10005364B438006F9029F5DBCC9933DB25EC64
:105D2000AD4002BDBDBD7F343737FF22D53E88FB75
:105D300028EE9338EC0FD898B1590F63D4C32000E4
:105D4000C5E0BF997A4F983C7972AB2EE1FF144CB5
:105D500020C18E6B3EB9EAA527C15BAF43689802AC
:105D60009822E819D1D4D434A3E09E7D054D20C1FA
:105D70000EAB0A589ACB3D790702101933B81FB001
:105D800012F3BD5F18019B23F906AD70094202337F
:105D900091460701BC7D1B010E62322567DD2A1288
:105DA0009100337D84CD3C5DC0FF0945C0646932FC
:105DB000466355800C4BC948A4315F17F27F4211EE
:105DC000E0404EC738650F400F2C18AA375F292BCB
:105DD0008114B69946380AD2656DD167E624408EA3
:105DE00029F051339300395BF5058A43C00B501CF1
:105DF0008EA15BF1028446579C8A5E80E2700CDDC6
:105E00008A172034BAE254F402148763E856BC00BF
:105E1000A1D115A7A217A0381C43B7122B011E3D14
:105E20007AA42E5EBCA80FF6D0A1434AAED4A9F541
:105E3000EBD7ABEBD7AF870650EA8A384F5D963683
:105E40003030A0AE5CB9A26EDDBAA5EEDEBDABEE21
:105E5000DDBBA73E7EFCA8A64E9DAA962C59A26E3D
:105E6000DFBEADE46A9DFEEC274F9E546D6DB8FC1D
:105E70001A3F2B2B0100F8C2850BEAECD9B3EAF2EA
:105E8000E5CB0A22E46367CE9C519B376F56F5F54C
:105E9000B8DE1D2F2B0B01E4DAA93A72E4883A7FB1
:105EA000FEBC923B0A0A26D8DFDFAF4E9F3EAD56BE
:105EB000AF5E5D70DD525728A900376EDCD0E0314F
:105EC000DABFD5B00C7901F2A4F8FEFD7BB577EF0F
:105ED0005E3D6AF3AC92B318C47CF3E68D1A3F7E44
:105EE0007CCEB2E55420F219808D75F7EEDDEAF52F
:105EF000EBD745E5203749E94D7BE5CA9559DB5D90
:105F0000BB766DD6FC5C99C78F1FCF55A4A0FC480B
:105F1000FF0D3D7CF8B0DAB16347D1E1F388216E23
:105F2000DC2C3201E4563D75F0E041A77CAE5EBD4D
:105F3000EAB47D178D4722C0891327D4FEFDFB5D8F
:105F40007CFEA4365FBD7AA51E3C78909456EE1177
:105F5000E77B0080ECDBB72F320E376FDE54D3A720
:105F6000E386E4F456EC353C7D2FF9A73A9F015DBA
:105F70005D5D6A7010B7CE47637D7D7DD17454A49A
:105F80005E9C0A70EAD4A9C8CFD33C7CF8B04868BC
:105F9000A269C6A900DDDDDDD11C85D18B9F010979
:105FA00018F85284136951DBCB972FF549BBA8FB36
:105FB0000DDB9FB31980F33AF872540A7BFEFC792B
:105FC00029BA0DD5A733014A798E1E6755E362CEF3
:105FD00004C052502A8B9300CEBE0714FB5C4F21A5
:105FE000627EFA842781D25BC59C0BC2265C2A8B19
:105FF000D30C70B604950A7EDCFA75264029CFCB07
:106000008F19139F276A9DED0113264C504F9E3C1C
:1060100029C9801C3D1A4FD9A6B78A39173471E2B5
:10602000C4F40422486D68C01B01E261CE96A0F959
:10603000F3E7978C40B61950B20F95A16367022C15
:106040005DBA545555A57D2824C347295EF294298D
:10605000538AD798E3969C09803D40DE97E0F8E3A9
:10606000A7363F69D22415A74DD8990040B366CD15
:106070009A54428E5366CC88D783FD4E0558B56A34
:10608000959A33678E63E4C9CD4F9B362D39A1CCE9
:10609000634E05C0B1CBEB6E22DD0BE236039C7D77
:1060A0000FE0C09B356B96BE83F9C081034C72EA4A
:1060B000CF9D3B376BFB15732EC8A4B06EDD3A0540
:1060C000E7DAF0DD23DB0579D7FD8769DFF912C454
:1060D0000FB561C306D5D1D1C1A8137FD1A2454E5A
:1060E000DA75D9686402E020366EDCA8B66EDDAAE7
:1060F0005C7D538DA300CEF7007BF4AC58B142CD4C
:106100009B374FEDD9B3475DBB76CDCE0E1DC797FC
:10611000BE850B17E6AC5F31E782B291905779A943
:106120009D3B77AACECE4E357BF6EC6C45F3CE8305
:10613000A8A53C039BF707B50A463E03CCFE71BAFF
:10614000020E33E1E8D1A30AF77686BD901FC76738
:1061500003C0A2A402508C050B1628385C473E777A
:10616000EE9C763D3D3D79DF51575757A7962F5FFF
:10617000CEE662E59785002486F338EDEDEDDAE1B1
:10618000210E3C1179E7CE1DFD901E1E63FAFC190D
:106190006F7B4CB565CB96C5F2F9301C4959096047
:1061A000A26D6C6C5478D8820F5C0C0D0D29DCF557
:1061B000F6F4E9535D0C27FA70E11FF700C575F995
:1061C000C181E07C315E2A0787D72BE26DB9B89E8A
:1061D000D7286EACB871B226FF29BEB79004E4BFD1
:1061E000B39FA4EABFE2F006DDF7E270D352BF38F6
:1061F0004CE7C148BF074887DE2C025E000B48D43D
:10620000512F40D4C4ADFEBC001690A8A35E80A858
:10621000895BFD79012C205147BD005113B7FAF37A
:10622000025840A28E661280BFF6539A475CA2A61F
:10623000E0B6BFAC2CD309E0A1BB1324852D0560CB
:1062400086E9238C1F9CF1F66D04C0102C4DB668B6
:1062500051C72140BA0CA4B1220A7B0B4FC06499EC
:10626000C29A3300CD239385011F2EBA47DCA5B314
:10627000116A60489E1CD41422E5EDE9A608A8C85E
:10628000CA23948DF3C3E2202647F20D3AE60C6050
:10629000067C56C2CBDB3EBF7BF7AE2F28ED030555
:1062A0001148B0E36F86D922807530032800E1A33E
:1062B00030041878F1E2450F0A7A2B9C40821D5E6B
:1062C000FD0896606A8B100880D639FA21821EFD7F
:1062D000E20FECDAB5AB4BDE76129F279F71246597
:1062E00060600676F25120006701D8C2E9D12FBE66
:1062F000BE12061F66FED4069626C4ABE5B7103F55
:106300002C5EBCF8317E1B11BF918882DEB2130077
:106310007C7951C9AFDBB66DFB5B4AE2EA17AF800F
:10632000E9AB60120F84C0A54813BC448359817443
:106330006DF29AE05EFC30656B6BEBD8DADADAEF7F
:10634000E42E045CAE0CF213C52ADD1B9235FF9FD0
:10635000C78F1F9FDEBE7D7B6702FE7F0205F03187
:106360000BE0B80C71C94F82AF47BC148228B858F3
:106370008FD18EDF4184C3B56286E1238FD79239F6
:106380005B2A4D1042C46826588C70C2866FC2E7E3
:106390003294B40F0074B01E25C26C50A2DA908FF4
:1063A00034EE0B6814F52000E053000956CCAC2005
:1063B00033B2213330222700375D1278C943DD9490
:1063C000DF9467839217181A370530473EE19BA385
:1063D000DF0C078D8CA000E1E3903444F1C98833D1
:1063E0000122200C0198660A20C95F8DF705998D5E
:1063F00022070DC2CC0E001E0D72E473C932819BC0
:1064000061D41FA966F24218BCE813B4EDB30C992D
:10641000EA364C600CC3B71D971A8E78FA669D91C8
:106420000A3BDB71698809F814803E6705E2B643D0
:106430009B484B59B36DA0B610669CF55907F14ABD
:1064400034C2C5B1339CCE67BEE9A708804C18A101
:10645000D2B7D3D2A5EB8A15F8478FE4C471133CA9
:10646000A276BA9DA6AB98207582F5C7CEB7E35643
:10647000F140383B7DA4C54DB8E98ECDCEB7E341A0
:106480009DFF01B215349ABC3E466A0000000049E7
:10649000454E44AE4260827B0A20202276657273AC
:1064A000696F6E223A207B0A20202020226D616ACB
:1064B0006F72223A20312C0A20202020226D696E32
:1064C0006F72223A20300A20207D2C0A2020226D73
:1064D00061696E5F696E74657266616365223A20F8
:1064E0007B0A2020202022666C6F6174696E675FD2
:1064F00077696E646F77223A207B0A202020202063
:10650000202269735F656E61626C65223A20747245
:1065100075650A202020207D2C0A2020202022734F
:106520007065616B6572223A207B0A202020202052
:10653000202269735F656E61626C655F747473229B
:106540003A20747275652C0A2020202020202269B0
:10655000735F656E61626C655F766F696365223A31
:1065600020747275650A202020207D2C0A202020AE
:1065700020227769646765745F6C697374223A20BE
:106580005B0A2020202020207B0A202020202020A1
:106590002020227769646765745F696E646578227C
:1065A0003A20302C0A202020202020202022776929
:1065B000646765745F74797065223A20226275742D
:1065C000746F6E222C0A2020202020202020227789
:1065D00069646765745F6E616D65223A2022427559
:1065E00074746F6E222C0A2020202020202020226C
:1065F00069636F6E5F66696C655F736574223A20CC
:106600007B0A202020202020202020202269636F68
:106610006E5F66696C655F6E616D655F73656C6505
:1066200063746564223A202269636F6E5F627574D9
:10663000746F6E312E706E67222C0A20202020206D
:1066400020202020202269636F6E5F66696C655F81
:106650006E616D655F756E73656C656374656422EC
:106660003A202269636F6E5F627574746F6E312EAB
:10667000706E67220A20202020202020207D2C0AF6
:10668000202020202020202022637573746F6D69E4
:106690007A655F72635F627574746F6E735F636F48
:1066A0006E666967223A207B0A2020202020202065
:1066B0002020202269735F656E61626C65223A203A
:1066C000747275652C0A2020202020202020202094
:1066D000226D617070696E675F636F6E6669675F78
:1066E000646973706C61795F6F72646572223A20BD
:1066F000300A20202020202020207D0A2020202059
:1067000020207D2C0A2020202020207B0A202020F1
:106710002020202020227769646765745F696E6499
:106720006578223A20312C0A2020202020202020A9
:10673000227769646765745F74797065223A2022F4
:106740006C697374222C0A20202020202020202213
:106750007769646765745F6E616D65223A20224CCB
:10676000697374222C0A2020202020202020226CF3
:106770006973745F6974656D223A205B0A2020207A
:10678000202020202020207B0A20202020202020C4
:106790002020202020226974656D5F6E616D652266
:1067A0003A20224974656D5F31222C0A2020202076
:1067B00020202020202020202269636F6E5F6669E0
:1067C0006C655F736574223A207B0A2020202020AC
:1067D0002020202020202020202269636F6E5F6609
:1067E000696C655F6E616D655F73656C656374652B
:1067F00064223A202269636F6E5F6C6973745F690B
:1068000074656D312E706E67222C0A2020202020A6
:106810002020202020202020202269636F6E5F66C8
:10682000696C655F6E616D655F756E73656C6563E0
:10683000746564223A202269636F6E5F6C697374B9
:106840005F6974656D312E706E67220A20202020EA
:1068500020202020202020207D0A202020202020F1
:10686000202020207D2C0A202020202020202020D5
:10687000207B0A20202020202020202020202022D1
:106880006974656D5F6E616D65223A202249746599
:106890006D5F32222C0A2020202020202020202062
:1068A00020202269636F6E5F66696C655F73657433
:1068B000223A207B0A202020202020202020202077
:1068C0002020202269636F6E5F66696C655F6E6170
:1068D0006D655F73656C6563746564223A20226937
:1068E000636F6E5F6C6973745F6974656D322E706F
:1068F0006E67222C0A20202020202020202020200B
:106900002020202269636F6E5F66696C655F6E612F
:106910006D655F756E73656C6563746564223A209E
:106920002269636F6E5F6C6973745F6974656D3241
:106930002E706E67220A2020202020202020202078
:1069400020207D0A202020202020202020207D0AB9
:1069500020202020202020205D2C0A202020202004
:1069600020202022637573746F6D697A655F72638E
:106970005F627574746F6E735F636F6E66696722B2
:106980003A207B0A2020202020202020202022695D
:10699000735F656E61626C65223A20747275652C56
:1069A0000A20202020202020202020226D617070CD
:1069B000696E675F636F6E6669675F646973706C49
:1069C00061795F6F72646572223A20310A2020205B
:1069D00020202020207D0A2020202020207D2C0A1D
:1069E0002020202020207B0A202020202020202062
:1069F000227769646765745F696E646578223A20FE
:106A0000322C0A2020202020202020227769646751
:106A100065745F74797065223A20227377697463B4
:106A200068222C0A20202020202020202277696440
:106A30006765745F6E616D65223A202253776974D1
:106A40006368222C0A202020202020202022696335
:106A50006F6E5F66696C655F736574223A207B0AAE
:106A6000202020202020202020202269636F6E5FBC
:106A700066696C655F6E616D655F73656C65637497
:106A80006564223A202269636F6E5F73776974636D
:106A9000685F73656C6563742E706E67222C0A20C4
:106AA0002020202020202020202269636F6E5F6636
:106AB000696C655F6E616D655F756E73656C65634E
:106AC000746564223A202269636F6E5F737769741C
:106AD00063685F756E73656C6563742E706E672294
:106AE0000A20202020202020207D2C0A2020202069
:106AF0002020202022637573746F6D697A655F7240
:106B0000635F627574746F6E735F636F6E666967DF
:106B1000223A207B0A202020202020202020202212
:106B200069735F656E61626C65223A207472756587
:106B30002C0A20202020202020202020226D61707F
:106B400070696E675F636F6E6669675F64697370B3
:106B50006C61795F6F72646572223A20320A20207C
:106B60002020202020207D0A2020202020207D2C75
:106B70000A2020202020207B0A20202020202020E6
:106B800020227769646765745F696E646578223A6C
:106B900020332C0A20202020202020202277696406
:106BA0006765745F74797065223A20227363616C43
:106BB00065222C0A202020202020202022776964B2
:106BC0006765745F6E616D65223A20225363616C64
:106BD00065222C0A20202020202020202269636F9B
:106BE0006E5F66696C655F736574223A207B0A206C
:106BF0002020202020202020202269636F6E5F66E5
:106C0000696C655F6E616D655F73656C6563746506
:106C100064223A202269636F6E5F7363616C652E34
:106C2000706E67222C0A2020202020202020202087
:106C30002269636F6E5F66696C655F6E616D655F2B
:106C4000756E73656C6563746564223A20226963AE
:106C50006F6E5F7363616C652E706E67220A202011
:106C60002020202020207D2C0A20202020202020D1
:106C70002022637573746F6D697A655F72635F62FA
:106C80007574746F6E735F636F6E666967223A2006
:106C90007B0A202020202020202020202269735FD2
:106CA000656E61626C65223A20747275652C0A20EB
:106CB000202020202020202020226D617070696E0D
:106CC000675F636F6E6669675F646973706C617933
:106CD0005F6F72646572223A20332C0A20202020D4
:106CE00020202020202022627574746F6E5F7661F0
:106CF0006C75655F737465705F6C656E6774682230
:106D00003A20350A20202020202020207D0A202023
:106D1000202020207D0A202020205D0A20207D2C9C
:106D20000A202022636F6E6669675F696E74657200
:106D300066616365223A207B0A2020202022746548
:106D400078745F696E7075745F626F78223A207B29
:106D50000A202020202020227769646765745F6EF6
:106D6000616D65223A202254657874496E7075749D
:106D7000426F78222C0A20202020202022706C6173
:106D80006365686F6C6465725F74657874223A201D
:106D900022506C6561736520696E707574206D6535
:106DA0007373616765222C0A20202020202022692D
:106DB000735F656E61626C65223A20747275650A54
:106DC000202020207D2C0A20202020227769646743
:106DD00065745F6C697374223A205B0A202020205E
:106DE00020207B0A20202020202020202277696478
:106DF0006765745F696E646578223A20342C0A20D6
:106E000020202020202020227769646765745F7429
:106E1000797065223A2022627574746F6E222C0A92
:106E20002020202020202020227769646765745F5D
:106E30006E616D65223A2022427574746F6E203443
:106E4000222C0A2020202020202020226375737409
:106E50006F6D697A655F72635F627574746F6E736C
:106E60005F636F6E666967223A207B0A20202020CC
:106E70002020202020202269735F656E61626C658E
:106E8000223A20747275652C0A20202020202020B0
:106E9000202020226D617070696E675F636F6E667F
:106EA00069675F646973706C61795F6F7264657242
:106EB000223A20340A20202020202020207D0A2071
:106EC00020202020207D2C0A2020202020207B0A2A
:106ED0002020202020202020227769646765745FAD
:106EE000696E646578223A20352C0A202020202003
:106EF000202020227769646765745F747970652249
:106F00003A20227363616C65222C0A202020202005
:106F1000202020227769646765745F6E616D652249
:106F20003A20225363616C652035222C0A202020F0
:106F3000202020202022637573746F6D697A655F4D
:106F400072635F627574746F6E735F636F6E666990
:106F500067223A207B0A2020202020202020202089
:106F60002269735F656E61626C65223A2074727586
:106F7000652C0A20202020202020202020226D6146
:106F80007070696E675F636F6E6669675F6469736F
:106F9000706C61795F6F72646572223A20352C0AD9
:106FA0002020202020202020202022627574746F51
:106FB0006E5F76616C75655F737465705F6C656E2E
:106FC000677468223A20350A2020202020202020C3
:106FD0007D0A2020202020207D2C0A202020202017
:106FE000207B0A202020202020202022776964672F
:106FF00065745F696E646578223A20362C0A202019
:10700000202020202020227769646765745F7479CE
:107010007065223A2022696E745F696E7075745FC4
:10702000626F78222C0A2020202020202020227726
:1070300069646765745F6E616D65223A2022496EEE
:10704000746567657220496E70757420426F782090
:1070500036222C0A202020202020202022696E7435
:107060005F696E7075745F626F785F68696E7422B5
:107070003A2022756E69743A73220A20202020205B
:10708000207D2C0A2020202020207B0A2020202068
:1070900020202020227769646765745F696E6465CB
:1070A00078223A20372C0A2020202020202020225D
:1070B0007769646765745F74797065223A2022731A
:1070C0007769746368222C0A202020202020202049
:1070D000227769646765745F6E616D65223A20226C
:1070E0005377697463682037222C0A2020202020DF
:1070F00020202022637573746F6D697A655F7263F7
:107100005F627574746F6E735F636F6E666967221A
:107110003A207B0A202020202020202020202269C5
:10712000735F656E61626C65223A20747275652CBE
:107130000A20202020202020202020226D61707035
:10714000696E675F636F6E6669675F646973706CB1
:1071500061795F6F72646572223A20370A202020BD
:1071600020202020207D0A2020202020207D2C0A85
:107170002020202020207B0A2020202020202020CA
:10718000227769646765745F696E646578223A2066
:10719000382C0A20202020202020202277696467B4
:1071A00065745F74797065223A20226C6973742269
:1071B0002C0A202020202020202022776964676567
:1071C000745F6E616D65223A20224C6973742038B9
:1071D000222C0A2020202020202020226C69737479
:1071E0005F6974656D223A205B0A202020202020F0
:1071F000202020207B0A202020202020202020204A
:107200002020226974656D5F6E616D65223A2022CF
:107210004974656D2031220A202020202020202062
:1072200020207D2C0A202020202020202020207BB0
:107230000A202020202020202020202020226974C5
:10724000656D5F6E616D65223A20224974656D201F
:1072500032220A202020202020202020207D2C0ADD
:10726000202020202020202020207B0A20202020D9
:107270002020202020202020226974656D5F6E610F
:107280006D65223A20224974656D2033220A202040
:1072900020202020202020207D2C0A20202020209B
:1072A00020202020207B0A20202020202020202099
:1072B000202020226974656D5F6E616D65223A2021
:1072C000224974656D2034220A20202020202020AD
:1072D0002020207D0A20202020202020205D2C0A34
:1072E000202020202020202022637573746F6D6978
:1072F0007A655F72635F627574746F6E735F636FDC
:107300006E666967223A207B0A20202020202020F8
:107310002020202269735F656E61626C65223A20CD
:10732000747275652C0A2020202020202020202027
:10733000226D617070696E675F636F6E6669675F0B
:10734000646973706C61795F6F72646572223A2050
:10735000380A20202020202020207D0A20202020E4
:1073600020207D0A202020205D0A20207D0A7D0A21
:1073700000000000000000000102030406070809E5
:107380000000000001020304200040008000000013
:107390000200000014170408F1B802080000000001
:1073A00000000000000200000000010100000101D7
:1073B0000202030300000000B41504082C000000C2
:1073C000001904082D000000101904082E00000008
:1073D000201904083C000000141A04085900000099
:1073E000341A040843000000901804084400000008
:1073F000441A04084D000000901A04084F000000D1
:10740000B41A04085B000000D81904085D000000ED
:10741000F01904084E0000009C18040863000000E6
:10742000501A0408DE030000081A04086400000073
:10743000FC190408E8030000E419040867000000D0
:10744000241A040800000000B4150408010000001C
:10745000C018040802000000EC1804080300000033
:107460005819040804000000441B0408050000002B
:10747000301B040806000000A818040807000000DC
:10748000D41804080800000040190408090000008E
:10749000781904080A000000901904080B00000085
:1074A000A81904080C000000C0190408000000001E
:1074B000B41504080100000034190408020000009B
:1074C000541B040803000000741A040804000000A0
:1074D0006C190408050000005C1A0408FF00000095
:1074E000B415040800000000AC1A040801000000F4
:1074F000881A0408020000007C1A04080300000037
:10750000A41A0408FF000000B415040800000000DD
:10751000D41A040801000000C41A0408446A69412E
:1075200069726372616674496E666F5F496E6974F1
:10753000000000000200003C3C000000FFFF00FFD4
:10754000AD510008446A69416972637261667449A9
:107550006E666F5F4465496E697400000200003C0E
:107560003C000000FFFF00FFAD510008446A694184
:1075700069726372616674496E666F5F47657442D3
:10758000617365496E666F005F446A694169726341
:1075900072616674496E666F5F47657442617365B8
:1075A000496E666F00446A6941697263726166740C
:1075B000496E666F5F4765744D6F62696C654170B7
:1075C00070496E666F005F446A69416972637261F7
:1075D0006674496E666F5F4765744D6F62696C656E
:1075E000417070496E666F00446A694169726372E6
:1075F000616674496E666F5F476574436F6E6E6552
:107600006374696F6E537461747573005F446A6963
:107610004169726372616674496E666F5F47657433
:10762000436F6E6E656374696F6E537461747573C6
:1076300000446A694169726372616674496E666F7B
:107640005F476574416972637261667456657273EF
:10765000696F6E005F446A69416972637261667442
:10766000496E666F5F4765744169726372616674E3
:1076700056657273696F6E00446A6941697263721C
:10768000616674496E666F5F47657444726F6E65BC
:1076900053657269657300446A6941697263726116
:1076A0006674496E666F5F476574416972637261A3
:1076B000667454797065427943616D65726156658F
:1076C0007273696F6E00446A6941697263726166C0
:1076D00074496E666F5F4765744169726372616673
:1076E000745479706500446A6941697263726166B5
:1076F00074496E666F5F4E6F746966794D6F62692B
:107700006C65417070496E666F48616E646C6500AF
:10771000446A694169726372616674496E666F5F3B
:107720004765744164617074657253657269616C18
:107730004E756D62657200446A6941697263726177
:107740006674496E666F5F436865636B4169726317
:1077500072616674436F6E6E6563745374617475A1
:10776000734173796E6300446A694169726372613F
:107770006674496E666F5F576F726B00446A694149
:1077800070706C69636174696F6E5265616479537E
:10779000746174655F496E69740000000200003C0A
:1077A00043000000FFFF00FFF55600080200003C08
:1077B00050000000FFFF00FF0D560008020000000F
:1077C00001000000FFFF00FF39590008020100001E
:1077D00001000000FFFF00FF39590008020000000F
:1077E00051000000FFFF00FF4D580008020100009B
:1077F00051000000FFFF00FF4D580008446A694136
:1078000070706C69636174696F6E526561647953FD
:10781000746174655F4465496E6974000200003CE0
:1078200043000000FFFF00FFF55600080200003C87
:1078300050000000FFFF00FF0D560008020000008E
:1078400001000000FFFF00FF39590008020100009D
:1078500001000000FFFF00FF3959000802CA0000C4
:1078600051000000FFFF00FF4D580008020100001A
:1078700051000000FFFF00FF4D580008446A6941B5
:1078800070706C69636174696F6E5265616479537D
:10789000746174655F47657400446A694170706C17
:1078A00069636174696F6E52656164795374617460
:1078B000655F53657400446A69436F72655F536521
:1078C000744669726D7761726556657273696F6E21
:1078D00000446A69436F72655F53657453657269EA
:1078E000616C4E756D62657200446A694170706CBE
:1078F00069636174696F6E52656164795374617410
:10790000655F4765745061796C6F616453646B5255
:1079100065616479537461746548616E646C650077
:10792000446A694170706C69636174696F6E526515
:1079300061647953746174655F4765745061796CF3
:107940006F61644361706162696C697479536574D5
:1079500048616E646C6500446A694170706C69636B
:107960006174696F6E526561647953746174655FA7
:1079700047657456657273696F6E48616E646C65B5
:10798000000000005053444B20332E7800000000CC
:1079900000000000446A694170706C696361746939
:1079A0006F6E526561647953746174655F47657485
:1079B00053657269616C4E756D62657200446A69E7
:1079C000436F72655F496E697400446A69436F7200
:1079D000655F4170706C69636174696F6E53746147
:1079E000727400446A69436F72655F4465496E69E9
:1079F0007400446A69466353756273637269707494
:107A0000696F6E5F496E6E6572496E697400446A93
:107A1000694663537562736372697074696F6E5FF0
:107A2000496E6E65724465496E697400446A6946C0
:107A300063537562736372697074696F6E5F5375B7
:107A400062736372696265546F70696300446A6946
:107A50004663537562736372697074696F6E5F55C4
:107A60006E537562736372696265546F7069630007
:107A7000446A694663537562736372697074696FAF
:107A80006E5F4765744C617465737456616C75659F
:107A90004F66546F70696300446A69506C61746624
:107AA0006F726D5F52656748616C556172744861B1
:107AB0006E646C657200446A69506C6174666F72C2
:107AC0006D5F52656748616C55736242756C6B48B7
:107AD000616E646C657200446A69506C6174666FB3
:107AE000726D5F52656748616C4E6574776F726B3B
:107AF00048616E646C657200446A69506C617466BA
:107B00006F726D5F52656748616C49326348616EA0
:107B1000646C657200446A69506C6174666F726D62
:107B20005F47657448616C55736242756C6B486160
:107B30006E646C657200446A69506C6174666F7241
:107B40006D5F47657448616C4E6574776F726B4802
:107B5000616E646C657200446A69506C6174666F32
:107B6000726D5F47657448616C49326348616E6449
:107B70006C6572002C000000000010002D00000059
:107B8000000008002E000000000008003C0000007B
:107B90000000080059000000000008004300000039
:107BA0000000080044000000000008004D00000034
:107BB000000008004F000000000008005B0000000B
:107BC000000008005D0000000000080063000000E5
:107BD00000000800DE030000000008006400000050
:107BE00000000800E8030000000008006700000033
:107BF00000000800446A69486967685370656564F5
:107C0000446174614368616E6E656C5F496E69744E
:107C1000000000000200000903000000FFFF00FF59
:107C2000998E01080201000903000000FFFF00FF18
:107C3000998E01080200003C27000000FFFF00FFB2
:107C4000D99401080201003C27000000FFFF00FF5B
:107C5000D99401080200003C44000000FFFF00FF2F
:107C600069910108446A6948696768537065656489
:107C7000446174614368616E6E656C5F4465496E12
:107C8000697400000200000903000000FFFF00FF0C
:107C9000998E01080201000903000000FFFF00FFA8
:107CA000998E01080200003C27000000FFFF00FF42
:107CB000D99401080201003C27000000FFFF00FFEB
:107CC000D99401080200003C44000000FFFF00FFBF
:107CD00069910108446A6948696768537065656419
:107CE000446174614368616E6E656C5F5365744294
:107CF000616E64776964746850726F706F727469D2
:107D00006F6E00446A6948696768537065656444CA
:107D10006174614368616E6E656C5F476574446150
:107D2000746153747265616D52656D6F7465416401
:107D3000647265737300446A694869676853706563
:107D40006564446174614368616E6E656C5F536520
:107D50006E644461746153747265616D44617461F1
:107D600000446A6948696768537065656444617472
:107D7000614368616E6E656C5F47657444617461F0
:107D800053747265616D537461746500446A694827
:107D90006967685370656564446174614368616EC6
:107DA0006E656C5F476574566964656F5374726580
:107DB000616D537461746500446A6948696768530A
:107DC00070656564446174614368616E6E656C5F83
:107DD00053656E64566964656F53747265616D4472
:107DE00061746100446A69486967685370656564D5
:107DF000446174614368616E6E656C5F476574537E
:107E0000746174696342616E6477696474684C6913
:107E10006D697400446A6948696768537065656490
:107E2000446174614368616E6E656C5F476574445C
:107E30006F776E6C6F616453747265616D537461BA
:107E4000746500446A69486967685370656564448D
:107E50006174614368616E6E656C5F5075736842F2
:107E600061736542616E64496E666F48616E646CF1
:107E70006500446A69486967685370656564446170
:107E800074614368616E6E656C5F507573684869B4
:107E9000676873706565644368616E6E656C526592
:107EA000616C74696D6542616E6477696474684879
:107EB000616E646C6500446A6948696768537065FF
:107EC0006564446174614368616E6E656C5F507592
:107ED00073684869676873706565644368616E6E4E
:107EE000656C417661696C61626C6542616E647754
:107EF0006964746848616E646C6500446A694869C5
:107F000067685370656564446174614368616E6E4F
:107F1000656C5F5075736853747265616D537461FD
:107F2000747573546F4D73646B00446A6948696774
:107F3000685370656564446174614368616E6E6521
:107F40006C5F436F6E74726F6C4E6574776F726B9B
:107F5000446174615472616E736D697373696F6E9D
:107F600000446A6948696768537065656444617470
:107F7000614368616E6E656C5F55706461746552D3
:107F800065616C74696D654368616E6E656C4261B4
:107F90006E64776964746856616C756500446A69DB
:107FA00048696768537065656444617461436861DA
:107FB0006E6E656C5F5461736B00446A69486967F3
:107FC000685370656564446174614368616E6E6591
:107FD0006C5F47657453746174696342616E647762
:107FE000696474684C696D6974427941697263723D
:107FF0006166745479706500446A694C6F6767659F
:10800000725F416464436F6E736F6C6500446A69AC
:108010004C6F676765725F52656D6F7665436F6E13
:10802000736F6C6500446A694C6F676765725F5572
:108030007365724C6F674F757470757400446A692C
:10804000506C6174666F726D5F5265674F73616CDF
:1080500048616E646C657200446A69506C61746654
:108060006F726D5F52656746696C655379737465AD
:108070006D48616E646C657200446A69506C61742D
:10808000666F726D5F526567536F636B65744861AD
:108090006E646C657200446A69506C6174666F72DC
:1080A0006D5F4765744F73616C48616E646C657297
:1080B00000446A69506C6174666F726D5F476574E5
:1080C00046696C6553797374656D48616E646C655F
:1080D0007200446A69506C6174666F726D5F4765C7
:1080E00074536F636B657448616E646C65720000F5
:1080F000446A6950726F64756374496E666F5F4954
:108100006E6974000200003C36000000FFFF00FFB3
:10811000D10B0208446A6950726F64756374496ECA
:10812000666F5F4465496E69740000000200003CA0
:1081300036000000FFFF00FFD10B0208446A6943CC
:108140006F72655F536574416C69617300446A695D
:1081500050726F64756374496E666F5F47657450E3
:1081600061796C6F6164496E666F48616E646C65BD
:1081700000446A6954696D6553796E635F496E693D
:108180007400446A6954696D6553796E635F496E22
:108190007465726E616C46756E6374696F6E734957
:1081A0006E697400446A6954696D6553796E635FE2
:1081B000496E7465726E616C46756E6374696F6E3C
:1081C000734465496E697400446A695769646765F8
:1081D000745F496E697400000200003C1A000000E0
:1081E000FFFF00FF116E02080200003C3300000098
:1081F000FFFF00FF69690208446A6957696467659F
:10820000745F52656744656661756C745569436F48
:108210006E66696742794469725061746800446AA5
:10822000695769646765745F5265675569436F6E26
:1082300066696742794469725061746800446A698A
:108240005769646765745F52656744656661756CFC
:10825000745569436F6E666967427942696E6172EF
:1082600079417272617900446A695769646765741B
:108270005F5265675569436F6E6669674279426907
:108280006E617279417272617900446A69576964FA
:108290006765745F4765745569436F6E6669674CBF
:1082A00069737400446A695769646765745F4765F8
:1082B0007444656661756C745569436F6E66696771
:1082C00000446A695769646765745F52656748610D
:1082D0006E646C65724C69737400446A69576964B2
:1082E000676574466C6F6174696E6757696E646F19
:1082F000775F53686F774D65737361676500446A94
:1083000069576964676574466C6F6174696E675715
:10831000696E646F775F4765744368616E6E656C04
:10832000537461746500446A695769646765745F72
:1083300053657457696467657456616C7565486107
:108340006E646C6500446A695769646765745F535D
:1083500065744D617070696E6757696467657448CC
:10836000616E646C6500446A695769646765745F2F
:10837000576F726B00446A695769646765745F5030
:1083800075736857696467657453746174650044F4
:108390006A695769646765745F5075736857696483
:1083A00067657453746174655061636B65740044F0
:1083B0006A69576964676574466C6F6174696E6752
:1083C00057696E646F775F53656E6444617461547E
:1083D0006F466C6F617457696E646F775769746824
:1083E0006F7574466C6F77436F6E74726F6C004478
:1083F0006A695769646765745F536574526342754F
:1084000074746F6E4D617070696E6756616C7565DE
:1084100000446A695769646765745F4973576964A2
:1084200067657450726F70657274794C69737445C6
:108430007175616C00446A695769646765745F505F
:10844000726F636573735569436F6E6669674A73CC
:108450006F6E46696C654279446972506174680058
:10846000446A695769646765745F437265617465DE
:1084700057696467657450726F70657274794C697E
:10848000737442794469725061746800446A695730
:1084900069646765745F50726F6365737355694390
:1084A0006F6E6669674A736F6E46696C65427942A2
:1084B000696E617279417272617900446A695769C3
:1084C000646765745F437265617465576964676565
:1084D0007450726F70657274794C6973744279422A
:1084E000696E617279417272617900003139322EA0
:1084F0003136382E3132302E32000000419C313975
:10850000322E3136382E3131302E31000000419C70
:108510003139322E3136382E3133302E32000000D0
:10852000429C3139322E3136382E3131312E3100E4
:108530000000429C3139322E3136382E3134302E03
:1085400032000000439C3139322E3136382E313121
:10855000322E31000000439C3139322E3136382E14
:108560003135302E32000000449C3139322E313604
:10857000382E3131332E31000000449C3139322EF7
:108580003136382E3136302E32000000459C3139DC
:10859000322E3136382E3131342E31000000459CD8
:1085A0003139322E3136382E3137302E320000003C
:1085B000469C3139322E3136382E3131352E31004C
:1085C0000000469C3139322E3136382E3138302E6B
:1085D00032000000479C3139322E3136382E31318D
:1085E000362E31000000479C026528000100000083
:1085F00007000000EC84030802652700010000006A
:1086000007000000EC84030800C20100008403009E
:108610000008070000100E0040420F00000000009C
:10862000B4150408010000002C2B0408020000000F
:10863000DC2A040805000000182B040803000000D1
:10864000042B040804000000442B0408060000006A
:10865000642B040807000000382904080800000003
:10866000542B040809000000782B04080A000000BD
:10867000F02A0408000101010201030104000600C0
:1086800005000700080009000A00000000000000C3
:10869000B415040801000000D429040802000000F9
:1086A000042A040803000000E8290408040000006C
:1086B000BC29040801000000882B04080300000006
:1086C0004C29040802000000882904080400000066
:1086D000A4290408050000006C2904080201010116
:1086E000000000020201000100000501010100007C
:1086F0000005020101010000030201010100000464
:108700000201010100000602010001000006030150
:108710000000000007030100000000080201010141
:10872000000008030100000000090201010100002F
:10873000090301000000000A0401000001010A0110
:108740000101010000446A69416363657373416418
:1087500061707465725F496E697400446A6941634F
:1087600063657373416461707465725F4465496EDB
:10877000697400446A69416363657373416461703D
:108780007465725F4964656E746966795561727467
:1087900030496E666F416E644169726372616674DE
:1087A00053657269657300446A69416363657373F5
:1087B000416461707465725F4964656E746966795D
:1087C00041697263726166745365726965730044CE
:1087D0006A69416363657373416461707465725F54
:1087E000536574426175645261746500446A6941FD
:1087F0006363657373416461707465725F5365741C
:10880000436F6D6D506172616D00446A69416363CD
:10881000657373416461707465725F436865636B0F
:108820005573657255617274426175645261746505
:10883000416E644169726372616674536572696501
:108840007300446A69416363657373416461707462
:1088500065725F4765744C696E6B436170616269F4
:108860006C69747900446A69416363657373416438
:1088700061707465725F48616E647368616B65579F
:108880006974684D33000000446A6941697263721B
:10889000616674436F6E6E656374696F6E5F436883
:1088A00065636B457874656E73696F6E506F727433
:1088B000436F6E6E6563745374617475734279535C
:1088C000646B50726F746F636F6C00446A694169C6
:1088D000726372616674436F6E6E656374696F6E06
:1088E0005F436865636B5061796C6F6164506F7250
:1088F00074436F6E6E656374537461747573004472
:108900006A694169726372616674436F6E6E656312
:1089100074696F6E5F436865636B457874656E73E9
:10892000696F6E506F7274436F6E6E6563745374CB
:10893000617475734279563150726F746F636F6CE6
:1089400000446A694169726372616674436F6E6E56
:10895000656374696F6E5F526567697374657246AB
:1089600043415048656172744265617443616C6C47
:108970006261636B0000000002000049000000001B
:10898000FFFF00FFA13F00080200030001000000FC
:10899000FFFFFFFFA93F0008020091000100000057
:1089A000FFFFFFFFA93F00080200020001000000D6
:1089B000FFFFFFFFA93F0008020092000000000037
:1089C000FFFFFFFFA13F0008446A694169726372BB
:1089D000616674436F6E6E656374696F6E5F416E3E
:1089E000746952656769737465724643415048659E
:1089F0006172744265617443616C6C6261636B00A7
:108A00000200004900000000FFFF00FFA13F000836
:108A10000200030001000000FFFFFFFFA93F000864
:108A20000200910001000000FFFFFFFFA93F0008C6
:108A30000200020001000000FFFFFFFFA93F000845
:108A40000200920000000000FFFFFFFFA13F0008AE
:108A5000446A694169726372616674496E666F5FE8
:108A6000436865636B50696E6753746174757341D5
:108A700073796E6343616C6C6261636B00446A6915
:108A80004169726372616674496E666F5F436865BF
:108A9000636B4F53444B4865617274426561745314
:108AA00074617475734173796E6343616C6C626158
:108AB000636B00446A694169726372616674436FF3
:108AC0006E6E656374696F6E5F5265636569766526
:108AD000464347657456657273696F6E48616E648C
:108AE0006C6500005053444B20332E78000000008A
:108AF00000000000010100E5650000008D32020861
:108B0000D9B70108593E0008E40500000102000A37
:108B1000030000008132020831B70108C13B0008A0
:108B200000030000020100E5650000008D3202082C
:108B3000D9B70108593E000805344800020200CAAE
:108B4000030000008132020831B70108C13B000870
:108B500000034800030200CAC3000000813202087B
:108B600031B70108113D000800B24800040200CAF4
:108B7000C30000008132020831B70108113D00082E
:108B800000924800060200CAC300000081320208B9
:108B900031B70108113D000800924800060300EAC1
:108BA000C30000008132020831B70108113D0008FE
:108BB00000924800080200CAC30000008132020887
:108BC00031B70108113D000800924800080300EA8F
:108BD000C30000008132020831B70108113D0008CE
:108BE00000924800090200CAC30000008132020856
:108BF00031B70108113D000800924800090300EA5E
:108C0000C30000008132020831B70108113D00089D
:108C100000924800050100E5650000008D32020861
:108C2000D9B70108593E000805344800050200CABA
:108C3000030000008132020831B70108113D00082D
:108C400000034800070300EAC30000008132020865
:108C500031B70108113D0008009248000A040013D2
:108C600034000000F12F0208BDB60108113D0008D4
:108C7000003448000A010013340000008D3202085D
:108C8000BDB60108593E000805344800446A6941F0
:108C900069726372616674496E666F506172616D6C
:108CA000436F6E6669675F47657400504D343230BC
:108CB00000504D34333000400000002DC1145E5B85
:108CC000C99F68CCD57C080EEFB5E60151423B4503
:108CD000C0973A891957B33354EAC1C8F34D5BE9D9
:108CE00037800E73EDF82CA6525D3D9EE1D745F816
:108CF0004246312FBD7CB3CA08C3CDCB143693FE98
:108D000075BBA435DB83C472C680F336CEA9C3F02D
:108D100023A11D6DCB073A750C7880FD3B183F945D
:108D2000CB47467EBBC5CA83F511D9B59C9683F661
:108D30007D06C98941639ED66305A58E2DA0E5FFFA
:108D400016232AE0972883A3F81AE3D9E9BD081768
:108D50000DFF5870BE75CBDA02802780D444F2E74D
:108D6000097945BC0DDF73A0F738875524D1AB8650
:108D70004939A57166ECD485A5A75817EE619029ED
:108D8000C12CE38513FE5533723C5484454FC41DFA
:108D900072F4ACAA89301A45C1005D8671C7E3ED53
:108DA0000479ADDC9ED3339BF58D6008536111F4DB
:108DB0005C9672647951E9B1574A7862784AD9D59C
:108DC0004B5F67E549E5A0FED4BFDDF039E3B7119D
:108DD00001EE073659E1D2B445E787F07724A4A520
:108DE0001C890360EC861CCE806D8D90F5B7EA552A
:108DF000F92A3FD4FDFD8B3401BFFBD2F733D7C72F
:108E0000EC7E548D13726EB8C3A8F754B011A3F85A
:108E10008A3ADA39023166FACE92F6003C7C90A3A7
:108E2000D348C41D7ADEE100B77C142CA367659596
:108E30008F40523D8C751F65A1FEE8C5E092814FC1
:108E400076A564C01F3F2B66A95DA77573EED92C6C
:108E50004D74CDB33D9CB61A9897F2D3DC44476469
:108E60004D346D88312213DD9073F6B98C2C49F1A5
:108E70008786033A791DF0B8B15CD05961D281A5DB
:108E8000E7F1A5A89A934B0ECF761BEB76382673A5
:108E9000A59A36DBB879BC6A8F6E4F5A4D3F7F88F2
:108EA00073B086A8760948C1724C1D308DBF2EE381
:108EB0002C1BC8FC9DAA53841225EE1F646C4F0125
:108EC000000100446A69417574685F536861323516
:108ED000365273615665726966790000446A694268
:108EE0006174746572795F496E69740002000003F1
:108EF00051000000FFFF00FFF5750008446A694259
:108F00006174746572795F4465496E69740000002C
:108F10000200000351000000FFFF00FFF57500088C
:108F2000446A69426174746572795F47657442612D
:108F3000747465727957686F6C65496E666F00442A
:108F40006A69426174746572795F47657453696ECA
:108F5000676C654261747465727944796E616D699C
:108F600063496E666F00446A694261747465727920
:108F70005F57686F6C65496E666F50757368696E90
:108F80006748616E646C6500446A69436F6D6D612A
:108F90006E645F496E697400446A69436F6D6D6108
:108FA0006E645F4465496E697400446A69436F6D1D
:108FB0006D616E645F557064617465436F6E666960
:108FC0006700446A69436F6D6D616E645F53656EDF
:108FD0006400446A69436F6D6D616E645F53656ED2
:108FE0006441636B4461746100446A69436F6D6DF1
:108FF000616E645F53656E644173796E6300446AA9
:1090000069436F6D6D616E645F53656E6453796E15
:109010006300446A69436F6D6D616E645F5265679A
:1090200052656376436D6448616E646C657200449A
:109030006A69436F6D6D616E645F416E74695265FC
:109040006752656376436D6448616E646C65720057
:10905000446A69436F6D6D616E645F476574536503
:10906000714E756D00446A69436F6D6D616E645F2A
:109070004465616C436D6400446A69436F6D6D6162
:109080006E645F53656E644173796E6348616E64AC
:109090006C6500446A69436F6D6D616E645F536512
:1090A0006E6453796E6343616C6C6261636B004400
:1090B0006A69436F6D6D616E645F52656376576F69
:1090C000726B00010100E5000000000000000102D9
:1090D00000CA0103022A030000020100E5000000AB
:1090E00000000000020200CA0102022A0000000380
:1090F0000200CA0104022A036600040200CA010435
:10910000022A032F00060200CA0105022A032F6665
:10911000060300EA010402032F6600080200CA01E8
:1091200004022A032F00080300EA010302032F00B0
:1091300000090200CA0104022A032F00090300EA01
:10914000010302032F0000050100E50000000000FC
:109150000000050200CA0103022A03000007030001
:10916000EA010202030000000A0400650104022A69
:109170000327000A0100E50104022A032700446ACC
:1091800069436F7265506172616D436F6E666967A6
:109190005F47657400446A6944617461427572692D
:1091A0006564506F696E745F496E697400446A69E2
:1091B00044617461537562736372697074696F6E30
:1091C0005F496E697400446A6944617461537562F1
:1091D000736372697074696F6E5F4465496E697418
:1091E00000446A69446174615375627363726970A3
:1091F00074696F6E5F5075626C697368546F7069E3
:109200006300446A6944617461537562736372698F
:109210007074696F6E5F53756273637269626554CF
:109220006F70696300446A69446174615375627365
:109230006372697074696F6E5F556E737562736384
:1092400072696265546F70696300446A694461744D
:1092500061537562736372697074696F6E5F47659D
:10926000744C61737456616C75654F66546F7069A8
:109270006300000001020100000000000000000087
:1092800000000000000000000000000000000000DE
:109290000000000000000000020100E52800C800F6
:1092A00045DF000800000000000000000000000092
:1092B000000000000000000000000000020200CAE0
:1092C0002800900145DF00080001000002000000B6
:1092D00018380020A5FE0008060000001C380020F9
:1092E000030200CA2800900101E800080000000005
:1092F000000000000000000000000000000000006E
:1093000000000000040200CA2F00900101E80008DC
:10931000000000000000000000000000000000004D
:109320000000000000000000060200CA2F009001AB
:1093300001E800080000000000000000000000003C
:10934000000000000000000000000000060300EA2A
:109350002F00900101E8000800000000000000005C
:1093600000000000000000000000000000000000FD
:10937000080200CA28003200A5FE00080100000013
:1093800000000000000000000000000000000000DD
:1093900000000000080300EA28003200A5FE0008D3
:1093A00001000000000000000000000000000000BC
:1093B0000000000000000000090200CA280032007E
:1093C000A5FE0008010000000000000000000000F1
:1093D000000000000000000000000000090300EA97
:1093E00028003200A5FE0008010000000000000077
:1093F000000000000000000000000000000000006D
:10940000050100E52800C80045DF00080000000055
:10941000000000000000000000000000000000004C
:1094200000000000050200CA2800900145DF000886
:10943000000100000200000018380020A5FE00080E
:10944000060000001C380020070300EA2800320054
:10945000A5FE000800000000000000000000000061
:109460000000000000000000000000000A04006589
:1094700028000000A5FE0008000000000000000019
:1094800000000000000000000000000000000000DC
:109490000A0100E5F4000000A5FE0008000000003D
:1094A00000000000000000000000000000000000BC
:1094B00000000000446A694461746153756273631B
:1094C00072697074696F6E506172616D436F6E6620
:1094D00069675F47657400446A69446174615375E4
:1094E00062736372697074696F6E506172616D430B
:1094F0006F6E6669675F4765744464734167656E44
:1095000074496400446A69446F776E6C6F616446A5
:10951000696C655769646765745F526567697374E0
:10952000657200446A69446F776E6C6F6164466966
:109530006C655769646765745F47656E65726174D1
:109540006546696C654C69737400446A69446F7759
:109550006E6C6F616446696C655769646765745FBA
:1095600047657446696C654D643500446A69446FAB
:10957000776E6C6F616446696C6557696467657482
:109580005F47656E65726174656446696C65496EB6
:10959000666F4C697374000002E50000260000004D
:1095A000FFFF00FF29BE00080201000026000000A6
:1095B000FFFF00FF29BE0008026500002600000032
:1095C000FFFF00FF29BE000802CA000026000000BD
:1095D000FFFF00FF29BE000802EA0000260000008D
:1095E000FFFF00FF29BE0008446A694461746144BA
:1095F0006F776E6C6F616465725F496E69740000AD
:10960000783800200700000000000000446A694428
:10961000617461446F776E6C6F616465725F5265EF
:10962000674E6F74696669636174696F6E48616ED5
:10963000646C657200446A6944617461446F776E5A
:109640006C6F616465725F446F776E6C6F616444C8
:109650006174615265717565737400446A6944612F
:109660007461446F776E6C6F616465725F576F727F
:109670006B54687265616400446A69446174614452
:109680006F776E6C6F616465725F4461746153746F
:1096900061727453656E6400446A69446174614424
:1096A0006F776E6C6F616465725F4461746152655F
:1096B000537461727453656E6400446A69446174E2
:1096C00061446F776E6C6F616465725F4461746151
:1096D000456E6453656E6400446A69446174614414
:1096E0006F776E6C6F616465725F4461746153651E
:1096F0006E64696E6700446A6944617461446F779F
:109700006E6C6F616465725F53656E644461746111
:1097100055706461746500446A6944617461446FA2
:10972000776E6C6F616465725F4461746153656EDE
:109730006447657441636B00446A694461746144C1
:109740006F776E6C6F616465724576656E74467294
:10975000616D655F507574546F4261636B00446A5C
:109760006944617461446F776E6C6F6164657245C2
:1097700076656E744672616D655F507574546F46A0
:10978000726F6E7400446A6944617461446F776EED
:109790006C6F616465724576656E744672616D6565
:1097A0005F47657400446A6944617461446F776E11
:1097B0006C6F616465725F4576656E74457863654C
:1097C0007074696F6E00446A6944617461446F77B4
:1097D0006E6C6F616465725F53656E64446F776E23
:1097E0006C6F61645075736800446A6944617461A8
:1097F000446F776E6C6F616465725F53656E64442D
:109800006F776E6C6F61644461746100446A69448F
:10981000617461446F776E6C6F616465725F5365EC
:109820006E64446F776E6C6F616441636B00446A71
:109830006944617461446F776E6C6F616465725FD7
:10984000476574446F776E6C6F61644368616E6ED8
:10985000656C42616E64576964746800446A694467
:10986000617461446F776E6C6F616465725F4765A8
:109870007453656E64466C6F77436F6E74726F6C71
:10988000506172616D0000000000000000000000E7
:1098900000000000000000007472040800000000D6
:1098A000D400000000000000B8680408F06E04084E
:1098B000D7000000000000008C680408346D040824
:1098C000E00000000000000070680408B86C0408A4
:1098D000E10000000000000014720408986C040805
:1098E000E200000000000000D86704088C6A040849
:1098F000E300000000000000D8680408F06E0408CF
:10990000E400000000000000AC6A04081C6D0408BC
:10991000EC00000000000000C86D0408986C04080A
:10992000FA00000000000000A06D0408986C040814
:10993000FB00000000000000EC720408386B040813
:10994000FF00000000000000D86D040800000000C7
:1099500000010000000000005C6904080000000035
:109960000101000000000000EC6904083C6F0408DD
:109970000201000000000000FC7204081C6D0408D5
:109980000301000000000000447004081C6F04087C
:109990000401000000000000C46F0408706D04089A
:1099A00000000000060000000C710408EC6B0408C5
:1099B000010000000600000094700408B86B040861
:1099C000020000000600000034710408EC6B04087B
:1099D0000300000006000000BC700408B86B040817
:1099E00004000000060000005C710408EC6B040831
:1099F0000500000006000000E4700408B86B0408CD
:109A00000600000006000000DC6A04088C720408EE
:109A10000000000008000000906F0408EC6F0408CC
:109A2000010000000B000000E86D0408586F0408F6
:109A3000020000000B000000447D0408607E040862
:109A4000030000000B000000287D040858350408BE
:109A5000040000000B00000088660408FC6904088C
:109A6000050000000B00000064700408D07F0408AB
:109A7000060000000B000000C4710408586F0408C1
:109A8000070000000B000000B06D0408186B04080C
:109A9000080000000B000000307B040884710408FB
:109AA000000000000E000000F8680408EC6F0408D5
:109AB000010000000E00000054720408287204081F
:109AC000020000000E000000AC670408786704087C
:109AD000030000000E0000001C670408F06C04087E
:109AE000040000000E0000004C680408706B0408BD
:109AF0000B0000000F000000F46704087C740408E9
:109B0000000000001B000000E8740408A8780408A6
:109B1000010000001B0000001C750408000000008C
:109B2000020000001B000000347504080000000063
:109B3000030000001B00000068750408000000001E
:109B4000040000001B0000004C7504080000000029
:109B5000050000001B000000D8740408000000008D
:109B6000060000001B000000007404080000000054
:109B7000070000001B000000E47A040830790408A4
:109B8000C90000001B000000F87404080000000079
:109B900000FF00001B000000147E0408000000000D
:109BA00001FF00001B000000D47B0408948104081E
:109BB00002FF00001B000000047E040800000000FB
:109BC00003FF00001B000000D87D04080000000017
:109BD000000000001C000000C87E04080000000017
:109BE000010000001C0000001074040864660408F2
:109BF000030000001C000000545E040858790408AB
:109C0000040000001C000000BC79040894790408DA
:109C1000050000001C000000D87704080C7304083D
:109C2000060000001C00000090730408E4730408A0
:109C3000070000001C000000F07704088877040883
:109C4000080000001C0000002C820408F0800408BA
:109C5000090000001C000000E87B0408B88104082B
:109C6000010000001D000000207B04084C7F040858
:109C7000020000001D000000807904084C7F0408E9
:109C8000030000001D000000EC7C0408687F04084D
:109C9000040000001D000000007D0408687F040827
:109CA000050000001D0000000C8004088C800408E2
:109CB000060000001D000000147504081078040858
:109CC000070000001D000000C47B0408D0800408C9
:109CD000110000001D000000287E04084C7F0408CD
:109CE000120000001D000000C4780408B8810408B8
:109CF000140000001D000000D0780408707C0408E7
:109D0000000000001E000000987E04080000000013
:109D1000010000001E000000387A04080000000066
:109D2000020000001E0000009478040800000000FB
:109D3000030000001E0000008078040800000000FE
:109D4000040000001E0000000C7A0408000000005F
:109D5000050000001E000000087704080000000055
:109D6000060000001E000000A87C0408000000009F
:109D7000070000001E000000B87F0408000000007B
:109D8000080000001E000000A4800408000000007D
:109D9000010000001F000000487C040800000000D3
:109DA000020000001F000000507B040800000000BB
:109DB000030000001F00000098760408907B040850
:109DC000040000001F0000004473040800000000AD
:109DD000050000001F0000001866040800000000D5
:109DE0000100000020000000687A04080000000064
:109DF00002000000200000001C77040800000000A2
:109E0000E000000021000000B47604080482040889
:109E1000E10000002100000018810408AC7704086C
:109E2000E200000021000000D0810408206C04083A
:109E3000E3000000210000003C7E0408847C04084C
:109E4000E400000021000000E078040854730408D6
:109E5000E50000002100000014760408206C0408CE
:109E6000E600000021000000CC760408486E0408DB
:109E7000E70000002100000040760408046E04089A
:109E8000E80000002100000054780408A4690408D8
:109E9000E900000021000000C47A0408BC6904083D
:109EA000EA000000210000003878040878690408FE
:109EB000EB00000021000000F07D0408206C040885
:109EC000EC00000021000000C47D0408486C040878
:109ED000ED0000002100000040760408907A04089C
:109EE000EE0000002100000078760408F0710408FC
:109EF000F00000002100000040770408586A0408C0
:109F0000F200000021000000AC7D0408586A04083B
:109F1000F400000021000000907D0408206C04087B
:109F2000F6000000210000006C770408586A04085D
:109F3000F80000002100000048810408AC66040815
:109F4000FA00000021000000787D0408206C04085D
:109F5000FC0000002100000020800408E8660408DE
:109F6000FE000000210000008C7F0408206C040823
:109F7000FF00000021000000187D0408206C040888
:109F8000E000000022000000B47604080482040807
:109F9000E10000002200000018810408AC770408EA
:109FA000E200000022000000D0810408206C0408B8
:109FB000E3000000220000003C7E0408847C0408CA
:109FC000E400000022000000E07804085473040854
:109FD000E50000002200000014760408206C04084C
:109FE000E600000022000000CC760408486E040859
:109FF000E70000002200000040760408046E040818
:10A00000E80000002200000054780408A469040855
:10A01000E900000022000000C47A0408BC690408BA
:10A02000EA0000002200000038780408786904087B
:10A03000EB00000022000000F07D0408206C040802
:10A04000EC00000022000000C47D0408486C0408F5
:10A05000ED0000002200000040760408907A040819
:10A06000EE0000002200000078760408F071040879
:10A07000F00000002200000040770408586A04083D
:10A08000F200000022000000AC7D0408586A0408B9
:10A09000F400000022000000907D0408206C0408F9
:10A0A000F6000000220000006C770408586A0408DB
:10A0B000F80000002200000048810408AC66040893
:10A0C000FA00000022000000787D0408206C0408DB
:10A0D000FC0000002200000020800408E86604085C
:10A0E000FE000000220000008C7F0408206C0408A1
:10A0F000FF00000022000000187D0408206C040806
:10A1000000000000230000006C8104080000000033
:10A1100001000000230000001C6104080000000092
:10A120000200000023000000D036040800000000F8
:10A130000300000023000000D85C040800000000B9
:10A14000FFFF000023000000AC3604080000000000
:10A150000000010023000000FC760408000000005D
:10A160000100010023000000146204080000000048
:10A170000200010023000000D0610408000000007C
:10A1800003000100230000009061040800000000AB
:10A1900004000100230000001C640408000000000B
:10A1A00005000100230000005864040800000000BE
:10A1B0000600010023000000645A040800000000AB
:10A1C0000800010023000000A8540408000000005B
:10A1D0000A00010023000000F47E040800000000D3
:10A1E0000B00010023000000D075040800000000EF
:10A1F0000C000100230000001860040800000000AB
:10A200000D00010023000000506004080000000061
:10A210000E00010023000000D45F040800000000CD
:10A220000F000100230000009460040800000000FB
:10A230001000010023000000E86004080000000096
:10A240001100010023000000E86204080000000083
:10A250001200010023000000346304080000000025
:10A2600013000100230000007863040800000000D0
:10A270001400010023000000A85E04080000000094
:10A280001500010023000000847504080000000090
:10A290001600010023000000F45D04080000000027
:10A2A0001700010023000000145F040800000000F4
:10A2B0001800010023000000643D040800000000B5
:10A2C0001900010023000000A06204080000000043
:10A2D0001A0001002300000058620408000000007A
:10A2E0001B00010023000000985C0408000000002F
:10A2F0001C00010023000000446504080000000069
:10A300001D00010023000000F863040800000000A5
:10A310001E00010023000000BC64040800000000CF
:10A320001F000100230000009C64040800000000DE
:10A330002000010023000000C039040800000000D4
:10A340002100010023000000883E040800000000F6
:10A350002200010023000000C03E040800000000AD
:10A3600023000100230000007C37040800000000E7
:10A370002400010023000000403704080000000012
:10A380002500010023000000F4360408000000004E
:10A390002600010023000000587604080000000099
:10A3A0002700010023000000207F040800000000B7
:10A3B0002800010023000000007B040800000000CA
:10A3C0002900010023000000387F0408000000007D
:10A3D0002A00010023000000F45A040800000000D5
:10A3E0002B00010023000000C05A040800000000F8
:10A3F0002C000100230000000C5D04080000000098
:10A400002D00010023000000345D0408000000005E
:10A410002E00010023000000B85D040800000000C9
:10A420002F00010023000000745D040800000000FC
:10A430003000010023000000BC630408000000009D
:10A440003100010023000000CC650408000000007A
:10A4500032000100230000009065040800000000A5
:10A4600033000100230000006C5C040800000000C1
:10A470003400010023000000385C040800000000E4
:10A4800035000100230000005C7D0408000000008E
:10A490003800010023000000F464040800000000FC
:10A4A00039000100230000001C65040800000000C2
:10A4B00000000200230000006C7804080000000087
:10A4C00001000200230000009C5604080000000068
:10A4D00002000200230000001438040800000000FD
:10A4E0000300020023000000A44C04080000000048
:10A4F0000500020023000000885B04080000000043
:10A5000000000300230000006C7804080000000035
:10A510000100030023000000285B04080000000085
:10A520000200030023000000C85B040800000000D4
:10A5300000004000230000006C78040800000000C8
:10A540000100400023000000D83B04080000000088
:10A5500002004000230000005861040800000000D1
:10A560000300400023000000C85104080000000060
:10A570000400400023000000A03F04080000000089
:10A580000500400023000000485B040800000000B4
:10A5900006004000230000007C5F0408000000006B
:10A5A00000004100230000006C7804080000000057
:10A5B0000100410023000000485904080000000089
:10A5C0002100410023000000744F04080000000037
:10A5D0002200410023000000084F04080000000092
:10A5E0002300410023000000B84E040800000000D2
:10A5F0004100410023000000C4480408000000009E
:10A6000081004100230000008C4804080000000085
:10A6100000004200230000006C78040800000000E5
:10A620000100420023000000A44A040800000000CA
:10A630000200420023000000A059040800000000AE
:10A640000300420023000000F85904080000000045
:10A6500000004300230000006C78040800000000A4
:10A660000100430023000000F85704080000000028
:10A6700002004300230000003C58040800000000D2
:10A680000300430023000000885804080000000075
:10A690000400430023000000E0370408000000002D
:10A6A0000500430023000000B45704080000000028
:10A6B00006004300230000006C570408000000005F
:10A6C0000700430023000000FC41040800000000D4
:10A6D00000014300230000003C800408000000004B
:10A6E00000004400230000006C7804080000000013
:10A6F000010044002300000024350408000000008D
:10A700000200440023000000383904080000000063
:10A710000300440023000000B837040800000000D4
:10A720000400440023000000644C04080000000002
:10A7300005004400230000006851040800000000E8
:10A7400000004600230000006C78040800000000B0
:10A7500001004600230000008C46040800000000B1
:10A760000200460023000000F85504080000000025
:10A770000300460023000000F85504080000000014
:10A780000400460023000000DC4C04080000000028
:10A790000000470023000000F83F0408000000000C
:10A7A0000100470023000000A03904080000000059
:10A7B0000200470023000000A05104080000000030
:10A7C00000000000240000001057040800000000F2
:10A7D0000100000024000000684B04080000000095
:10A7E00002000000240000001051040800000000D6
:10A7F0000300000024000000944B04080000000047
:10A800000400000024000000305004080000000094
:10A8100005000000240000003C5104080000000076
:10A820000600000024000000403D04080000000075
:10A830000101000024000000D449040800000000C9
:10A840000201000024000000644804080000000029
:10A850000301000024000000744A04080000000006
:10A860000401000024000000444A04080000000025
:10A870000501000024000000F05204080000000060
:10A880000601000024000000384804080000000011
:10A890000102000024000000A4530408000000008E
:10A8A00002020000240000007053040800000000B1
:10A8B000030200002400000000390408000000002A
:10A8C00004020000240000001454040800000000EA
:10A8D0000502000024000000844E0408000000006F
:10A8E000060200002400000084520408000000005A
:10A8F0000702000024000000445404080000000087
:10A900000802000024000000C04B04080000000002
:10A910000902000024000000D853040800000000D1
:10A920000A02000024000000704904080000000032
:10A930000B02000024000000504904080000000041
:10A940000C020000240000004C4704080000000036
:10A950000D02000024000000544D04080000000017
:10A960000E020000240000007855040800000000DA
:10A970000F02000024000000A4550408000000009D
:10A9800010020000240000003C53040800000000F6
:10A990000103000024000000843D040800000000C2
:10A9A00002030000240000005840040800000000DA
:10A9B0000303000024000000EC390408000000003C
:10A9C00004030000240000003857040800000000C1
:10A9D0000503000024000000B04604080000000049
:10A9E0000603000024000000BC4F04080000000023
:10A9F0000703000024000000CC55040800000000FC
:10AA0000080300002400000068560408000000004D
:10AA10000903000024000000F44A040800000000BC
:10AA20000A03000024000000B04D040800000000EC
:10AA30000B03000024000000FC3C040800000000A0
:10AA40000C03000024000000186904080000000046
:10AA50000D03000024000000284B04080000000043
:10AA60000E03000024000000284C04080000000031
:10AA70001003000024000000E0460408000000006D
:10AA8000FF03000024000000D45004080000000070
:10AA900001040000240000006839040800000000E0
:10AAA0000204000024000000F03A04080000000046
:10AAB0000304000024000000C03F04080000000060
:10AAC0000404000024000000B85204080000000044
:10AAD0000105000024000000785404080000000074
:10AAE0000205000024000000F84B040800000000EC
:10AAF00003050000240000001847040800000000BF
:10AB00000405000024000000B84104080000000013
:10AB1000050500002400000020400408000000009B
:10AB20000006000024000000A03B04080000000014
:10AB30000106000024000000004A04080000000094
:10AB400002060000240000006C4D04080000000014
:10AB5000030600002400000028560408000000003E
:10AB6000040600002400000000410408000000006A
:10AB700005060000240000003C410408000000001D
:10AB800006060000240000008040040800000000C9
:10AB900007060000240000007C41040800000000BB
:10ABA0000806000024000000C04004080000000067
:10ABB00009060000240000006847040800000000A7
:10ABC0000A060000240000005450040800000000A1
:10ABD0000B06000024000000C4420408000000002E
:10ABE0000C060000240000008C4304080000000054
:10ABF0000D060000240000001844040800000000B6
:10AC00000E06000024000000A44404080000000018
:10AC10000F060000240000000843040800000000A4
:10AC20001006000024000000884204080000000014
:10AC30001106000024000000344504080000000054
:10AC400012060000240000000C4D04080000000063
:10AC50001306000024000000283A04080000000049
:10AC60001406000024000000E44404080000000072
:10AC70001506000024000000E8470408000000005A
:10AC80001606000024000000FC4504080000000037
:10AC900017060000240000005C44040800000000C7
:10ACA000180600002400000074450408000000009D
:10ACB000190600002400000090490408000000006C
:10ACC0001A06000024000000643B04080000000095
:10ACD0001B06000024000000743A04080000000075
:10ACE0001C060000240000002C3B040800000000AB
:10ACF0001D060000240000004C460408000000006F
:10AD00003406000024000000F83E040800000000A3
:10AD10003706000024000000C03C040800000000CA
:10AD20003806000024000000385504080000000028
:10AD30003906000024000000D45804080000000078
:10AD40003A060000240000000C590408000000002E
:10AD50003B060000240000008C3C040800000000BA
:10AD60003C060000240000007C38040800000000BD
:10AD70003D06000024000000BC450408000000005F
:10AD80003E06000024000000C8380408000000004F
:10AD90003F06000024000000FC48040800000000FA
:10ADA0004006000024000000A44704080000000042
:10ADB000410600002400000040520408000000008A
:10ADC0004206000024000000484304080000000080
:10ADD0004306000024000000EC4F040800000000BF
:10ADE0004406000024000000F83D040800000000B4
:10ADF0004506000024000000B43D040800000000E7
:10AE000046060000240000003C4204080000000048
:10AE100047060000240000009050040800000000D5
:10AE200048060000240000003C3E0408000000002A
:10AE30004906000024000000FC3B0408000000005C
:10AE40004A06000024000000443C04080000000002
:10AE50004B06000024000000CC4304080000000062
:10AE60004C06000024000000444E040800000000CE
:10AE70004D06000024000000E0540408000000001B
:10AE80004E06000024000000F04D04080000000001
:10AE90006206000024000000683F04080000000073
:10AEA0007106000024000000303F0408000000008C
:10AEB0007206000024000000B03A04080000000000
:10AEC000446A694572726F725F496E697400446AC0
:10AED000694572726F725F4765744572726F724D29
:10AEE0007367456C656D656E747300446A6945727D
:10AEF000726F725F5365617263684F626A656374F3
:10AF000000446A69466C69676874436F6E74726F57
:10AF10006C6C65725F476574446A694572726F72E2
:10AF2000436F646500446A6946696C655365617284
:10AF3000636865725F47656E657261746546696CCA
:10AF4000654C69737400446A6946696C6553656150
:10AF500072636865725F53656172636846696C65A8
:10AF600000446A69466C6F77436F6E74726F6C6CE5
:10AF700065725F4D6F64756C65496E697400446AF3
:10AF800069466C6F77436F6E74726F6C6C65725F3D
:10AF90004D6F64756C654465496E697400446A69F7
:10AFA000466C6F77436F6E74726F6C6C65725F483E
:10AFB000616E646C6572496E697400446A69466CBE
:10AFC0006F77436F6E74726F6C6C65725F48616E01
:10AFD000646C65724465696E697400446A69466CA4
:10AFE0006F77436F6E74726F6C6C65725F536574CC
:10AFF00042616E6477696474684C696D6974004479
:10B000006A69466C6F77436F6E74726F6C6C6572B1
:10B010005F53656E644461746100446A69466C6F95
:10B0200077436F6E74726F6C6C65725F47657453B3
:10B030007461746500446A69466C6F77436F6E741F
:10B04000726F6C6C65725F5461736B00446A694621
:10B050006C6F77436F6E74726F6C6C65725F466C69
:10B06000757368546F6B656E00446A69466C6F77E0
:10B07000436F6E74726F6C6C65725F436C65617266
:10B0800042756666657200446A69466C6F77436F05
:10B090006E74726F6C6C65725F547279436F6E730D
:10B0A000756D65546F6B656E00446A69466C6F77A9
:10B0B000436F6E74726F6C6C65725F43616C637525
:10B0C0006C6174655265616C74696D6542616E6432
:10B0D000776964746800446A69466C6F77436F6E81
:10B0E00074726F6C6C65725F5472795075744461E0
:10B0F0007461546F427566666572000088ED623156
:10B100007F8EE1D7B58B4176D9CFDBD30E9B08DE9E
:10B110009AB15C042162ADFA33E87319A10B63D8CC
:10B120006172BD8E2536BBF18A2164285966619E05
:10B1300056C5FC4CFE3E4C3F3028D6D3CFC54F16EB
:10B1400002BD244B3AB05DE56125352F24345863A8
:10B15000D5A655BA823D823D14E8BF6DBD34762236
:10B16000D7AEA5EEF267E1389DC6988850DF340669
:10B170004F6027FD1291E71774CAC7C4463F1DA749
:10B1800064EEE13F2380BEBD5EEBB68F96411A3D73
:10B19000E2B63A6A27807AB5A49DF2CD52776EBFA7
:10B1A0006FC0D121481460B980D218C7E2691C561B
:10B1B0008A0EC5DFAB5416B2F2D139F06CA494807C
:10B1C000434EE227AA65CB3E504E6BFE435FE58DB2
:10B1D000E82C9E967D39DA48FAD11605872C3C7FFB
:10B1E000F3106155C0E10427007623AC303766E4E4
:10B1F0006C5154E249177327FEA30CA50000FB0015
:10B200000100F70001000200FFFF000C0C00000C21
:10B210002628415261628188F0F80E2A3032364485
:10B220004C51587699FF01020000010302041200FC
:10B23000013B484B686B727C8087959AC4C7D7DC0A
:10B24000F1FFA2B8E1EB030B0A0014194243636457
:10B25000EAECF8F90E1B252A31AFB1C1DAF5FD048D
:10B260000C120005080A0D0F141E1F30333940431D
:10B27000445E5F6E6F01181C20272D3D4A4C6668A6
:10B280006A050100000B0802020067686572090088
:10B29000020001030A050000295B8F909E0D01004A
:10B2A00000020E02000001230F040000327480909F
:10B2B0001101000043190300000E1E32210002009C
:10B2C000050622030C00010305090D0E17191A1EAD
:10B2D000ABAF0B27712401040011123639323C0048
:10B2E0000200106048000200010849060200808147
:10B2F000001020303353EE01000002446A694964B3
:10B30000656E746974795665726966795F496E69AC
:10B31000740000000200003C37000000FFFF00FF47
:10B32000C5960108446A694964656E746974795602
:10B3300065726966795F4465496E69740000000052
:10B340000200003C40000000FFFF00FFD99B010805
:10B350000200003C37000000FFFF00FFC596010817
:10B36000446A694964656E74697479566572696680
:10B37000795F6973506F6C69637955706461746546
:10B380006400446A694964656E74697479566572CB
:10B390006966795F4765744964656E746974795646
:10B3A000657269667948616E646C6500446A6949D2
:10B3B00064656E746974795665726966795F526501
:10B3C000717565737455706C6F6164506F6C6963EF
:10B3D0007946696C6548616E646C6500446A6949C8
:10B3E00064656E746974795665726966795F5265D1
:10B3F0007175657374557064617465506F6C6963C1
:10B40000794173796E6300446A694964656E746951
:10B4100074795665726966795F5265717565737482
:10B42000557064617465506F6C6963794173796EAE
:10B430006343616C6C6261636B00446A6949646573
:10B440006E746974795665726966795F5570646166
:10B450007465506F6C696379000000000200003C65
:10B4600040000000FFFF00FFD99B0108010100E53B
:10B4700001010201E501020100E501020201CA81A8
:10B48000030200CA81040200CA81060201CA8106C1
:10B490000301EA81080200CA81080300EA81090267
:10B4A00000CA81090300EA81050100E501050201E6
:10B4B000CA810A040065010A0100E501446A695075
:10B4C00061796C6F616443616D6572615061726135
:10B4D0006D436F6E6669675F4765740002CA01025B
:10B4E00080000000FFFFFFFFF9C8010802CA410207
:10B4F00080000000FFFFFFFFF9C8010802CA8102B7
:10B5000080000000FFFFFFFFF9C8010802E501020B
:10B5100080000000FFFFFFFFF9C8010802E54102BB
:10B5200080000000FFFFFFFFF9C8010802E581026B
:10B5300080000000FFFFFFFFF9C801080201E402DC
:10B5400080000000FFFFFFFFF9C8010802CA0102E6
:10B5500087000000FFFFFFFF79C6010802CA410211
:10B5600087000000FFFFFFFF79C6010802CA8102C1
:10B5700087000000FFFFFFFF79C6010802E5010216
:10B5800087000000FFFFFFFF79C6010802E54102C6
:10B5900087000000FFFFFFFF79C6010802E5810276
:10B5A00087000000FFFFFFFF79C601080201E402E7
:10B5B00087000000FFFFFFFF79C60108446A695059
:10B5C00061796C6F6164436F6C6C61626F726174FE
:10B5D000696F6E5F496E697400446A695061796C85
:10B5E0006F6164436F6C6C61626F726174696F6EDE
:10B5F0005F4465496E697400446A695061796C6F93
:10B600006164436F6C6C61626F726174696F6E5FCD
:10B6100047657443616D657261547970654F66501A
:10B6200061796C6F616400446A695061796C6F6123
:10B6300064436F6C6C61626F726174696F6E5F47B7
:10B64000657443616D6572614F70746963616C5AB2
:10B650006F6F6D537065634F665061796C6F616495
:10B6600000446A695061796C6F6164436F6C6C610E
:10B67000626F726174696F6E5F47657443616D6577
:10B6800072614879627269645A6F6F6D466F636167
:10B690006C4C656E6774684F665061796C6F61645D
:10B6A00000446A695061796C6F6164436F6C6C61CE
:10B6B000626F726174696F6E5F576F726B00446A7C
:10B6C000695061796C6F6164436F6C6C61626F7219
:10B6D0006174696F6E5F5075736843616D65726107
:10B6E000537461746548616E646C6500446A6950A6
:10B6F00061796C6F6164436F6C6C61626F726174CD
:10B70000696F6E5F5075736843616D6572614C65FA
:10B710006E73537461746548616E646C6500446A4D
:10B72000695061796C6F6164436F6C6C61626F72B8
:10B730006174696F6E5F5375627363726962654F9E
:10B740007468657243616D65726153797374656D78
:10B7500053746174654F6E4D33303000446A6950E4
:10B7600061796C6F6164436F6C6C61626F7261745C
:10B77000696F6E5F556E7375627363726962654F50
:10B780007468657243616D65726153797374656D38
:10B7900053746174654F6E4D33303000446A6950A4
:10B7A00061796C6F6164436F6C6C61626F7261741C
:10B7B000696F6E5F5375627363726962654F746817
:10B7C000657243616D6572614C656E735061726143
:10B7D0006D4F6E4D33303000446A695061796C6F43
:10B7E0006164436F6C6C61626F726174696F6E5FEC
:10B7F000556E7375627363726962654F74686572C2
:10B8000043616D6572614C656E73506172616D4F1D
:10B810006E4D33303000446A695061796C6F6164F9
:10B82000436F6C6C61626F726174696F6E5F4368C5
:10B8300065636B52657175657374506F7369746974
:10B840006F6E0000446A695061796C6F61644E6587
:10B85000676F74696174655F496E69740000000008
:10B860000200000087000000FFFFFFFFB9F301089E
:10B870000200000000000000FFFFFFFFF5D20108FA
:10B880000200000087000000FFFFFFFFB9F301087E
:10B89000446A695061796C6F61644E65676F746961
:10B8A0006174655F4465496E6974000002000000C0
:10B8B00000000000FFFFFFFFF5D20108446A695055
:10B8C00061796C6F61644E65676F74696174655FFF
:10B8D0004765744C6F63616C4164647200446A69CB
:10B8E0005061796C6F61644E65676F7469617465EE
:10B8F0005F47657452656D6F74654164647200449E
:10B900006A695061796C6F61644E65676F746961D3
:10B9100074655F47657453656C664D6F756E7450E2
:10B920006F736974696F6E00446A695061796C6FF6
:10B9300061644E65676F74696174655F47657449DA
:10B9400073566964656F53747265616D4D614368C8
:10B95000616E6E656C00446A695061796C6F6164F8
:10B960004E65676F74696174655F436865636B4EAC
:10B9700065676F746961746F72526561647953743D
:10B9800061746500446A695061796C6F61644E65E9
:10B99000676F74696174655F436865636B50617953
:10B9A0006C6F6164436F6E6E656374696F6E537420
:10B9B0006174757348616E646C6500446A695061B6
:10B9C000796C6F61644E65676F74696174655F5609
:10B9D000657273696F6E48616E646C6500446A6974
:10B9E0005061796C6F61644E65676F7469617465ED
:10B9F0005F446576696365496E666F48616E646C25
:10BA00006500446A695061796C6F61644E65676F67
:10BA100074696174655F5365744970416464724808
:10BA2000616E646C6500446A695061796C6F616431
:10BA30004E65676F74696174655F4E6F746966798E
:10BA400048616E646C6500446A695061796C6F612D
:10BA5000644E65676F74696174655F5061796C6F7E
:10BA600061644E65676F746961746548616E646C8A
:10BA70006500446A695061796C6F61644E65676FF7
:10BA800074696174655F4765744465766963654987
:10BA90006E666F00446A695061796C6F61644E65CF
:10BAA000676F74696174655F52656D6F7665446533
:10BAB0007669636553796E6300446A695061796C95
:10BAC0006F61644E65676F74696174655F76325F3C
:10BAD00041646444657669636553796E6300446AC2
:10BAE000695061796C6F61644E65676F74696174E8
:10BAF000655F41646444657669636553796E63008C
:10BB0000446A695061796C6F61644E65676F7469EE
:10BB10006174655F4E6F74696679506F736974699B
:10BB20006F6E48616E646C6500446A695061796C3F
:10BB30006F61644E65676F74696174655F576169B1
:10BB4000744E6F74696679506F736974696F6E00B3
:10BB5000446A695061796C6F61644E65676F74699E
:10BB60006174655F44657643617047656E446576D0
:10BB7000496E666F00446A695061796C6F61644E0A
:10BB800065676F74696174655F446576436170478A
:10BB9000656E43686E6C496E666F00446A695061F9
:10BBA000796C6F61644E65676F74696174655F7607
:10BBB000325F446576696365496E666F48616E649D
:10BBC0006C6500000201001334000000000000005A
:10BBD000000000000900102700000000020201CA56
:10BBE0002828000000000000000000000300E80317
:10BBF00001CA0300030200732700000000000000D8
:10BC0000000000000300E8030000000004020073CD
:10BC10002F00000000000000000000000300E80307
:10BC200000000000050100133400000000000000C7
:10BC3000000000000300E80300000000050200CA45
:10BC40002728000000000000000000000300E803B7
:10BC500001CA0300060200732F000000000000006C
:10BC6000000000000300E8030000000006030100DC
:10BC700000000000000000000000000000000000C4
:10BC800000000000080200732F2F000000000000D9
:10BC9000000000000600E8030000000008030100A7
:10BCA0000000000000000000000000000000000094
:10BCB00000000000090200732F2F000000000000A8
:10BCC000000000000600E803000000000903010076
:10BCD0000000000000000000000000000000000064
:10BCE00000000000070301EA28280000000000000F
:10BCF000000000000300E803000000000A04001335
:10BD00003434000001390020010000001400E80371
:10BD1000001307000A010013343400000139002029
:10BD2000010000001400E80300000000446A6950AC
:10BD300061796C6F61644E65676F74696174655099
:10BD40006172616D436F6E6669675F47657400007D
:10BD5000446A695061796C6F61644F6E6C696E659D
:10BD600050657263657074696F6E5F496E697400C7
:10BD70000200000087000000FFFFFFFF65F80108D8
:10BD8000446A695061796C6F61644F6E6C696E656D
:10BD900050657263657074696F6E5F4465496E6962
:10BDA000740000000200000087000000FFFFFFFF9A
:10BDB00065F80108446A695061796C6F61644F6E7F
:10BDC0006C696E6550657263657074696F6E5F5201
:10BDD000656376446576496E666F00446A695061B2
:10BDE000796C6F61644F6E6C696E655065726365E6
:10BDF0007074696F6E5F436865636B5061796C6FD7
:10BE000061644F6E6C696E65537461747573004440
:10BE10006A695061796C6F61644F6E6C696E6550D0
:10BE2000657263657074696F6E5F53756273637278
:10BE30006962655061796C6F61644F6E6C696E65A3
:10BE4000496E666F00446A695061796C6F61644E37
:10BE500065676F74696174655F5061796C6F616467
:10BE60004E65676F7469617465496E717569726555
:10BE70007448616E646C6500011C020802000000D9
:10BE8000011C020802000000446A695265636F7277
:10BE9000646572496E697400446A695265636F72C1
:10BEA0006465724465496E697400446A69526563E9
:10BEB0006F726465725F53656E644461746156327B
:10BEC00000446A695265636F726465725F53656EA0
:10BED000644461746100446A695265636F726465A9
:10BEE000725F5461736B00446A69436F72655F529D
:10BEF0006F6F745461736B496E697400446A69436F
:10BF00006F72655F526F6F745461736B4465496EF5
:10BF1000697400446A69436F72655F526F6F74544D
:10BF200061736B00446A6953646B53746174655048
:10BF30007573685F496E697400446A6953646B5332
:10BF400074617465507573685F4465496E69740007
:10BF5000446A6953646B5374617465507573685FA8
:10BF6000576F726B00446A6953646B5374617465F4
:10BF7000507573685F53646B41646170746572548B
:10BF8000797065546F4465766963655479706500AE
:10BF9000446A695374725F4475706C696361746557
:10BFA0000000000002E5003C1C000000FFFF00FF55
:10BFB0004140020802CA003C1C000000FFFF00FFD5
:10BFC000414002080265003C1C000000FFFF00FF2A
:10BFD00041400208446A6954696D6553796E635F34
:10BFE000496E697441707054696D6553796E630070
:10BFF000446A6954696D6553796E635F4465496E3F
:10C00000697441707054696D6553796E6300446A58
:10C010006954696D6553796E635F507573684170DB
:10C020007054696D6548616E646C6500446A695559
:10C030006E69745F436F6E76657273696F6E0044EC
:10C040006A69556E69745F46696E64556E697452AB
:10C05000656C617469766554696D657300000000F4
:10C06000446A695769646765744A736F6E50617298
:10C070007365725F4372656174655769646765745F
:10C0800050726F70657274794C69737400446A6998
:10C090005769646765744A736F6E50617273657235
:10C0A0005F57696467657454797065537472546F2F
:10C0B000456E756D000000009487040801000000C3
:10C0C0008C87040802000000FC86040803000000BE
:10C0D0009C87040804000000A487040805000000F1
:10C0E000010100000000000001020100000000004A
:10C0F000020100E50200E600020200CA020020037D
:10C10000030200CA02002003040200CA0200200346
:10C11000060200CA0200E600060300EA0200E6008A
:10C12000080200CA02002003080300EA02002003FC
:10C13000090200CA02002003090300EA02002003EA
:10C14000050100E50200E600050200CA0200200326
:10C15000070300EA020020030A0400650200E6006B
:10C160000A0100E50200E600446A695769646765F0
:10C1700074506172616D436F6E6669675F47657485
:10C1800000446A69576F726B5F4164644E6F646507
:10C1900000000000010100E501000500C12B0208BC
:10C1A0000102000A0000270075200208020100E5D4
:10C1B00001000500C12B0208020200CA010027008D
:10C1C00075200208030200CA01002800C12B0208E2
:10C1D000040200CA0100C300C12B0208050100E5EA
:10C1E00001000500C12B0208050200CA0100C300BE
:10C1F00035230208060200CA01002F00C12B0208E5
:10C20000060300EA01002800C12B0208080200CA48
:10C2100001012F00C12B0208080300EA01012800D8
:10C22000C12B0208090200CA01002F00C12B02081D
:10C23000090300EA01002800C12B0208070300EAF5
:10C2400001002800C12B02080A0400650000050057
:10C25000C12B02080A0100E500000500C12B0208FD
:10C26000446A6941757468506172616D436F6E66AE
:10C2700069675F4765740041424344454647484902
:10C280004A4B4C4D4E4F5051525354555657585996
:10C290005A6162636465666768696A6B6C6D6E6F2C
:10C2A000707172737475767778797A30313233348D
:10C2B00035363738392B2FFFFFFFFFFFFFFFFFFF1A
:10C2C000FFFFFFFFFFFFFFFFFFFFFFFFFFFFFFFF7E
:10C2D000FFFFFFFFFFFFFFFFFFFFFFFFFFFFFFFF6E
:10C2E000FFFF3EFFFFFF3F3435363738393A3B3CDE
:10C2F0003DFFFFFFFFFFFFFF0001020304050607EC
:10C3000008090A0B0C0D0E0F101112131415161735
:10C310001819FFFFFFFFFFFF1A1B1C1D1E1F202106
:10C3200022232425262728292A2B2C2D2E2F303175
:10C330003233FFFFFFFFFF010101E50B2B0102007C
:10C340000A0B2B020100E50B0B020200CA0B0B03C8
:10C350000200CA0B0B040200CA0B0B060200CA0B38
:10C360000B060300EA0B0B080200CA0B0B080300C4
:10C37000EA0B0B090200CA0B0B090300EA0B0B05C1
:10C380000100E50B0B050200CA0B0B070300EA0BCB
:10C390000B0A0400650B0B0A0100650B0B446A696C
:10C3A00042617474657279506172616D436F6E663B
:10C3B00069675F4765740001010100000102010027
:10C3C0000002010100000202010000030200CA3362
:10C3D000040200CA28060200CA28060300EA280947
:10C3E0000200CA28090300EA28080200CA28080334
:10C3F00000EA280501010000050201000007030012
:10C40000EA280A040065280A01010000446A694418
:10C41000617461427572696564506172616D436FE8
:10C420006E6669675F47657400446A694461746158
:10C43000537562736372697074696F6E44623270AF
:10C440005F496E697400446A69446174615375623E
:10C45000736372697074696F6E446232705F4465B1
:10C46000496E697400446A6944617461537562730A
:10C470006372697074696F6E446232705F53756283
:10C480007363726962655370656369616C546F7040
:10C4900069630000000000006D6573736167655F8C
:10C4A00074797065000000000000000000000000CA
:10C4B000000000000000000000000000000000007C
:10C4C00000000000000000006F7073646B5F746F09
:10C4D0007069635F7175617465726E696F6E00007B
:10C4E000000000000000000000000000000000004C
:10C4F0000000000000000000000400000100000037
:10C500006D6573736167655F747970650000000025
:10C51000000000000000000000000000000000001B
:10C52000000000000000000000000000000000000B
:10C530006F7073646B5F746F7069635F6163636571
:10C540006C65726174696F6E5F67726F756E64009F
:10C5500000000000000000000000000000000000DB
:10C5600000040000020000006D6573736167655F81
:10C5700074797065000000000000000000000000F9
:10C5800000000000000000000000000000000000AB
:10C5900000000000000000006F7073646B5F746F38
:10C5A0007069635F616363656C65726174696F6E06
:10C5B0005F626F647900000000000000000000006E
:10C5C0000000000000000000000400000300000064
:10C5D0006D6573736167655F747970650000000055
:10C5E000000000000000000000000000000000004B
:10C5F000000000000000000000000000000000003B
:10C600006F7073646B5F746F7069635F61636365A0
:10C610006C65726174696F6E5F7261770000000013
:10C62000000000000000000000000000000000000A
:10C6300000040000040000006D6573736167655FAE
:10C640007479706500000000000000000000000028
:10C6500000000000000000000000000000000000DA
:10C6600000000000000000006F7073646B5F746F67
:10C670007069635F76656C6F6369747900000000B0
:10C6800000000000000000000000000000000000AA
:10C690000000000000000000000400000500000091
:10C6A0006D6573736167655F747970650000000084
:10C6B000000000000000000000000000000000007A
:10C6C000000000000000000000000000000000006A
:10C6D0006F7073646B5F746F7069635F616E6775B1
:10C6E0006C61725F726174655F667573696F6E65A8
:10C6F00064000000000000000000000000000000D6
:10C7000000040000060000006D6573736167655FDB
:10C710007479706500000000000000000000000057
:10C720000000000000000000000000000000000009
:10C7300000000000000000006F7073646B5F746F96
:10C740007069635F616E67756C61725F7261746559
:10C750005F72617700000000000000000000000030
:10C7600000000000000000000004000007000000BE
:10C770006D6573736167655F7479706500000000B3
:10C7800000000000000000000000000000000000A9
:10C790000000000000000000000000000000000099
:10C7A0006F7073646B5F746F7069635F616C7469E1
:10C7B000747564655F667573696F6E65640000000B
:10C7C0000000000000000000000000000000000069
:10C7D00000040000080000006D6573736167655F09
:10C7E0007479706500000000000000000000000087
:10C7F0000000000000000000000000000000000039
:10C8000000000000000000006F7073646B5F746FC5
:10C810007069635F616C7469747564655F6261728D
:10C820006F6D65746572000000000000000000007C
:10C8300000000000000000000004000009000000EB
:10C840006D6573736167655F7479706500000000E2
:10C8500000000000000000000000000000000000D8
:10C8600000000000000000000000000000000000C8
:10C870006F7073646B5F746F7069635F616C746910
:10C88000747564655F6F665F686F6D65706F696E04
:10C890007400000000000000000000000000000024
:10C8A000000400000A0000006D6573736167655F36
:10C8B00074797065000000000000000000000000B6
:10C8C0000000000000000000000000000000000068
:10C8D00000000000000000006F7073646B5F746FF5
:10C8E0007069635F6865696768745F667573696FAF
:10C8F0006E000000000000000000000000000000CA
:10C900000000000000000000000400000C00000017
:10C910006D6573736167655F747970650000000011
:10C920000000000000000000000000000000000007
:10C9300000000000000000000000000000000000F7
:10C940006F7073646B5F746F7069635F6770735F40
:10C9500066757365640000000000000000000000C0
:10C9600000000000000000000000000000000000C7
:10C97000000400000D0000006D6573736167655F62
:10C9800074797065000000000000000000000000E5
:10C990000000000000000000000000000000000097
:10C9A00000000000000000006F7073646B5F746F24
:10C9B0007069635F6770735F646174650000000095
:10C9C0000000000000000000000000000000000067
:10C9D0000000000000000000000400000E00000045
:10C9E0006D6573736167655F747970650000000041
:10C9F0000000000000000000000000000000000037
:10CA00000000000000000000000000000000000026
:10CA10006F7073646B5F746F7069635F6770735F6F
:10CA200074696D6500000000000000000000000057
:10CA300000000000000000000000000000000000F6
:10CA4000000400000F0000006D6573736167655F8F
:10CA50007479706500000000000000000000000014
:10CA600000000000000000000000000000000000C6
:10CA700000000000000000006F7073646B5F746F53
:10CA80007069635F6770735F706F736974696F6EED
:10CA90000000000000000000000000000000000096
:10CAA0000000000000000000000400001000000072
:10CAB0006D6573736167655F747970650000000070
:10CAC0000000000000000000000000000000000066
:10CAD0000000000000000000000000000000000056
:10CAE0006F7073646B5F746F7069635F6770735F9F
:10CAF00076656C6F636974790000000000000000C7
:10CB00000000000000000000000000000000000025
:10CB100000040000110000006D6573736167655FBC
:10CB20007479706500000000000000000000000043
:10CB300000000000000000000000000000000000F5
:10CB400000000000000000006F7073646B5F746F82
:10CB50007069635F6770735F64657461696C7300AB
:10CB600000000000000000000000000000000000C5
:10CB7000000000000000000000040000120000009F
:10CB80006D6573736167655F74797065000000009F
:10CB90000000000000000000000000000000000095
:10CBA0000000000000000000000000000000000085
:10CBB0006F7073646B5F746F7069635F6770735FCE
:10CBC0007369676E616C5F6C6576656C0000000070
:10CBD0000000000000000000000000000000000055
:10CBE00000040000130000006D6573736167655FEA
:10CBF0007479706500000000000000000000000073
:10CC00000000000000000000000000000000000024
:10CC100000000000000000006F7073646B5F746FB1
:10CC20007069635F72746B5F706F736974696F6E44
:10CC300000000000000000000000000000000000F4
:10CC400000000000000000000004000014000000CC
:10CC50006D6573736167655F7479706500000000CE
:10CC600000000000000000000000000000000000C4
:10CC700000000000000000000000000000000000B4
:10CC80006F7073646B5F746F7069635F72746B5FF6
:10CC900076656C6F63697479000000000000000025
:10CCA0000000000000000000000000000000000084
:10CCB00000040000150000006D6573736167655F17
:10CCC00074797065000000000000000000000000A2
:10CCD0000000000000000000000000000000000054
:10CCE00000000000000000006F7073646B5F746FE1
:10CCF0007069635F72746B5F796177000000000098
:10CD00000000000000000000000000000000000023
:10CD100000000000000000000004000016000000F9
:10CD20006D6573736167655F7479706500000000FD
:10CD300000000000000000000000000000000000F3
:10CD400000000000000000000000000000000000E3
:10CD50006F7073646B5F746F7069635F72746B5F25
:10CD6000706F736974696F6E5F696E666F00000043
:10CD700000000000000000000000000000000000B3
:10CD800000040000170000006D6573736167655F44
:10CD900074797065000000000000000000000000D1
:10CDA0000000000000000000000000000000000083
:10CDB00000000000000000006F7073646B5F746F10
:10CDC0007069635F72746B5F7961775F696E666FBC
:10CDD0000000000000000000000000000000000053
:10CDE0000000000000000000000400001800000027
:10CDF0006D6573736167655F74797065000000002D
:10CE00000000000000000000000000000000000022
:10CE10000000000000000000000000000000000012
:10CE20006F7073646B5F746F7069635F636F6D7055
:10CE300061737300000000000000000000000000AB
:10CE400000000000000000000000000000000000E2
:10CE500000040000190000006D6573736167655F71
:10CE60007479706500000000000000000000000000
:10CE700000000000000000000000000000000000B2
:10CE800000000000000000006F7073646B5F746F3F
:10CE90007069635F72630000000000000000000022
:10CEA0000000000000000000000000000000000082
:10CEB0000000000000000000000400001C00000052
:10CEC0006D6573736167655F74797065000000005C
:10CED0000000000000000000000000000000000052
:10CEE0000000000000000000000000000000000042
:10CEF0006F7073646B5F746F7069635F7374617478
:10CF000075735F666C69676874000000000000005C
:10CF10000000000000000000000000000000000011
:10CF2000000400001D0000006D6573736167655F9C
:10CF3000747970650000000000000000000000002F
:10CF400000000000000000000000000000000000E1
:10CF500000000000000000006F7073646B5F746F6E
:10CF60007069635F7374617475735F646973706C07
:10CF700061796D6F64650000000000000000000032
:10CF80000000000000000000000400001F0000007E
:10CF90006D6573736167655F74797065000000008B
:10CFA0000000000000000000000000000000000081
:10CFB0000000000000000000000000000000000071
:10CFC0006F7073646B5F746F7069635F73746174A7
:10CFD00075735F6D6F746F725F73746172745F6588
:10CFE00072726F720000000000000000000000007C
:10CFF00000040000210000006D6573736167655FC8
:10D00000747970650000000000000000000000005E
:10D010000000000000000000000000000000000010
:10D0200000000000000000006F7073646B5F746F9D
:10D030007069635F636F6E74726F6C5F646576694D
:10D040006365000000000000000000000000000018
:10D0500000000000000000000004000024000000A8
:10D060006D6573736167655F7479706500000000BA
:10D0700000000000000000000000000000000000B0
:10D0800000000000000000000000000000000000A0
:10D090006F7073646B5F746F7069635F72635F77E7
:10D0A0006974685F666C61675F6461746100000049
:10D0B0000000000000000000000000000000000070
:10D0C00000040000250000006D6573736167655FF3
:10D0D000747970650000000000000000000000008E
:10D0E0000000000000000000000000000000000040
:10D0F00000000000000000006F7073646B5F746FCD
:10D100007069635F6573635F646174610000000050
:10D11000000000000000000000000000000000000F
:10D1200000000000000000000004000026000000D5
:10D130006D6573736167655F7479706500000000E9
:10D1400000000000000000000000000000000000DF
:10D1500000000000000000000000000000000000CF
:10D160006F7073646B5F746F7069635F72746B5F11
:10D17000636F6E6E6563745F7374617475730000C2
:10D18000000000000000000000000000000000009F
:10D1900000040000280000006D6573736167655F1F
:10D1A00074797065000000000000000000000000BD
:10D1B000000000000000000000000000000000006F
:10D1C00000000000000000006F7073646B5F746FFC
:10D1D0007069635F666C696768745F616E6F6D61CB
:10D1E0006C7900000000000000000000000000005A
:10D1F0000000000000000000000400002900000002
:10D200006D6573736167655F747970650000000018
:10D21000000000000000000000000000000000000E
:10D2200000000000000000000000000000000000FE
:10D230006F7073646B5F746F7069635F706F736935
:10D2400074696F6E5F766F000000000000000000E0
:10D2500000000000000000000000000000000000CE
:10D26000000400002A0000006D6573736167655F4C
:10D2700074797065000000000000000000000000EC
:10D28000000000000000000000000000000000009E
:10D2900000000000000000006F7073646B5F746F2B
:10D2A0007069635F61766F69645F646174610000D7
:10D2B000000000000000000000000000000000006E
:10D2C0000000000000000000000400002B0000002F
:10D2D0006D6573736167655F747970650000000048
:10D2E000000000000000000000000000000000003E
:10D2F000000000000000000000000000000000002E
:10D300006F7073646B5F746F7069635F686F6D6576
:10D310005F706F696E745F7365745F737461747549
:10D32000730000000000000000000000000000008A
:10D33000000400002C0000006D6573736167655F79
:10D34000747970650000000000000000000000001B
:10D3500000000000000000000000000000000000CD
:10D3600000000000000000006F7073646B5F746F5A
:10D370007069635F686F6D655F706F696E745F6918
:10D380006E666F000000000000000000000000005A
:10D390000000000000000000000400000000000188
:10D3A0006D6573736167655F747970650000000077
:10D3B000000000000000000000000000000000006D
:10D3C000000000000000000000000000000000005D
:10D3D00069725F706F696E745F746865726D6F6D8E
:10D3E0006574727900000000000000000000000079
:10D3F000000000000000000000000000000000002D
:10D4000000040000010000016D6573736167655FD2
:10D41000747970650000000000000000000000004A
:10D4200000000000000000000000000000000000FC
:10D43000000000000000000069725F617265615FBA
:10D44000746865726D6F6D6574727900000000001C
:10D4500000000000000000000000000000000000CC
:10D4600000000000000000000004000002000001B5
:10D470006D6573736167655F7479706500000000A6
:10D48000000000000000000000000000000000009C
:10D49000000000000000000000000000000000008C
:10D4A0006D756C74695F73747265616D5F667573B9
:10D4B000696F6E5F6D6F6465000000000000000022
:10D4C000000000000000000000000000000000005C
:10D4D00000040000030000016D6573736167655F00
:10D4E000747970650000000000000000000000007A
:10D4F000000000000000000000000000000000002C
:10D50000000000000000000063616D5F73746174CF
:10D510007573000000000000000000000000000023
:10D5200000000000000000000000000000000000FB
:10D5300000000000000000000004000004000001E2
:10D540006D6573736167655F7479706500000000D5
:10D5500000000000000000000000000000000000CB
:10D5600000000000000000000000000000000000BB
:10D5700063616D5F6C656E735F73746174650000E9
:10D58000000000000000000000000000000000009B
:10D59000000000000000000000000000000000008B
:10D5A00000040000050000016D6573736167655F2D
:10D5B00074797065000000000000000000000000A9
:10D5C000000000000000000000000000000000005B
:10D5D000000000000000000063616D5F70686F7400
:10D5E0006F5F706172616D0000000000000000005C
:10D5F000000000000000000000000000000000002B
:10D60000000000000000000000040000060000010F
:10D610006D6573736167655F747970650000000004
:10D6200000000000000000000000000000000000FA
:10D6300000000000000000000000000000000000EA
:10D6400063616D5F7265636F72645F74696D6500BD
:10D6500000000000000000000000000000000000CA
:10D6600000000000000000000000000000000000BA
:10D6700000040000070000016D6573736167655F5A
:10D6800074797065000000000000000000000000D8
:10D69000000000000000000000000000000000008A
:10D6A000000000000000000063616D5F73746F7222
:10D6B000616765000000000000000000000000003D
:10D6C000000000000000000000000000000000005A
:10D6D000000000000000000000040000080000013D
:10D6E0006D6573736167655F747970650000000034
:10D6F000000000000000000000000000000000002A
:10D700000000000000000000000000000000000019
:10D7100063616D5F6578706F5F706172616D00004D
:10D7200000000000000000000000000000000000F9
:10D7300000000000000000000000000000000000E9
:10D7400000040000446A6944617461537562736344
:10D7500072697074696F6E4464735F76325F496E8C
:10D76000697400000200000099000000FFFF00FF44
:10D77000B1EA0008446A6944617461537562736375
:10D7800072697074696F6E4464735F76325F44656A
:10D79000496E69740000000002000000990000005A
:10D7A000FFFF00FFB1EA0008446A694461746153F5
:10D7B0007562736372697074696F6E4464735F76C7
:10D7C000325F537562736372696265546F70696327
:10D7D00000446A694461746153756273637269706D
:10D7E00074696F6E4464735F76325F556E737562F1
:10D7F000736372696265546F70696300446A694457
:10D80000617461537562736372697074696F6E4499
:10D8100064735F76325F4765744C61737456616CF4
:10D8200075654F66546F70696300446A694461743A
:10D8300061537562736372697074696F6E44647367
:10D840005F76325F476574546F70696343616C6CD7
:10D850006261636B496E64657842794E616D650003
:10D86000446A694461746153756273637269707468
:10D87000696F6E4464735F76325F5265637650758C
:10D88000626C6973684461746143616C6C6261636A
:10D890006B00446A694461746153756273637269B1
:10D8A0007074696F6E4464735F556E7375627363F1
:10D8B00072696265546F70696343616C6C62616325
:10D8C0006B000000000000006F7073646B5F746F8A
:10D8D0007069635F7175617465726E696F6E000067
:10D8E0000000000000000000000000000000000038
:10D8F0000000000000000000010000040100000022
:10D900006F7073646B5F746F7069635F616363658D
:10D910006C65726174696F6E5F67726F756E6400BB
:10D9200000000000000000000000000000000000F7
:10D9300001000004020000006F7073646B5F746F7D
:10D940007069635F616363656C65726174696F6E52
:10D950005F626F64790000000000000000000000BA
:10D9600000000000000000000100000403000000AF
:10D970006F7073646B5F746F7069635F616363651D
:10D980006C65726174696F6E5F7261770000000090
:10D990000000000000000000000000000000000087
:10D9A00001000004040000006F7073646B5F746F0B
:10D9B0007069635F76656C6F63697479000000005D
:10D9C0000000000000000000000000000000000057
:10D9D000000000000000000001000004050000003D
:10D9E0006F7073646B5F746F7069635F616E67758E
:10D9F0006C61725F726174655F667573696F6E6585
:10DA000064000000000000000000000000000000B2
:10DA100001000004060000006F7073646B5F746F98
:10DA20007069635F616E67756C61725F7261746566
:10DA30005F7261770000000000000000000000003D
:10DA400000000000000000000100000407000000CA
:10DA50006F7073646B5F746F7069635F616C74691E
:10DA6000747564655F667573696F6E656400000048
:10DA700000000000000000000000000000000000A6
:10DA800001000004080000006F7073646B5F746F26
:10DA90007069635F616C7469747564655F626172FB
:10DAA0006F6D6574657200000000000000000000EA
:10DAB0000000000000000000010000040900000058
:10DAC0006F7073646B5F746F7069635F616C7469AE
:10DAD000747564655F6F665F686F6D65706F696EA2
:10DAE00074000000000000000000000000000000C2
:10DAF000010000040A0000006F7073646B5F746FB4
:10DB00007069635F6865696768745F667573696F7C
:10DB10006E00000000000000000000000000000097
:10DB20000000000000000000010000040C000000E4
:10DB30006F7073646B5F746F7069635F6770735F3E
:10DB400066757365640000000000000000000000BE
:10DB500000000000000000000000000000000000C5
:10DB6000010000040D0000006F7073646B5F746F40
:10DB70007069635F6770735F6461746500000000C3
:10DB80000000000000000000000000000000000095
:10DB90000000000000000000010000040E00000072
:10DBA0006F7073646B5F746F7069635F6770735FCE
:10DBB00074696D65000000000000000000000000B6
:10DBC0000000000000000000000000000000000055
:10DBD000010000040F0000006F7073646B5F746FCE
:10DBE0007069635F6770735F706F736974696F6E7C
:10DBF0000000000000000000000000000000000025
:10DC000000000000000000000100000410000000FF
:10DC10006F7073646B5F746F7069635F6770735F5D
:10DC200076656C6F63697479000000000000000085
:10DC300000000000000000000000000000000000E4
:10DC400001000004110000006F7073646B5F746F5B
:10DC50007069635F6770735F64657461696C73009A
:10DC600000000000000000000000000000000000B4
:10DC7000000000000000000001000004120000008D
:10DC80006F7073646B5F746F7069635F6770735FED
:10DC90007369676E616C5F6C6576656C000000008F
:10DCA0000000000000000000000000000000000074
:10DCB00001000004130000006F7073646B5F746FE9
:10DCC0007069635F72746B5F706F736974696F6E94
:10DCD0000000000000000000000000000000000044
:10DCE000000000000000000001000004140000001B
:10DCF0006F7073646B5F746F7069635F72746B5F76
:10DD000076656C6F636974790000000000000000A4
:10DD10000000000000000000000000000000000003
:10DD200001000004150000006F7073646B5F746F76
:10DD30007069635F72746B5F796177000000000047
:10DD400000000000000000000000000000000000D3
:10DD500000000000000000000100000416000000A8
:10DD60006F7073646B5F746F7069635F72746B5F05
:10DD7000706F736974696F6E5F696E666F00000023
:10DD80000000000000000000000000000000000093
:10DD900001000004170000006F7073646B5F746F04
:10DDA0007069635F72746B5F7961775F696E666FCC
:10DDB0000000000000000000000000000000000063
:10DDC0000000000000000000010000041800000036
:10DDD0006F7073646B5F746F7069635F636F6D7096
:10DDE00061737300000000000000000000000000EC
:10DDF0000000000000000000000000000000000023
:10DE000001000004190000006F7073646B5F746F91
:10DE10007069635F72630000000000000000000092
:10DE200000000000000000000000000000000000F2
:10DE30000000000000000000010000041C000000C1
:10DE40006F7073646B5F746F7069635F7374617418
:10DE500075735F666C6967687400000000000000FD
:10DE600000000000000000000000000000000000B2
:10DE7000010000041D0000006F7073646B5F746F1D
:10DE80007069635F7374617475735F646973706CD8
:10DE900061796D6F64650000000000000000000003
:10DEA0000000000000000000010000041F0000004E
:10DEB0006F7073646B5F746F7069635F73746174A8
:10DEC00075735F6D6F746F725F73746172745F6589
:10DED00072726F720000000000000000000000007D
:10DEE00001000004210000006F7073646B5F746FA9
:10DEF0007069635F636F6E74726F6C5F646576697F
:10DF00006365000000000000000000000000000049
:10DF100000000000000000000100000424000000D8
:10DF20006F7073646B5F746F7069635F72635F7748
:10DF30006974685F666C61675F64617461000000AA
:10DF400000000000000000000000000000000000D1
:10DF500001000004250000006F7073646B5F746F34
:10DF60007069635F6573635F6461746100000000E2
:10DF700000000000000000000000000000000000A1
:10DF80000000000000000000010000042600000066
:10DF90006F7073646B5F746F7069635F72746B5FD3
:10DFA000636F6E6E6563745F737461747573000084
:10DFB0000000000000000000000000000000000061
:10DFC00001000004280000006F7073646B5F746FC1
:10DFD0007069635F666C696768745F616E6F6D61BD
:10DFE0006C7900000000000000000000000000004C
:10DFF00000000000000000000100000429000000F3
:10E000006F7073646B5F746F7069635F706F736957
:10E0100074696F6E5F766F00000000000000000002
:10E0200000000000000000000000000000000000F0
:10E03000010000042A0000006F7073646B5F746F4E
:10E040007069635F61766F69645F64617461000029
:10E0500000000000000000000000000000000000C0
:10E060000000000000000000010000042B00000080
:10E070006F7073646B5F746F7069635F686F6D65F9
:10E080005F706F696E745F7365745F7374617475CC
:10E09000730000000000000000000000000000000D
:10E0A000010000042C0000006F7073646B5F746FDC
:10E0B0007069635F686F6D655F706F696E745F69CB
:10E0C0006E666F000000000000000000000000000D
:10E0D000000000000000000001000004000000013A
:10E0E00069725F706F696E745F746865726D6F6D71
:10E0F000657472790000000000000000000000005C
:10E10000000000000000000000000000000000000F
:10E11000020000040100000169725F617265615FC5
:10E12000746865726D6F6D6574727900000000002F
:10E1300000000000000000000000000000000000DF
:10E1400000000000000000000200000402000001C6
:10E150006D756C74695F73747265616D5F667573FC
:10E16000696F6E5F6D6F6465000000000000000065
:10E17000000000000000000000000000000000009F
:10E18000020000040300000163616D5F7374617439
:10E190007573000000000000000000000000000097
:10E1A000000000000000000000000000000000006F
:10E1B0000000000000000000020000040400000154
:10E1C00063616D5F6C656E735F737461746500008D
:10E1D000000000000000000000000000000000003F
:10E1E000000000000000000000000000000000002F
:10E1F000020000040500000163616D5F70686F74C8
:10E200006F5F706172616D0000000000000000002F
:10E2100000000000000000000000000000000000FE
:10E2200000000000000000000200000406000001E1
:10E2300063616D5F7265636F72645F74696D6500C1
:10E2400000000000000000000000000000000000CE
:10E2500000000000000000000000000000000000BE
:10E26000020000040700000163616D5F73746F7248
:10E270006167650000000000000000000000000071
:10E28000000000000000000000000000000000008E
:10E29000000000000000000002000004080000016F
:10E2A00063616D5F6578706F5F706172616D0000B2
:10E2B000000000000000000000000000000000005E
:10E2C000000000000000000000000000000000004E
:10E2D000020000040300000163616D5F73746174E8
:10E2E0007573000000000000000000000000000046
:10E2F000000000000000000000000000000000001E
:10E300000000000000000000020000040400000102
:10E3100063616D5F6C656E735F737461746500003B
:10E3200000000000000000000000000000000000ED
:10E3300000000000000000000000000000000000DD
:10E34000020000040500000163616D5F70686F7476
:10E350006F5F706172616D000000000000000000DE
:10E3600000000000000000000000000000000000AD
:10E370000000000000000000020000040600000190
:10E3800063616D5F7265636F72645F74696D650070
:10E39000000000000000000000000000000000007D
:10E3A000000000000000000000000000000000006D
:10E3B000020000040700000163616D5F73746F72F7
:10E3C0006167650000000000000000000000000020
:10E3D000000000000000000000000000000000003D
:10E3E000000000000000000002000004080000011E
:10E3F00063616D5F6578706F5F706172616D000061
:10E40000000000000000000000000000000000000C
:10E4100000000000000000000000000000000000FC
:10E42000020000040900000163616D5F7379735F8E
:10E430007374617475730000000000000000000038
:10E4400000000000000000000000000000000000CC
:10E450000000000000000000020000040A000001AB
:10E46000706C61796261636B5F706172616D0000F5
:10E47000000000000000000000000000000000009C
:10E48000000000000000000000000000000000008C
:10E49000020000040B0000016C656E735F696E661C
:10E4A0006F000000000000000000000000000000FD
:10E4B000000000000000000000000000000000005C
:10E4C0000000000000000000020000040C00000139
:10E4D00063616D5F686561727462656174000000FC
:10E4E000000000000000000000000000000000002C
:10E4F000000000000000000000000000000000001C
:10E5000002000004446A6944617461537562736374
:10E5100072697074696F6E4464735F76335F436CC5
:10E52000656172546F70696343616C6C4261636BC7
:10E53000496E666F00446A69446174615375627321
:10E540006372697074696F6E4464735F76335F4998
:10E550006E6974000200000099000000FFFF00FFD8
:10E56000A1020108446A694461746153756273636E
:10E5700072697074696F6E4464735F76335F44656B
:10E58000496E69740000000002000000990000005C
:10E59000FFFF00FFA1020108446A694461746153EE
:10E5A0007562736372697074696F6E4464735F76C9
:10E5B000335F537562736372696265546F70696328
:10E5C000496E6E657200446A694461746153756294
:10E5D000736372697074696F6E4464735F76335FDE
:10E5E0005075626C697368546F706963496E6E65CB
:10E5F0007200446A6944617461537562736372693D
:10E600007074696F6E4464735F76335F5075626CCB
:10E61000697368546F70696300446A694461746126
:10E62000537562736372697074696F6E4464735F6B
:10E6300076335F537562736372696265546F706994
:10E640006300446A694461746153756273637269FB
:10E650007074696F6E4464735F76335F556E737563
:10E6600062736372696265546F706963496E6E6547
:10E670007200446A694461746153756273637269BC
:10E680007074696F6E4464735F76335F556E737533
:10E6900062736372696265546F70696300446A698A
:10E6A00044617461537562736372697074696F6EEB
:10E6B0004464735F76335F4765744C61737456616D
:10E6C0006C75654F66546F70696300446A69446194
:10E6D0007461537562736372697074696F6E4464B8
:10E6E000735F76335F476574546F70696343616C21
:10E6F0006C6261636B496E64657842794E616D65E9
:10E70000416E644464734167656E74496400446A91
:10E710006944617461537562736372697074696F7F
:10E720006E4464735F76335F526563765075626CD6
:10E730006973684461746143616C6C6261636B000E
:10E74000446A694461746153756273637269707479
:10E75000696F6E4464735F556E737562736372693B
:10E760006265546F70696343616C6C6261636B00D6
:10E77000446A69446576696365496E666F50617283
:10E7800073655F5061727365416C6C496E666F00B2
:10E79000446A69446576696365496E666F50617263
:10E7A00073655F5061727365446576696365496E30
:10E7B000666F00446A69446576696365496E666F91
:10E7C00050617273655F50617273654368616E6E0C
:10E7D000656C496E666F00446A6944657669636575
:10E7E000496E666F50617273655F50617273654800
:10E7F0006F7374496E666F00446A69446576696335
:10E8000065496E666F50617273655F5061727365C2
:10E8100044617461496E666F00446A694465766953
:10E820006365496E666F50617273655F50617273A4
:10E8300065436F6D6D616E6400446A69446F776E05
:10E840006C6F6164446174615F4765744F626A65AF
:10E85000637400446A69446F776E6C6F61644461ED
:10E8600074615F52656769737465724F626A65634C
:10E870007400446A69446F776E6C6F616446696CBA
:10E88000655F497346696C654C69737447656E656D
:10E89000726174656400446A69446F776E6C6F617D
:10E8A0006446696C655F47657446696C65436F755E
:10E8B0006E7400446A69446F776E6C6F6164466978
:10E8C0006C655F47657446696C65496E666F427931
:10E8D0004C697374496E64657800446A69446F7763
:10E8E0006E6C6F616446696C655F47657446696C00
:10E8F00065496E666F00446A69446F776E6C6F613C
:10E900006446696C655F47657446696C654461740B
:10E910006100446A69446F776E6C6F616446696C2C
:10E92000655F43726561746546696C6500446A6938
:10E93000446F776E6C6F616446696C655F446573A4
:10E9400074726F7946696C6500446A69446F776ECA
:10E950006C6F616446696C655F4765744F626A6598
:10E96000637400446A69446F776E6C6F61644669D2
:10E970006C655F52656769737465724F626A65633F
:10E980007400446A69446F776E6C6F6164526567A6
:10E9900069737465725F496E697400446A694C6991
:10E9A0006E6B65725F496E697400446A694C696E8A
:10E9B0006B65725F4465496E697400446A694C69AD
:10E9C0006E6B65725F53656E644D736700446A6970
:10E9D0004C696E6B65725F526563765461736B0050
:10E9E000446A694D6F756E74506F736974696F6EA8
:10E9F0005F4765744F6E457874656E73696F6E50CE
:10EA00006F727400446A694D6F756E74506F7369EC
:10EA100074696F6E5F4765744F6E5061796C6F619A
:10EA200064506F727400446A694D6F756E74506FF4
:10EA3000736974696F6E5F47657442794E65676F7D
:10EA400074696174696F6E526573756C7400446AA1
:10EA5000694D7367715F43726561746500446A69EB
:10EA60004D7367715F44657374726F7900446A69AE
:10EA70004D7367715F5265637600446A694D7367D1
:10EA8000715F53656E6400446A694D7367715F47D7
:10EA90006574436F756E7400010100E5653C3E00CE
:10EAA0000000000001020100000000000000000062
:10EAB000020100E5653C3E0000000000020201008A
:10EAC0000000000000000000030200CA3D00F0004A
:10EAD00000000000040200CA3D00F0000000000039
:10EAE000060200CA3D00F00000000000060300EA34
:10EAF0001D00F00000000000080200CA3D00F00008
:10EB000000000000080300EA1D00F0000000000003
:10EB1000090200CA3D00F00000000000090300EAFD
:10EB20001D00F00000000000050100E5653C3E000E
:10EB300000000000050200CA3D00F00000000000D7
:10EB4000070300EA1D00F000000000000A04006551
:10EB50001D00F000D11D02080A0100E51D00F000B3
:10EB6000D11D0208446A695265636F726465725010
:10EB70006172616D436F6E6669675F47657400DC43
:10EB8000BDBE42D5F5A72E6EFCF55DAF9DEA687C53
:10EB9000FBF167AB288D8AD7D95992BACCF8672098
:10EBA000E1152E398D8036D66FF0FD90E87D8BE132
:10EBB0007C8759446A6953646B41646170746572FF
:10EBC000547970655F4765744F6E5061796C6F6101
:10EBD00064506F727400446A6953646B416461707D
:10EBE000746572547970655F4765744279536572D4
:10EBF00069616C4E756D626572000000446A69411E
:10EC00007574685F53646B456E6372797074696F75
:10EC10006E43686970496E6974000000020000006C
:10EC200036000000FFFF00FF116900080200003CF1
:10EC30005B000000FFFF00FFCD6C0008446A6941E3
:10EC40007574685F53646B456E6372797074696F35
:10EC50006E436869704465496E6974000200000083
:10EC600036000000FFFF00FF116900080200003CB1
:10EC70005B000000FFFF00FFCD6C0008446A6941A3
:10EC80007574685F47657453646B456E6372797021
:10EC900074696F6E4368697042696E64537461741D
:10ECA0006500446A69417574685F5365637572698C
:10ECB00074794175746848616E646C6500446A6972
:10ECC000417574685F5365637572697479436869E7
:10ECD00070436F6D6D756E696361746548616E64D4
:10ECE0006C6500446A6953646B56657273696F6E34
:10ECF00041636B5F5061727365000000982F8A4218
:10ED000091443771CFFBC0B5A5DBB5E95BC256397D
:10ED1000F111F159A4823F92D55E1CAB98AA07D895
:10ED2000015B8312BE853124C37D0C55745DBE72B8
:10ED3000FEB1DE80A706DC9B74F19BC1C1699BE438
:10ED40008647BEEFC69DC10FCCA10C246F2CE92DC8
:10ED5000AA84744ADCA9B05CDA88F97652513E98EC
:10ED60006DC631A8C82703B0C77F59BFF30BE0C6F3
:10ED70004791A7D55163CA0667292914850AB72781
:10ED800038211B2EFC6D2C4D130D385354730A651E
:10ED9000BB0A6A762EC9C281852C7292A1E8BFA2F5
:10EDA0004B661AA8708B4BC2A3516CC719E892D15D
:10EDB000240699D685350EF470A06A1016C1A419E0
:10EDC000086C371E4C774827B5BCB034B30C1C39DF
:10EDD0004AAAD84E4FCA9C5BF36F2E68EE828F749E
:10EDE0006F63A5781478C8840802C78CFAFFBE90B8
:10EDF000EB6C50A4F7A3F9BEF27871C6859A0208AD
:10EE0000D59A0208CD990208559A02082000000000
:10EE1000446A6953746174654D616368696E655FC6
:10EE2000496E697400446A69576964676574466924
:10EE30006C655F4765744F626A65637400446A6914
:10EE400057696467657446696C655F526567697385
:10EE50007465724F626A65637400446A69576964D5
:10EE600067657446696C6541727261795F52656766
:10EE7000697374657200446A6957696467657446AA
:10EE8000696C6541727261795F496E697400446AA8
:10EE90006957696467657446696C65417272617926
:10EEA0005F47656E657261746546696C654C697330
:10EEB0007400446A6957696467657446696C6541A2
:10EEC000727261795F47657446696C6553697A65EA
:10EED00000446A6957696467657446696C65417284
:10EEE0007261795F47657446696C6544617461005D
:10EEF000446A6957696467657446696C65417272F2
:10EF000061795F47657446696C65496E6465780030
:10EF1000446A6957696467657446696C654E6F72C7
:10EF20006D616C5F526567697374657200446A69EC
:10EF300057696467657446696C654E6F726D616C84
:10EF40005F496E697400446A69576964676574460D
:10EF5000696C654E6F726D616C5F47656E6572615D
:10EF6000746546696C654C69737400446A695769D5
:10EF70006467657446696C654E6F726D616C5F475E
:10EF8000657446696C6553697A6500446A695769B6
:10EF90006467657446696C654E6F726D616C5F473E
:10EFA000657443726561746554696D6500446A698E
:10EFB00057696467657446696C654E6F726D616C04
:10EFC0005F47657446696C654461746100000000C8
:10EFD00000000000717C0008157C0008B97D000865
:10EFE000597D000801000000157A000889790008A1
:10EFF0008D7B0008057B000802000000797E000878
:10F00000197E0008757F0008F97E0008446A694C83
:10F01000696E6B65725F6765744368616E6E656C7F
:10F020004F707300446A694461746153756273631D
:10F0300072697074696F6E4462325F496E69740000
:10F04000446A694461746153756273637269707470
:10F05000696F6E4462325F4465496E697400446A48
:10F060006944617461537562736372697074696F26
:10F070006E4462325F537562736372696265546F86
:10F0800070696300446A69446174615375627363B3
:10F0900072697074696F6E4462325F556E73756227
:10F0A000736372696265546F70696300446A69448E
:10F0B000617461537562736372697074696F6E44D1
:10F0C00062325F4765744C61737456616C7565009C
:10F0D000446A6944617461537562736372697074E0
:10F0E000696F6E4464735F76325F5872636556650C
:10F0F0007273696F6E436865636B00446A6944614B
:10F100007461537562736372697074696F6E44647D
:10F11000735F76325F5872636553756273637269A9
:10F120006265546F70696300446A69446174615335
:10F130007562736372697074696F6E4464735F762D
:10F14000325F58726365557064617465546F70699D
:10F1500063506572696F6400446A69446174615305
:10F160007562736372697074696F6E4464735F76FD
:10F17000325F5872636553746F7053756273637254
:10F18000696265546F70696300446A6944617461BF
:10F19000537562736372697074696F6E4464735FF0
:10F1A00076335F5872636556657273696F6E436834
:10F1B00065636B00446A694461746153756273638B
:10F1C00072697074696F6E4464735F76335F5872EE
:10F1D00063655075626C697368546F70696300444D
:10F1E0006A694461746153756273637269707469AA
:10F1F0006F6E4464735F76335F58726365537562F4
:10F20000736372696265546F70696300446A69442C
:10F21000617461537562736372697074696F6E446F
:10F2200064735F76335F58726365557064617465AB
:10F23000546F706963506572696F6400446A694411
:10F24000617461537562736372697074696F6E443F
:10F2500064735F76335F5872636553746F70537570
:10F2600062736372696265546F70696300446A69AE
:10F27000446F776E6C6F61644461746146696C655C
:10F280005F526567697374657200446A69446F7799
:10F290006E6C6F61644461746146696C655F496E50
:10F2A000697400446A69446F776E6C6F616444618D
:10F2B000746146696C655F47657444617461546F3D
:10F2C00074616C4C656E67746800446A69446F775A
:10F2D0006E6C6F61644461746146696C655F47651B
:10F2E000744461746100446A69446F776E6C6F6145
:10F2F00064446174614C6973745F496E697400445D
:10F300006A69446F776E6C6F6164446174614C69C3
:10F3100073745F47656E6572617465446174610002
:10F32000446A69446F776E6C6F6164446174614CC8
:10F330006973745F47657446696C654E616D654CB1
:10F34000656E67746800446A69446F776E6C6F61BC
:10F3500064446174614C6973745F50617468546F84
:10F360004E616D650000000001000000E110020820
:10F37000C912020802000000DD1502080D1702087C
:10F38000446A6950726F746F636F6C5F6765745025
:10F39000726F746F636F6C4F707300446A6953646B
:10F3A0006B41637469766174655F457874656E73EB
:10F3B000696F6E506F7274416374697661746553DE
:10F3C000796E6300446A6953646B41637469766162
:10F3D00074655F457874656E73696F6E506F727493
:10F3E000416374697661746553796E63427956310D
:10F3F00000446A6953646B41637469766174655F44
:10F4000047657444726F6E65535756657273696FC2
:10F410006E53796E6300446A6953646B4163746927
:10F42000766174655F47657444726F6E65535756B5
:10F43000657273696F6E53796E63563100446A6901
:10F4400053646B41637469766174655F4F53444BD9
:10F45000416374697661746553796E6300446A69C7
:10F4600053646B41637469766174655F4F53444BB9
:10F47000416374697661746553796E63427956317C
:10F4800000446A6953646B41637469766174655FB3
:10F490005265706F7274427275696564506F696EFF
:10F4A000744461746100446A6953646B41637469B4
:10F4B000766174655F5265706F72744576656E74BF
:10F4C0004461746100446A694175746841646170A3
:10F4D0007465725F496E697400446A694175746845
:10F4E000416461707465725F4465496E697400447B
:10F4F0006A6941757468416461707465725F4765DB
:10F50000745365496400446A694175746841646173
:10F51000707465725F5265616446696C6500446A27
:10F520006941757468416461707465725F5772698E
:10F53000746546696C6500446A6941757468416424
:10F5400061707465725F4173796D5369676E0044D1
:10F550006A6941757468416461707465725F417372
:10F56000796D56657269667900446A694175746897
:10F57000416461707465725F47657446696442797D
:10F580005479706500000000CD9B0208019C0208C0
:10F59000159B02089D9B020814000000446A694301
:10F5A00068616E6E656C5F62756C6B496E69740044
:10F5B000446A694368616E6E656C5F62756C6B442A
:10F5C00065696E697400446A694368616E6E656C52
:10F5D0005F62756C6B577269746500446A69436851
:10F5E000616E6E656C5F62756C6B52656164004440
:10F5F0006A694368616E6E656C5F75617274496EAD
:10F60000697400446A694368616E6E656C5F756118
:10F6100072744465696E697400446A694368616E16
:10F620006E656C5F756172745265616400446A69ED
:10F630004368616E6E656C5F756172745772697450
:10F640006500446A694368616E6E656C5F756470DD
:10F65000496E697400446A694368616E6E656C5FE7
:10F660007564704465696E697400446A69436861D1
:10F670006E6E656C5F7564705265616400446A69A2
:10F680004368616E6E656C5F75647057726974650E
:10F6900000446A694461746153756273637269708E
:10F6A00074696F6E5061636B6167655F4164645438
:10F6B0006F70696300446A69446174615375627371
:10F6C0006372697074696F6E5061636B6167655FC7
:10F6D000437574546F70696300446A69446174616E
:10F6E000537562736372697074696F6E5061636B96
:10F6F0006167655F496E697400446A694461746159
:10F70000537562736372697074696F6E5061636B75
:10F710006167655F4465696E697400446A69446144
:10F720007461537562736372697074696F6E50614E
:10F73000636B6167655F53756273637269626500CD
:10F74000446A694461746153756273637269707469
:10F75000696F6E5061636B6167655F556E5375626B
:10F7600073637269626500446A69446174615375C8
:10F7700062736372697074696F6E5075626C6973DD
:10F780006865725F496E69745075626C697368650B
:10F790007200446A6944617461537562736372698B
:10F7A0007074696F6E5075626C69736865725F44DE
:10F7B00065696E69745075626C697368657200443E
:10F7C0006A694461746153756273637269707469C4
:10F7D0006F6E5075626C69736865725F46696E64BE
:10F7E00049646C655061636B61676500446A694494
:10F7F000617461537562736372697074696F6E507E
:10F8000075626C69736865725F46696E64506163A6
:10F810006B6167654279496E64657800446A694442
:10F82000617461537562736372697074696F6E504D
:10F8300075626C69736865725F46696E6450616376
:10F840006B61676542794672657175656E637900B3
:10F85000446A694461746153756273637269707458
:10F86000696F6E5075626C69736865725F46696E28
:10F87000645061636B6167654279546F7069634E70
:10F88000616D6500446A69446174615375627363B4
:10F8900072697074696F6E5075626C6973686572B5
:10F8A0005F436865636B546F706963537570706F05
:10F8B0007274656400446A6944617461537562736B
:10F8C0006372697074696F6E5075626C6973686594
:10F8D000725F5265637646434461746144623248A4
:10F8E000616E646C65000000000000001000C8003C
:10F8F000010000000C00C800020000000C00C8005D
:10F90000030000000C009001040000000D00C8007E
:10F91000050000000C00C800060000000C0090016B
:10F92000070000000400C800080000000400C80030
:10F9300009000000040001000A0000000400640047
:10F940000B0000000400C8000C0000001600C800F6
:10F950000D000000040005000E000000040005007A
:10F960000F0000000C000500100000000C00050056
:10F970001100000024000500130000001400050021
:10F98000140000000C000500150000000200050036
:10F99000160000000100050017000000010005002E
:10F9A0001800000006006400190000000C0032007E
:10F9B0001A0000000C0032001B000000040032009E
:10F9C0001C000000010032001D0000000100320098
:10F9D0001E000000010032001F0000000200320083
:10F9E000200000000D003200210000000200320063
:10F9F00022000000370090011200000001003200D8
:10FA00002300000001003200240000001100320039
:10FA100025000000500032002600000002003200E5
:10FA2000270000000100320028000000040032001E
:10FA3000290000000D00C8002A0000001900640021
:10FA40002B000000010032002C00000010003200EA
:10FA50002D00000024003200300000004000320081
:10FA6000446A694461746153756273637269707446
:10FA7000696F6E546F7069635F546F70696354612E
:10FA8000626C65496E697400446A694461746153CB
:10FA90007562736372697074696F6E546F706963B5
:10FAA0005F546F7069635461626C654465696E6927
:10FAB0007400446A69446174615375627363726966
:10FAC0007074696F6E546F7069635F476574546FCB
:10FAD0007069635061726100446A69446174615382
:10FAE0007562736372697074696F6E546F70696365
:10FAF0005F47657456616C75654F66546F706963D6
:10FB000000446A6944617461537562736372697019
:10FB100074696F6E546F7069635F5570646174656A
:10FB200044617461466F72546F70696300446A691E
:10FB300044617461537562736372697074696F6E46
:10FB4000546F7069635F5570646174654D756C7452
:10FB500069537562417267466F72546F70696300D2
:10FB6000446A694461746153756273637269707445
:10FB7000696F6E546F7069635F436C6561724D7538
:10FB80006C7469537562417267466F72546F706925
:10FB90006300446A69446174615375627363726996
:10FBA0007074696F6E546F7069635F43616C6C4110
:10FBB00073796E6343616C6C6261636B4F66546F03
:10FBC00070696300446A6950726F746F636F6C5F31
:10FBD00073646B5061636B00446A6950726F746F39
:10FBE000636F6C5F73646B556E7061636B00446A26
:10FBF0006950726F746F636F6C5F76315061636BC5
:10FC000000446A6950726F746F636F6C5F76315530
:10FC10006E7061636B000000005EBCE2613FDD83DB
:10FC2000C29C7E20A3FD1F419DC3217FFCA2401EDC
:10FC30005F01E3BD3E6082DC237D9FC1421CFEA0CC
:10FC4000E1BF5D0380DE3C62BEE0025CDF81633DBC
:10FC50007C22C09E1D43A1FF4618FAA427799BC5AC
:10FC600084DA3866E5BB5907DB856739BAE406589C
:10FC70001947A5FB7826C49A653BD987045AB8E68C
:10FC8000A7F91B45C6987A24F8A6441A99C7257B7C
:10FC90003A6486D85B05E7B98CD2306EEDB3510F6C
:10FCA0004E10F2AC2F7193CD114FADF3702ECC925C
:10FCB000D38D6F31B2EC0E50AFF1134DCE90722C4C
:10FCC0006D33D18F0C52B0EE326C8ED0530DEFB13C
:10FCD000F0AE4C1291CF2D73CA947628ABF517492C
:10FCE0000856B4EA6937D58B5709EBB536688AD41C
:10FCF00095CB2977F4AA4816E9B7550B88D6346A0C
:10FD00002B7597C94A14F6A8742AC896154BA9F7FB
:10FD1000B6E80A54D7896B350000891112239B324B
:10FD20002446AD573665BF74488CC19D5AAFD3BECB
:10FD30006CCAE5DB7EE9F7F88110080193331A22DB
:10FD4000A5562C47B7753E64C99C408DDBBF52AEAB
:10FD5000EDDA64CBFFF976E802218B3010029913BB
:10FD60002667AF763444BD554AADC3BC588ED19F8B
:10FD70006EEBE7FA7CC8F5D983310A20911218039B
:10FD8000A7772E66B5543C45CBBD42ACD99E508F6B
:10FD9000EFFB66EAFDD874C904428D5316619F706B
:10FDA0002004A9153227BB364CCEC5DF5EEDD7FC4B
:10FDB0006888E1997AABF3BA85520C4397711E605B
:10FDC000A1142805B3373A26CDDE44CFDFFD56EC2B
:10FDD000E9986089FBBB72AA06638F7214409D513B
:10FDE0002225AB343006B9174EEFC7FE5CCCD5DD0B
:10FDF0006AA9E3B8788AF19B87730E6295501C411B
:10FE0000A3352A24B1163807CFFF46EEDDDC54CDEA
:10FE1000EBB962A8F99A708B088481951AA793B6FA
:10FE20002CC2A5D33EE1B7F04008C919522BDB3AEA
:10FE3000644EED5F766DFF7C899400859BB712A6BA
:10FE4000ADD224C3BFF136E0C1184809D33B5A2ACA
:10FE5000E55E6C4FF77D7E6C0AA583B4188691979A
:10FE60002EE3A7F23CC0B5D14229CB38500AD91BAA
:10FE7000666FEF7E744CFD5D8BB502A4999610877A
:10FE8000AFF326E2BDD034C1C3394A28D11A580B8A
:10FE9000E77F6E6EF55C7C4D0CC685D71EE597F44A
:10FEA0002880A1913AA3B3B2444ACD5B5669DF786A
:10FEB000600CE91D722FFB3E8DD604C79FF516E43A
:10FEC000A9902081BBB332A2C55A4C4BD7795E684A
:10FED000E11C680DF33F7A2E0EE787F61CC495D51A
:10FEE0002AA1A3B03882B193466BCF7A5448DD592A
:10FEF000622DEB3C700EF91F8FF706E69DD414C5FA
:10FF0000ABB122A0B9923083C77B4E6AD5585C4909
:10FF1000E33D6A2CF11E780F0000C1C081C1400191
:10FF200001C3C003800241C201C6C006800741C7A9
:10FF30000005C1C581C4400401CCC00C800D41CD79
:10FF4000000FC1CF81CE400E000AC1CA81CB400B49
:10FF500001C9C009800841C801D8C018801941D919
:10FF6000001BC1DB81DA401A001EC1DE81DF401FA9
:10FF700001DDC01D801C41DC0014C1D481D54015B9
:10FF800001D7C017801641D601D2C012801341D3C9
:10FF90000011C1D181D0401001F0C030803141F159
:10FFA0000033C1F381F240320036C1F681F74037A9
:10FFB00001F5C035803441F4003CC1FC81FD403D79
:10FFC00001FFC03F803E41FE01FAC03A803B41FB49
:10FFD0000039C1F981F840380028C1E881E9402999
:10FFE00001EBC02B802A41EA01EEC02E802F41EFA9
:10FFF000002DC1ED81EC402C01E4C024802541E5B9
:020000040804EE
:100000000027C1E781E640260022C1E281E34023C8
:1000100001E1C021802041E001A0C060806141A1D8
:100020000063C1A381A240620066C1A681A74067A8
:1000300001A5C065806441A4006CC1AC81AD406D78
:1000400001AFC06F806E41AE01AAC06A806B41AB48
:100050000069C1A981A840680078C1B881B9407918
:1000600001BBC07B807A41BA01BEC07E807F41BFA8
:10007000007DC1BD81BC407C01B4C074807541B5B8
:100080000077C1B781B640760072C1B281B34073C8
:1000900001B1C071807041B00050C1908191405158
:1000A0000193C053805241920196C05680574197A8
:1000B0000055C19581944054019CC05C805D419D78
:1000C000005FC19F819E405E005AC19A819B405B48
:1000D0000199C059805841980188C0488049418998
:1000E000004BC18B818A404A004EC18E818F404FA8
:1000F000018DC04D804C418C0044C18481854045B8
:100100000187C047804641860182C04280434183C7
:100110000041C18181804040000000009630077797
:100120002C610EEEBA51099919C46D078FF46A70EB
:1001300035A563E9A395649E3288DB0EA4B8DC790B
:100140001EE9D5E088D9D2972B4CB609BD7CB17E8B
:10015000072DB8E7911DBF906410B71DF220B06A5B
:100160004871B9F3DE41BE847DD4DA1AEBE4DD6D6B
:1001700051B5D4F4C785D38356986C13C0A86B646B
:100180007AF962FDECC9658A4F5C0114D96C06638B
:10019000633D0FFAF50D088DC8206E3B5E10694C6B
:1001A000E44160D5727167A2D1E4033C47D4044BAB
:1001B000FD850DD26BB50AA5FAA8B5356C98B2428B
:1001C000D6C9BBDB40F9BCACE36CD832755CDF450B
:1001D000CF0DD6DC593DD1ABAC30D9263A00DE513B
:1001E0008051D7C81661D0BFB5F4B42123C4B3562B
:1001F0009995BACF0FA5BDB89EB802280888055FAB
:10020000B2D90CC624E90BB1877C6F2F114C68580A
:10021000AB1D61C13D2D66B69041DC760671DB01F8
:10022000BC20D2982A10D5EF8985B1711FB5B606CA
:10023000A5E4BF9F33D4B8E8A2C9077834F9000F0A
:100240008EA8099618980EE1BB0D6A7F2D3D6D08AA
:10025000976C6491015C63E6F4516B6B62616C1C9A
:10026000D83065854E0062F2ED95066C7BA5011BCA
:10027000C1F4088257C40FF5C6D9B06550E9B7126A
:10028000EAB8BE8B7C88B9FCDF1DDD62492DDA152A
:10029000F37CD38C654CD4FB5861B24DCE51B53A4A
:1002A0007400BCA3E230BBD441A5DF4AD795D83D4A
:1002B0006DC4D1A4FBF4D6D36AE96943FCD96E348A
:1002C000468867ADD0B860DA732D0444E51D03336A
:1002D0005F4C0AAAC97C0DDD3C710550AA4102277A
:1002E00010100BBE86200CC925B56857B3856F204A
:1002F00009D466B99FE461CE0EF9DE5E98C9D929AA
:100300002298D0B0B4A8D7C7173DB359810DB42EE9
:100310003B5CBDB7AD6CBAC02083B8EDB6B3BF9A35
:100320000CE2B6039AD2B1743947D5EAAF77D29DC1
:100330001526DB048316DC73120B63E3843B6494A1
:100340003E6A6D0DA85A6A7A0BCF0EE49DFF0993A1
:1003500027AE000AB19E077D44930FF0D2A3088711
:1003600068F2011EFEC206695D5762F7CB676580C1
:1003700071366C19E7066B6E761BD4FEE02BD389C1
:100380005A7ADA10CC4ADD676FDFB9F9F9EFBE8E21
:1003900043BEB717D58EB060E8A3D6D67E93D1A161
:1003A000C4C2D83852F2DF4FF167BBD16757BCA641
:1003B000DD06B53F4B36B248DA2B0DD84C1B0AAFE1
:1003C000F64A0336607A0441C3EF60DF55DF67A861
:1003D000EF8E6E3179BE69468CB361CB1A8366BCF1
:1003E000A0D26F2536E2685295770CCC03470BBB41
:1003F000B91602222F260555BE3BBAC5280BBDB241
:10040000925AB42B046AB35CA7FFD7C231CFD0B5E0
:100410008B9ED92C1DAEDE5BB0C2649B26F263ECD2
:100420009CA36A750A936D02A906099C3F360EEBE0
:100430008567077213570005824ABF95147AB8E2A0
:10044000AE2BB17B381BB60C9B8ED2920DBED5E580
:10045000B7EFDC7C21DFDB0BD4D2D38642E2D4F1D0
:10046000F8B3DD686E83DA1FCD16BE815B26B9F660
:10047000E177B06F7747B718E65A0888706A0FFFC0
:10048000CA3B06665C0B0111FF9E658F69AE62F880
:10049000D3FF6B6145CF6C1678E20AA0EED20DD780
:1004A0005483044EC2B30339612667A7F71660D0A0
:1004B0004D476949DB776E3E4A6AD1AEDC5AD6D9E0
:1004C000660BDF40F03BD83753AEBCA9C59EBBDE00
:1004D0007FCFB247E9FFB5301CF2BDBD8AC2BACAB0
:1004E0003093B353A6A3B4240536D0BA9306D7CD20
:1004F0002957DE54BF67D9232E7A66B3B84A61C440
:10050000021B685D942B6F2A37BE0BB4A18E0CC3FF
:100510001BDF055A8DEF022D000000001F2893A459
:10052000010000005BC8968602000000FED517BBE4
:10053000030000006E3A50C3040000001D27FB18A2
:1005400005000000BEC4993506000000EE89037066
:10055000070000001AC8E91108000000396A3927AD
:10056000090000004B162C250A0000009D41CF8792
:100570000B0000005299046A0C000000C7A8194B38
:100580000D000000BC798F590E000000C91289D4FB
:100590000F000000949E940C1000000080EBC77ABE
:1005A000110000004ED5FE8113000000B6A6F91D13
:1005B00014000000C3133D7615000000FD735DF4C8
:1005C00016000000B5574ADA17000000E3B972CBF5
:1005D00018000000B7723DDF19000000E47F9F7330
:1005E0001A0000007816F7011B0000005CD46C8B29
:1005F0001C0000002AB0CF201D000000A1D6671A01
:100600001E000000226E2D771F00000009E9413A0C
:1006100020000000D99D7769210000006AA87B6650
:10062000220000006DF0BEEC120000005F39A0A6B1
:1006300023000000B0170BE324000000CDCF04FE20
:100640002500000089F5A0AA260000002693346F3B
:10065000270000006D446A32280000004B4B620AFC
:1006600029000000972646D32A000000AA5D40F624
:100670002B0000001F21C2B52C00000020B5E4BFF4
:100680002D0000009ED9C5B930000000A5CD081D81
:10069000446A69446174615375627363726970740A
:1006A000696F6E4F70735F4765744F707353796EE7
:1006B0006300446A6944617461537562736372696B
:1006C0007074696F6E4F70735F52657365745075A7
:1006D000626C69736865724462324279563153794B
:1006E0006E6300446A694461746153756273637236
:1006F000697074696F6E4F70735F416464506163B9
:100700006B6167654462324279563153796E63009A
:10071000446A694461746153756273637269707489
:10072000696F6E4F70735F52656D6F766550616370
:100730006B6167654462324279563153796E63006A
:10074000446A694461746153756273637269707459
:10075000696F6E4F70735F56657269667950756226
:100760006C697368657244623242794F5053796E96
:100770006300446A694461746153756273637269AA
:100780007074696F6E4F70735F52657365745075E6
:10079000626C697368657244623242794F50537972
:1007A0006E6300446A694461746153756273637275
:1007B000697074696F6E4F70735F416464506163F8
:1007C0006B61676544623242794F5053796E6300C2
:1007D000446A6944617461537562736372697074C9
:1007E000696F6E4F70735F52656D6F7665506163B0
:1007F0006B61676544623242794F5053796E630092
:10080000446A694461746153756273637269707498
:10081000696F6E5F47656E65726174655569644C9A
:100820006973744279546F7069634C697374000022
:1008300000040101000000000000010004040101A7
:100840000400010104040100040000000000010094
:100850000004000000040101040401010004000080
:100860000404000104000101000000010400000074
:100870000404000000040001000400010004010061
:100880000004010000000101000001010404000156
:100890000400010004000001040000010400010044
:1008A0000000000004040000040401000000000136
:1008B0000000010004040101040000000000010127
:1008C000000401010000000100000001000400001C
:1008D0000400010100000100000401000400000107
:1008E00000040000040000000404000104040100EE
:1008F00004040101040001000000010104040001DE
:1009000004000001040400000404010000040101CB
:1009100004040000000400010004000100000000C5
:1009200004000100000401000000000004000101B7
:100930002080108000800080008000002080100057
:1009400000001000200000002000108020800080A7
:100950002000008020801080008010800000008037
:1009600000800080000010002000000020001080A7
:100970000080100020001000208000800000000097
:100980000000008000800000208010000000108027
:1009900020001000200000800000000000801000F7
:1009A0002080000000801080000010802080000067
:1009B00000000000208010002000108000001000C7
:1009C00020800080000010800080108000800000E7
:1009D0000000108000800080200000002080108037
:1009E0002080100020000000008000000000008037
:1009F0002080000000801080000010002000008097
:100A000020001000208000802000008020001000C6
:100A100000801000000000000080008020800000A6
:100A200000000080200010802080108000801000D6
:100A3000080200000002020800000000080002088E
:100A40000002000800000000080202000002000886
:100A5000080002000800000808000008000002006A
:100A60000802020808000200000002080802000054
:100A70000000000808000000000202080002000058
:100A8000000202000000020808000208080202003A
:100A9000080200080002020000000200080200082C
:100AA0000800000008020208000200000000000820
:100AB000000202080000000808000200080200000E
:100AC000000002000002020800020008000000000E
:100AD00000020000080002000802020800020008EC
:100AE00008000008000200000000000008000208E2
:100AF00008020008000002000000000808020208C6
:100B000008000000080202000002020008000008BD
:100B100000000208080200080802000000000208A5
:100B2000080202000800000008000208000202009B
:100B30000120800081200000812000008000000052
:100B400080208000810080000100800001200000E2
:100B50000000000000208000002080008120800034
:100B60008100000000000000800080000100800083
:100B70000100000000200000000080000120800033
:100B800080000000000080000120000080200000A4
:100B900081008000010000008020000080008000B3
:100BA0000020000080208000812080008100000063
:100BB00080008000010080000020800081208000F3
:100BC0008100000000000000000000000020800004
:100BD0008020000080008000810080000100000073
:100BE00001208000812000008120000080000000A2
:100BF0008120800081000000010000000020000032
:100C00000100800001200000802080008100800021
:100C100001200000802000000000800001208000F2
:100C20008000000000008000002000008020800084
:100C3000000100000001080200000802000100425B
:100C40000000080000010000000000400000080251
:100C500000010840000008000001000200010840F7
:100C600000010042000008420001080000000040AE
:100C700000000002000008400000084000000000E2
:100C8000000100400001084200010842000100028A
:100C90000000084200010040000000000000004287
:100CA00000010802000000020000004200010800EC
:100CB00000000800000100420001000000000002E6
:100CC000000000400000080200010042000108404E
:100CD000000100020000004000000842000108027C
:100CE000000108400001000000000002000008426E
:100CF0000001084200010800000000420001084213
:100D0000000008020000000000000840000000424F
:100D1000000108000001000200010040000008007E
:100D2000000000000000084000010802000100402F
:100D30001000002000004020004000001040402033
:100D40000000402010000000104040200000400043
:100D50000040002010404000000040001000002033
:100D60001000400000400020000000201040000063
:100D70000000000010004000104000200040000073
:100D800000404000104000201000000010004020F3
:100D900010004020000000001040400000404020B3
:100DA00010400000004040000040402000000020B3
:100DB00000400020100000001000402000404000D3
:100DC00010404020000040001040000010000020B3
:100DD0000000400000400020000000201040000003
:100DE0001000002010404020004040000000402043
:100DF0001040400000404020000000001000402053
:100E000010000000004000000000402010404000A2
:100E100000400000100040001040002000000000D2
:100E20000040402000000020100040001040002042
:100E3000000020000200200402080004000000005E
:100E40000008000002080004020820000008200436
:100E5000020820040000200000000000020000043E
:100E6000020000000000000402002004020800004C
:100E7000000800040208200002002000000800040E
:100E800002000004000020040008200402002000EA
:100E900000002004000800000208000002082004EE
:100EA00000082000020000000000000400082000EC
:100EB00000000004000820000000200002080004D8
:100EC00002080004020020040200200402000000C6
:100ED00002002000000000040008000400002000C0
:100EE0000008200402080000020820000008200476
:100EF0000208000002000004020820040000200490
:100F00000008200000000000020000000208200489
:100F1000000000000208200000002004000800007B
:100F20000200000400080004000800000200200085
:100F300040100010001000000000040040100410D9
:100F400000000010401000104000000000000010E1
:100F500040000400000004104010041000100400C1
:100F600000100410401004000010000040000000B9
:100F7000000004104000001000100010401000009D
:100F80000010040040000400400004100010041091
:100F900040100000000000000000000040000410AD
:100FA0004000001000100010401004000000040079
:100FB00040100400000004000010041000100000A5
:100FC0004000000040000410001000004010040029
:100FD000001000104000000040000010000004104D
:100FE0004000041000000010000004004010001039
:100FF00000000000401004104000040040000010F9
:10100000000004100010001040100010000000004C
:1010100040100410001004000010040040100000F4
:1010200040100000400004000000001000100410F8
:1010300000000000010000000001000001010000AC
:101040000000010001000100000101000101010098
:101050000000000101000001000100010101000188
:101060000000010101000101000101010101010174
:10107000000000000000000100000100000001016C
:101080000001000000010001000101000001010158
:101090000100000001000001010001000100010148
:1010A0000101000001010001010101000101010134
:1010B00001020407080B0D0E10131516191A1C1F38
:1010C00020232526292A2C2F31323437383B3D3E28
:1010D00040434546494A4C4F51525457585B5D5E18
:1010E00061626467686B6D6E70737576797A7C7F08
:1010F00080838586898A8C8F91929497989B9D9EF8
:10110000A1A2A4A7A8ABADAEB0B3B5B6B9BABCBFE7
:10111000C1C2C4C7C8CBCDCED0D3D5D6D9DADCDFD7
:10112000E0E3E5E6E9EAECEFF1F2F4F7F8FBFDFEC7
:101130000101010101010101FEFEFEFEFEFEFEFEB7
:101140001F1F1F1F0E0E0E0EE0E0E0E0F1F1F1F1A7
:10115000011F011F010E010E1F011F010E010E01D3
:1011600001E001E001F101F1E001E001F101F10133
:1011700001FE01FE01FE01FEFE01FE01FE01FE0177
:101180001FE01FE00EF10EF1E01FE01FF10EF10E67
:101190001FFE1FFE0EFE0EFEFE1FFE1FFE0EFE0EAB
:1011A000E0FEE0FEF1FEF1FEFEE0FEE0FEF1FEF10B
:1011B0000380500000038482FF0003008200FF03CD
:1011C000008800FF0380F2FF000380C9000003FFD6
:1011D000D8000003FFD4FF0003FFE2FFFF0300205D
:1011E0000000038424FF0003845E000003845E018A
:1011F000000380F6FFFF0380F4FFFF03804F000031
:101200000280C1FF000380C200000380F0FFFF02E4
:10121000008400000300A4000003FFD6FFFF03FFCB
:10122000B0FFFF0280C8FF000280F800000380E1E9
:1012300000FF0380F7FF0000004040404040404076
:101240004040414141414140404040404040404099
:10125000404040404040404040050202020202023D
:10126000020202020202020202202020202020208C
:1012700020202002020202020202909090909090A0
:10128000101010101010101010101010101010105E
:1012900010101010020202020202888888888888D2
:1012A00008080808080808080808080808080808BE
:1012B000080808080202020240000000391204086F
:1012C0005B25733A2564292055617274312072655B
:1012D0006164206275666665722073746174653A34
:1012E00020636F756E744F664C6F737444617461E4
:1012F0002025642C206D61785573656443617061AD
:10130000636974794F664275666665722025642E3E
:10131000000000005B25733A256429205561727432
:10132000322072656164206275666665722073742E
:101330006174653A20636F756E744F664C6F737499
:10134000446174612025642C206D61785573656457
:1013500043617061636974794F6642756666657250
:101360002025642E000000005B25733A25642920A7
:1013700055617274332072656164206275666665BA
:10138000722073746174653A20636F756E744F6672
:101390004C6F7374446174612025642C206D6178F6
:1013A0005573656443617061636974794F66427512
:1013B000666665722025642E000000005B25733A86
:1013C0002564292055617274312077726974652013
:1013D0006275666665722073746174653A20636F26
:1013E000756E744F664C6F7374446174612025642C
:1013F0002C206D6178557365644361706163697415
:10140000794F664275666665722025642E0000007D
:101410005B25733A256429205561727432207772F6
:10142000697465206275666665722073746174659F
:101430003A20636F756E744F664C6F7374446174B9
:10144000612025642C206D6178557365644361705B
:1014500061636974794F66427566666572202564BA
:101460002E0000005B25733A2564292055617274B3
:1014700033207772697465206275666665722073C1
:10148000746174653A20636F756E744F664C6F7348
:1014900074446174612025642C206D6178557365F6
:1014A0006443617061636974794F6642756666650D
:1014B000722025642E0000005B25733A25642920E4
:1014C000506C656173652066696C6C20696E206381
:1014D0006F7272656374207573657220696E666FD2
:1014E000726D6174696F6E20746F202773616D7007
:1014F0006C65732F73616D706C655F632F706C61C9
:1015000074666F726D2F72746F735F667265657249
:10151000746F732F73746D333266345F64697363F1
:101520006F766572792F6170706C69636174696F31
:101530006E2F646A695F73646B5F6170705F696E60
:10154000666F2E68272066696C652E005B25733AEE
:101550002564292053657420776964676574207653
:10156000616C75652C207769646765745479706562
:10157000203D2025732C20776964676574496E646B
:101580006578203D202564202C7769646765745652
:10159000616C7565203D2025640000005363616C1B
:1015A00065000000537769746368000042757474C5
:1015B0006F6E0000556E6B6E6F776E0053797374AB
:1015C000656D2074696D65203A202575206D730D59
:1015D0000A56657273696F6E3A2076253032642E32
:1015E000253032642E253032642E253032640D0AC7
:1015F0004275696C642074696D653A2025732025F5
:10160000730000004C69737400000000496E742080
:10161000696E70757420626F7800000069636F6E88
:101620005F6C6973745F6974656D312E706E6700ED
:1016300069636F6E5F627574746F6E312E706E6762
:101640000000000069636F6E5F6C6973745F69749A
:10165000656D322E706E670069636F6E5F627574C0
:10166000746F6E322E706E670000000069636F6EDB
:101670005F7363616C652E706E67000069636F6EE7
:101680005F7377697463685F73656C6563742E70EC
:101690006E67000069636F6E5F7377697463685F7C
:1016A000756E73656C6563742E706E670000000064
:1016B0007769646765745F636F6E6669672E6A73C6
:1016C0006F6E0000444A495F4344430043616E6EBD
:1016D0006F742046696E642074686520696E746555
:1016E000726661636520666F7220436F6D6D756E03
:1016F00069636174696F6E20496E746572666163B7
:101700006520436C6173732C206E616D653A25739F
:1017100000000000555342485F54687265616400E0
:10172000436F6E74726F6C206572726F723A2047ED
:1017300065742044657669636520636F6E666967CA
:1017400075726174696F6E20646573637269707419
:101750006F722072657175657374206661696C655E
:10176000640000005B25733A2564292043616E27DD
:101770007420676574207468652073657269616C94
:10178000206E756D206F6620536B79706F727420B8
:101790005632206F7220582D506F72742E20507266
:1017A0006F6261626C792062656361757365204464
:1017B0004A492041646170746572206E6F742066BE
:1017C000696E69736820696E6974206F7220686140
:1017D000726477617265206572726F722E20506C30
:1017E0006561736520636F6E7461637420444A4958
:1017F00020666F722068656C702E20005B25733A3E
:10180000256429204765742073646B206D6F756EA5
:101810007420706F736974696F6E206572726F7275
:101820002E2050726F6261626C792074686520446A
:101830004A492053444B20416470617465722068AA
:101840006173206E6F742062696E6465642E20502F
:101850006C6561736520636865636B2074686520DF
:1018600062696E64207374617465206F66207468A9
:101870006520444A492053444B204164706174659B
:101880007220616E642062696E642069742E20008B
:101890004D6174726963652033300000466C794392
:1018A0006172742033300000457874656E73696F1F
:1018B0006E20506F7274205632204E4F310000005F
:1018C0005061796C6F616420506F7274204E4F319B
:1018D00000000000457874656E73696F6E20506F6C
:1018E0007274205632204E4F320000005061796CE5
:1018F0006F616420506F7274204E4F320000000000
:101900004D617472696365203230302056320000B8
:101910004D617472696365203231302056320000A7
:101920004D617472696365203231302052544B200E
:1019300056320000536B79706F727420563200007B
:10194000457874656E73696F6E20506F727420569F
:1019500032204E4F330000005061796C6F6164207B
:10196000506F7274204E4F3300000000536B79703B
:101970006F72742056330000457874656E73696F1A
:101980006E20506F7274205632204E4F340000008B
:10199000457874656E73696F6E20506F727420564F
:1019A00032204E4F35000000457874656E73696FC4
:1019B0006E20506F7274205632204E4F3600000059
:1019C000457874656E73696F6E20506F727420561F
:1019D00032204E4F370000004D61747269636520FC
:1019E000334400004D6176696320344400000000F8
:1019F0004D61747269636520335444004D617669AA
:101A000063203454440000004D61766963203445FE
:101A1000000000004D61747269636520333030202E
:101A200052544B004D61747269636520343030202C
:101A300052544B004D617472696365203335302018
:101A400052544B004D617472696365203330540009
:101A50004D617669632034540000000045706F7258
:101A60007420563220726962626F6E206361626C0C
:101A7000650000004E6F6E65000000004A617061F5
:101A80006E657365000000004368696E65736500EC
:101A90004D61766963203320456E7465727072699A
:101AA000736500004672656E63680000456E676C82
:101AB000697368004D6176696320332054686572EC
:101AC0006D616C004C6974746C652053637265655C
:101AD0006E0000004269672053637265656E000006
:101AE0005B25733A25642920446F6E277420737533
:101AF00070706F72742074686973206D6F64756C98
:101B000065206F6E20746869732061697263726109
:101B100066742073657269657320616E64206D6FF1
:101B2000756E7420706F736974696F6E00000000C9
:101B3000457874656E73696F6E2D4C6974652050BD
:101B40006F727400457874656E73696F6E20506FA4
:101B500072740000582D506F727400005B25733A48
:101B6000256429205061796C6F6164207365726906
:101B7000616C206E756D62657220686173206E6F96
:101B800074206265656E207365742E205573652020
:101B900064656661756C74205053444B20736572A4
:101BA00069616C206E756D6265722E20506C656186
:101BB0007365207573652027446A69436F72655F9A
:101BC00053657453657269616C4E756D62657227F9
:101BD00020746F2073657420637573746F6D207348
:101BE000657269616C206E756D2E00005B25733A1D
:101BF000256429205061796C6F6164206669726D7B
:101C0000776172652076657273696F6E20686173A3
:101C1000206E6F74206265656E207365742E20558A
:101C200073652064656661756C74205053444B2065
:101C3000736F6674776172652076657273696F6E13
:101C40002E20506C65617365207573652027446A8A
:101C500069436F72655F5365744669726D7761722F
:101C60006556657273696F6E2720746F2073657493
:101C700020637573746F6D2076657273696F6E2E55
:101C8000000000005B25733A256429205468652014
:101C9000696E7075742073657269616C206E756D04
:101CA00062657220737472696E67206E6565647315
:101CB00020746F206265206E6F206C6172676572A0
:101CC000207468616E2033322062797465732E004F
:101CD0005B25733A25642920476574207061796C0F
:101CE0006F6164206361706162696C6974792073EB
:101CF00065742068616E646C652C207665723A208C
:101D000025642C20737570706F72743A20256420DE
:101D10002564202564202564000000005B25733ABB
:101D2000256429204F73616C48616E646C65722074
:101D30006973204E554C4C2E50726F6261626C7903
:101D400020746865206F73616C2068616E646C65D7
:101D50007220686173206E6F7420626520726567FF
:101D60006973746572656420636F72726563746C05
:101D7000792E506C6561736520636865636B2061C3
:101D80006E64207265676973746572206F73616C2D
:101D90002068616E646C657220616761696E2E00F7
:101DA0005B25733A256429204964656E74696679F8
:101DB00020416972637261667454797065203D20B8
:101DC00025732C204D6F756E74506F736974696F35
:101DD0006E203D2025732C2053646B416461707428
:101DE000657254797065203D202573005B25733A38
:101DF00025642920636F6E7665727420756E697430
:101E0000206F662062616E647769647468206C6913
:101E10006D6974206F66206E6574776F726B2063D6
:101E200068616E6E656C206572726F723A203078F0
:101E30002530386C6C582E005B25733A25642920B8
:101E4000636F6E7665727420756E6974206F66209C
:101E50007265616C74696D652062616E6477696436
:101E60007468206F662064617461207374726561A8
:101E70006D206572726F723A2030782530386C6C44
:101E8000582E00005B25733A25642920636F6E7617
:101E900065727420756E6974206F66207265616C5E
:101EA00074696D652062616E647769647468206F1F
:101EB0006620766964656F2073747265616D206554
:101EC00072726F723A2030782530386C6C582E0060
:101ED0005B25733A25642920526563656976652020
:101EE0007265616C74696D65206E6574776F726B75
:101EF0002062616E6477696474682C207669646519
:101F00006F2D73747265616D3A25642C2064617461
:101F1000612D73747265616D3A25642E00000000B6
:101F20005B44656275675D005B5761726E5D0000C2
:101F30005B496E666F5D00005B4572726F725D009B
:101F400033316D0033326D0033336D0033376D0044
:101F50005B25733A2564292073656E64206461747F
:101F60006120746F20666C6F61742077696E646F96
:101F700077207769746820666C6F7720636F6E7462
:101F8000726F6C206572726F723A2030782530382B
:101F90006C6C582E000000005B25733A25642920E4
:101FA00073656E6420746F20666C6F61742077694E
:101FB0006E646F7720666C6F7720636F6E74726FDC
:101FC0006C6C657220696E6974206572726F723A0A
:101FD0002030782530386C6C582E00005B25733A21
:101FE00025642920476574207769646765742076C5
:101FF000616C7565206572726F722C2074797065E2
:10200000203D2025642C20696E646578203D2025C4
:10201000642C2073746174203D2030782530386C36
:102020006C5800005B25733A2564292053657420A1
:102030007769646765742076616C75652065727276
:102040006F722C2074797065203D2025642C2069E6
:102050006E646578203D2025642C207374617420A3
:102060003D2030782530386C6C5800005B25733A81
:1020700025642920446A695769646765745F5365FC
:10208000745263427574746F6E4D617070696E67DF
:1020900056616C7565206572726F722C2073746165
:1020A00074203D2030782530386C6C5800000000DA
:1020B0005B25733A25642920446A6957696467651A
:1020C000744A736F6E5061727365725F43726561BB
:1020D000746557696467657450726F70657274795E
:1020E0004C697374206572726F722C207374617402
:1020F000203D2030782530386C6C58005B25733AD1
:10210000256429205769646765742063616E2774AC
:10211000207365742076616C7565206265636175F6
:1021200073652068616E646C6572206E6F742072D6
:102130006567697374657265642C20776964676587
:10214000742074797065203D2025642C20776964A3
:1021500067657420696E646578203D202564000001
:102160005B25733A25642920546869732077696474
:102170006765742068617665206E6F74207265678C
:1021800069737465722068616E646C65722C207767
:1021900069646765742074797065203D2025642C1E
:1021A0002077696467657420696E646578203D20D6
:1021B000256400005B25733A2564292043616E275E
:1021C000742066696E64206C697374207769646733
:1021D00065742C2077696467657420747970652054
:1021E0003D2025642C2077696467657420696E64DE
:1021F0006578203D202564005B25733A25642920FD
:1022000057696467657420636F6E666967206973D8
:10221000206E6F7420657175616C2066726F6D2021
:102220007365766572616C206A736F6E20636F6E82
:102230006669672066696C652C20706C65617365E2
:1022400020636865636B206A736F6E20636F6E66D0
:10225000696700005B25733A256429205769646724
:10226000657420636F756E74206973206E6F7420BF
:10227000657175616C2066726F6D2073657665722D
:10228000616C206A736F6E20636F6E66696720668B
:10229000696C652C20706C6561736520636865638B
:1022A0006B206A736F6E20636F6E66696700000053
:1022B0005B25733A25642920417661696C61626C03
:1022C00065206C696E6B20636F6E666967206F6E48
:1022D000205B25735D20616E64205B25735D206942
:1022E000733A200D0A202D3E205B25735D3A202590
:1022F000730D0A202D3E205B25735D3A2025730D5A
:102300000A202D3E205B25735D3A2025730D0A00BF
:102310005B25733A256429205061796C6F616420D4
:102320006E65676F746961746520696E666F20669B
:1023300061696C65642E2050726F6261626C7920F5
:1023400074686520757362206465766963652063CF
:102350006F6E66696775726174696F6E206D617901
:10236000206E6F7420626520737563636573736696
:10237000756C2E20506C6561736520646F6E2774D8
:1023800020726567697374657220736F636B65741F
:102390002068616E646C657220696620796F7520B3
:1023A000646F6E27742077616E7420746F2075736C
:1023B0006520746865206E6574776F726B2E2000DF
:1023C0005B25733A25642920536F667477617265C3
:1023D000207061636B61676520646F6573206E6F49
:1023E0007420737570706F727420746869732061E3
:1023F0006972637261667420747970652E20506C06
:102400006561736520757365204F6E626F617264DC
:102410002053444B2056342E312E3020666F7220CC
:10242000646576696365206F6E20657874656E7388
:10243000696F6E20706F72742C2075736520506107
:10244000796C6F61642053444B2056322E322E310A
:1024500020666F7220646576696365206F6E2070F8
:1024600061796C6F616420706F72742E20536F6697
:102470007477617265207061636B61676520636169
:102480006E206265206F627461696E656420627996
:10249000206C6F6767696E6720696E20746F2074A7
:1024A000686520646576656C6F706572207765621B
:1024B000736974652068747470733A2F2F6465763D
:1024C000656C6F7065722E646A692E636F6D2E2065
:1024D000000000005B25733A2564292054686520BC
:1024E00062617564207261746520696E70757465CF
:1024F0006420697320696E76616C69642E20507265
:102500006F6261626C7920746865206261756472C3
:10251000617465206973206E6F7420696E20737515
:1025200070706F72746564206C6973742028313127
:10253000353230302C203233303430302C203436A9
:10254000303830302C203932313630302C20313098
:102550003030303030292E20506C65617365206337
:102560006865636B20616E64206D6F6469667920B5
:1025700062617564207261746520616761696E2EA5
:10258000200000005B25733A256429206E6F206EC1
:1025900065656420746F20757064617465206C6972
:1025A0006E6B20636F6E66696720666F72206F6E58
:1025B0006C79207573622062756C6B206465766936
:1025C0006365206F72206F6E6C79206E6574776F13
:1025D000726B206465766963652E00005B25733A33
:1025E00025642920556172743020696E69742066F3
:1025F00061696C65642E2050726F6261626C792033
:102600006265636175736520646F6E27742068610D
:1026100076652074686973205561727420646576EC
:102620006963652C20646F6E27742068617665206D
:102630007269676874206163636573732070657283
:102640006D697373696F6E73206F7220616C726550
:10265000616479206861766520612053444B207065
:10266000726F6772616D207573696E672074686937
:10267000732055617274206465766963652E2050FD
:102680006C6561736520636865636B2069662068AB
:102690006176652074686973205561727420646581
:1026A000766963652C206D616B652073757265209A
:1026B0007468697320756172742068617665207230
:1026C0006967687420616363657373207065726DF8
:1026D000697373696F6E7320616E64206D616B65E1
:1026E0002073757265206E6F206F74686572205359
:1026F000444B2070726F6772616D732072756E6EDD
:10270000696E672E000000005B25733A256429205E
:10271000547279206964656E7469667920554152F6
:10272000543020636F6E6E656374696F6E206661EE
:10273000696C65642E2050726F6261626C792062F0
:102740006563617573652053444B206164617074E7
:102750006572206F72206169726372616674206EA7
:102760006F742066696E69736820696E6974206F82
:1027700072205541525420636F6E6E6563742065FC
:1027800072726F722E0000005B25733A2564292057
:10279000547279206964656E746966792055415276
:1027A000543020636F6E6E656374696F6E20746958
:1027B0006D656F75742E2050726F6261626C792046
:1027C000626563617573652053444B206164617079
:1027D000746572206F722061697263726166742021
:1027E0006E6F742066696E69736820696E69742003
:1027F0006F72205541525420636F6E6E6563742072
:102800006572726F722E00005B25733A2564292071
:10281000547279206964656E7469667920555342F3
:102820002D42756C6B2F4E6574776F726B20636FE2
:102830006E6E656374696F6E206661696C65642E87
:102840002050726F6261626C79206265636175739A
:10285000652053444B2061646170746572206F720F
:10286000206169726372616674206E6F742066699C
:102870006E69736820696E6974206F7220555342C7
:102880002D42756C6B2F4E6574776F726B20636F82
:102890006E6E656374206572726F722E00000000A8
:1028A0005B25733A25642920547279206964656E2A
:1028B00074696679205553422D42756C6B2F4E65B5
:1028C00074776F726B20636F6E6E656374696F6E81
:1028D0002074696D656F75742E2050726F6261622D
:1028E0006C7920626563617573652053444B206188
:1028F000646170746572206F7220616972637261C5
:102900006674206E6F742066696E69736820696EE4
:102910006974206F72205553422D42756C6B2F4E97
:102920006574776F726B20636F6E6E65637420657C
:1029300072726F722E000000466C794361727420CF
:10294000536572696573203330000000557365204C
:102950005561727420416E64205573622042756C1B
:102960006B2044657669636500000000557365203F
:102970004F6E6C79205573622042756C6B204465F4
:1029800076696365000000005573652055617274B7
:1029900020416E64204E6574776F726B20446576BB
:1029A00069636500557365204F6E6C79204E6574C0
:1029B000776F726B2044657669636500457874654E
:1029C0006E73696F6E20506F727420563220547986
:1029D000706500005061796C6F616420506F727493
:1029E0002054797065000000457874656E73696FD6
:1029F0006E2D4C69746520506F7274205479706527
:102A000000000000457874656E73696F6E20506F2A
:102A100072742054797065005B25733A256429200F
:102A2000556E6B6E6F776E206D6F756E7420706F64
:102A3000736974696F6E20747970652C2063757288
:102A400072656E742073646B206C696220697320F8
:102A50006E6F7420737570706F72742C20706C655B
:102A600061736520636F6E7461637420646A6920AA
:102A7000666F722068656C70000000005B25733A19
:102A800025642920556E6B6E6F776E2061697263C5
:102A900072616674207365726965732C2063757248
:102AA00072656E742073646B206C69622069732098
:102AB0006E6F7420737570706F72742C20706C65FB
:102AC00061736520636F6E7461637420646A69204A
:102AD000666F722068656C70000000004D61747252
:102AE0006963652033303020536572696573000077
:102AF0004D617472696365203430302053657269AA
:102B0000657300004D617472696365203330205332
:102B100065726965730000004D61747269636520B8
:102B20003335302053657269657300004D617472EE
:102B300069636520323030205632205365726965F2
:102B4000730000004D61766963203320536572691C
:102B5000657300004D6176696320342053657269A6
:102B6000657300004D6174726963652033442053BE
:102B700065726965730000004D61766963203444B5
:102B80002053657269657300557365204F6E6C79CB
:102B900020556172740000005B25733A256429207A
:102BA000436865636B206865617274626561742057
:102BB000737461747573206173796E6320666169E3
:102BC0006C65642C20736571203A2066633A256435
:102BD000206C6F63616C3A25640000005B25733ADA
:102BE0002564292052656720616972637261667489
:102BF00020636F6E6E656374696F6E2072656365C6
:102C00006976652070757368206461746120636102
:102C10006C6C6261636B20636D642068616E646CD0
:102C20006572206572726F72000000005B25733A56
:102C30002564292043616E27742066696E64206DC7
:102C40006F64756C6520706172616D20636F6E6674
:102C50006967206974656D206F6E206169726372A7
:102C6000616674536572696573203D2025642C206C
:102C70006D6F756E74506F736974696F6E5479708F
:102C800065203D20256400004541323230000000BF
:102C9000504D3332300000004541323330000000E7
:102CA000504D343330000000504D343430000000BB
:102CB000706D343430000000544131303100000078
:102CC000504D34333100000057413334350000009B
:102CD000574D3236350000005B25733A25642920B4
:102CE00048616C49326348616E646C657220697337
:102CF000204E554C4C2C20746865206169726372BB
:102D000061667420796F752061726520636F6E6EE5
:102D1000656374696E6720746F206D7573742072BB
:102D200065676973746572206932632068616E64D7
:102D30006C657220746F20636F6D6D756E69636171
:102D400074696F6E207769746820656E637279703C
:102D500074696F6E20636869702E2050726F6261B3
:102D6000626C79207468652068616C206932632028
:102D700068616E646C657220686173206E6F742088
:102D80006265207265676973746572656420636F3C
:102D900072726563746C792E20506C656173652066
:102DA000636865636B20616E642072656769737424
:102DB00065722068616C206932632068616E646CA2
:102DC000657220616761696E2E2000005B25733A91
:102DD0002564292054686520444A492053444B20E7
:102DE000434320686173206E6F742062696E64656E
:102DF000642E20506C6561736520636865636B2089
:102E00007468652062696E64207374617465206FF4
:102E1000662074686520444A492053444B2043434C
:102E200020616E642062696E642069742E20000047
:102E30005B25733A2564292027537065616B6572A1
:102E400027207061796C6F6164206E616D6520630D
:102E5000616E277420626520757365642E20506C46
:102E600065617365206170706C79206E6577206193
:102E700070706C69636174696F6E206F6E20746826
:102E80006520646576656C6F706572207765627326
:102E90006974652068747470733A2F2F6465766561
:102EA0006C6F7065722E646A692E636F6D2F2E00D1
:102EB0005B25733A256429204170706C69636174E5
:102EC000696F6E206B657920697320746F6F206C59
:102ED0006F6E6720746F206265207573656420696A
:102EE0006E20746869732076657273696F6E2E50F8
:102EF000726F6261626C79206170706C6963617479
:102F0000696F6E20696E666F2069732075736564E2
:102F100020666F72204F53444B20342E7820766504
:102F20007269736F6E2E506C65617365206170708D
:102F30006C79206E6577206170706C69636174696B
:102F40006F6E206F6E2074686520646576656C6FA7
:102F50007065722077656273697465206874747037
:102F6000733A2F2F646576656C6F7065722E646A94
:102F7000692E636F6D2F2E005B25733A256429201F
:102F80004170706C69636174696F6E20696E666F01
:102F9000726D6174696F6E207665726966696361CE
:102FA00074696F6E206661696C65642E50726F6221
:102FB00061626C79206170706C69636174696F6EB5
:102FC00020696E666F726D6174696F6E206973201F
:102FD000696E636F72726563746C792066696C6C7C
:102FE00065642E506C6561736520636865636B2052
:102FF000696620697420697320636F6E73697374E6
:10300000656E7420776974682074686520696E66DF
:103010006F726D6174696F6E206F6E2074686520C9
:10302000646576656C6F706572207765627369742C
:10303000652068747470733A2F2F646576656C6FC1
:103040007065722E646A692E636F6D2F2E0000000A
:103050005B25733A2564292053444B20656E6372C7
:10306000797074696F6E2063686970206765742079
:1030700062696E64207374617465206661696C6551
:10308000642C206572726E6F203D203078253038B8
:10309000580000005B25733A256429205468652098
:1030A00061636B2064617461206C656E6774682075
:1030B0006973206E6F7420657175616C2077697417
:1030C0006820657870656374206C656E6774682C21
:1030D0002061637475616C3A2564206578703A25C7
:1030E000642E2050726F6261626C79206265636148
:1030F0007573652061636B207374727563742064EB
:103100006566696E6974696F6E20686173206368B3
:10311000616E6765642E20506C656173652063681D
:1031200065636B20636F6D6D616E642061636B20FE
:1031300073747275637420646566696E6974696F0F
:103140006E206966206368616E6765642E0000000A
:103150005B25733A256429203C25233034783E438F
:103160006F6D6D616E64206173796E632073656E3F
:10317000642072657472793A20696E646578203DC6
:103180002025642C20726574727954696D657320F2
:103190003D2025642C203078253032582530325897
:1031A0002D3E307825303258253032582030782561
:1031B00030325825303258005B25733A2564292077
:1031C000526563656976656420696E76616C6964D1
:1031D0002061636B2C3C25233034783E20307825E9
:1031E000303258253032582D3E307825303258252F
:1031F000303258203078253032582530325800008F
:103200005B25733A25642920726563656976656478
:1032100020756E737570706F72742072657175654C
:10322000737420636D6420746861742025736E6507
:1032300065642061636B2C203C25233034783E206C
:10324000636D647365743A2030782530325820639A
:103250006D6469643A2030782530325800000000EF
:103260005B25733A256429206475706C6963617409
:10327000652074686520726567697374657265643A
:1032800020636F6D6D616E642C20747970653A25D2
:10329000642C2025303258202530325820253032F9
:1032A0005820253032582025303858005B25733A95
:1032B000256429206475706C696361746520746885
:1032C0006520636F6D6D616E6420696E2063757239
:1032D00072656E74206C6973742C20747970653A11
:1032E00025642C20253032582025303258202530B6
:1032F0003258202530325820253038580000000040
:103300005B25733A25642920203C25233034783E00
:1033100052656365697665206D73672066726F6DAF
:10332000206C696E6B65722C203078253032582500
:103330003032582D3E3078253032582530325820E2
:1033400030782530325825303258206C656E3A2559
:10335000640000005B25733A2564292063616C6C6E
:103360006261636B2066756E6374696F6E2028639B
:103370006D647365743A2030782530325820636D5F
:103380006469643A203078253032582920646561B8
:103390006C2074696D653A202564206D730000000F
:1033A0005B25733A25642920446A69446174614449
:1033B0006F776E6C6F616465724576656E74467288
:1033C000616D655F507574546F4261636B20657207
:1033D000726F722C2073746174203D203078253018
:1033E000386C6C58000000005B25733A2564292076
:1033F000526571756573742C20686F7374203D205D
:103400003078253032582C20726563656976657294
:10341000203D203078253032582C20736573736935
:103420006F6E203D2025642C207461736B496420ED
:103430003D2025642C2066756E634964203D20255F
:10344000640000005B25733A2564292052756E20C4
:103450004576656E742046756E6374696F6E20459F
:103460007863657074696F6E202120737263537482
:10347000617465203D2025642C206576656E74207E
:103480003D202564000000005B25733A2564292057
:10349000446F776E6C6F6164657220646174612043
:1034A00073746172742073656E642C20736573731A
:1034B000696F6E206964203D202564207461736B00
:1034C0003A256420747970653A2564005B25733A67
:1034D000256429206461746120646F776E6C6F616C
:1034E0006465722075706461746520696E666F2C06
:1034F000207365713A2564206F66667365743A259A
:103500006420646174614C656E3A256420746F7444
:10351000616C4C656E3A25642070726F63657373DD
:103520003A25640047696D62616C20726F6C6C09AA
:1035300070697463682079617720616E676C6520BB
:103540006374726C20636D6420706172616D2069B8
:103550006E76616C696409000D0A2A20446F7562F9
:103560006C652D636865636B20796F75722061707F
:10357000705F696420616E64206170705F6B657953
:103580002E20446F6573206974206D617463682018
:103590007769746820796F757220444A49206465A0
:1035A00076656C6F706572206163636F756E743FD2
:1035B0000D0A2A20496620746869732069732061A6
:1035C000206E657720646576696365206F72206878
:1035D0006173206265656E2070726576696F7573C0
:1035E0006C792061637469766174656420776974AD
:1035F0006820616E6F74686572206170705F6964C5
:1036000020616E64206170705F6B65792C20796F2A
:1036100075206E65656420746F20616374697661DE
:103620007465206974207468726F756768207468A7
:103630006520444A4920417373697374616E742034
:1036400032207769746820496E7465726E65742ED5
:103650000D0A2A20506C65617365206D616B6520D1
:103660007375726520796F7520646F776E6C6F610A
:10367000642074686520636F727265637420766578
:103680007273696F6E206F6620444A4920417373DC
:10369000697374616E74203220666F7220796F7561
:1036A000722064726F6E652E0D0A000046617461AF
:1036B0006C206572726F720920556E657870656353
:1036C00074656420726573756C74092000000000D5
:1036D000496E76616C696420666C6F6174206E75EA
:1036E0006D62657220284E414E206F7220494E4611
:1036F000292000004E6F7420696E20746865207761
:103700006179706F696E74206D697373696F6E286B
:103710004D4953292863616E6E6F74207061757313
:10372000652F7265636F76657279206F72206272A1
:1037300065616B2F726573746F72652920000000DC
:1037400047726F756E642073746174696F6E284779
:103750005329206973206E6F7420737461727465CD
:1037600064287573656420627920627265616B2FCD
:10377000726573746F7265292000000047726F755F
:103780006E642073746174696F6E284753292069D1
:1037900073206E6F7420737461727465642875731E
:1037A00065642062792070617573652F7265636F3F
:1037B000766572792920000047696D62616C206628
:1037C00061696C20746F2061727269766520746122
:1037D0007267657420616E676C65202E20000000A2
:1037E00043616D65726120666F63757320706172ED
:1037F000616D207879206578636565642076616CF9
:1038000069642072616E6765202830092031292E95
:103810002000000054686520686F6D6520706F6936
:103820006E74206973206E6F207265636F726465B9
:103830006420796574092077686963682077696C0A
:103840006C206265206578656375746564206174B9
:10385000207468652066697273742074696D6520D0
:103860006F6620475053206C6576656C203E203390
:10387000284D52094657292E2000000045786563DF
:1038800075746520776179706F696E742076332066
:103890006661696C65642064756520746F2061637E
:1038A00074696F6E206D6F6465206368696C647203
:1038B000656E206E756D206C657373207468616E23
:1038C00020322E2000000000457865637574652065
:1038D000776179706F696E74207633206661696CE8
:1038E00065642064756520746F20616374696F6E10
:1038F0002069642069732036353533352E20000069
:103900004578656375746520776179706F696E7449
:10391000207633206661696C656420647565207467
:103920006F2063726F737320666C796C696D697454
:1039300020617265612E200047696D62616C2064B0
:1039400075726174696F6E20706172616D20696E4D
:1039500076616C69640920756E61626C6520746FB4
:1039600020657865632E2000457865637574652051
:10397000776179706F696E74207633206661696C47
:1039800065642064756520746F2063616E6E6F746A
:103990002066696E64207061796C6F61642E20000E
:1039A0004661696C656420746F20736E6564206382
:1039B0006D6420746F207061796C6F61642E2000DB
:1039C0004D696E5F696E697469616C5F776179706A
:1039D0006F696E745F6E756D206973206E6F7420F1
:1039E00075706C6F616465642E20000045786563B6
:1039F00075746520776179706F696E7420763320F5
:103A00006661696C65642064756520746F20686FF9
:103A10006D65706F696E74206E6F74207265636F70
:103A2000726465642E2000004578656375746520B6
:103A3000776179706F696E74207633206661696C86
:103A400065642064756520746F207472616A2077E4
:103A50007020627265616B20696E666F206D69739C
:103A600073696F6E206964206368616E6765642E98
:103A70002000000045786563757465207761797072
:103A80006F696E74207633206661696C65642064AA
:103A9000756520746F207472616A2067656E657247
:103AA000617465206661696C65642E200000000009
:103AB0004578656375746520776179706F696E7498
:103AC000207633206661696C6564206475652074B6
:103AD0006F2073696E676C652074696D652063681B
:103AE00065636B206661696C65642E2000000000D0
:103AF0004578656375746520776179706F696E7458
:103B0000207633206661696C656420647565207475
:103B10006F20616374696F6E206578656375746981
:103B20006F6E206661696C65642E20004578656360
:103B300075746520776179706F696E7420763320B3
:103B40006661696C65642064756520746F207472A9
:103B5000616A206C69622072756E206661696C65AD
:103B6000642E2000457865637574652077617970EF
:103B70006F696E74207633206661696C65642064B9
:103B8000756520746F207472616A2067657420699E
:103B90006E666F206661696C65642E20000000000F
:103BA0004578656375746520776179706F696E74A7
:103BB000207633206661696C6564206475652074C5
:103BC0006F207472616A20696E6974206661696C25
:103BD00065642E2000000000546865204944206F71
:103BE0006620416374696F6E206973206475706C20
:103BF0006963617465642E20000000004578656388
:103C000075746520776179706F696E7420763320E2
:103C10006661696C65642064756520746F206272EA
:103C200065616B20696E666F20616374696F6E20D9
:103C300067726F7570206964207265706561746564
:103C4000642E20004578656375746520776179700E
:103C50006F696E74207633206661696C65642064D8
:103C6000756520746F20627265616B20696E666F86
:103C700020616374696F6E206C6F636174696F6E2D
:103C80002072657065617465642E200045786563F7
:103C900075746520776179706F696E742076332052
:103CA0006661696C65642064756520746F2061636A
:103CB00074696F6E2072657065617465642E200092
:103CC0004578656375746520776179706F696E7486
:103CD000207633206661696C6564206475652074A4
:103CE0006F20616374696F6E20696E6465782072FD
:103CF000657065617465642E200000004578656319
:103D000075746520776179706F696E7420763320E1
:103D10006661696C65642064756520746F207375D5
:103D2000726661636520666F6C6C6F772063616D8E
:103D300065726120696E76616C69642E20000000F6
:103D40004578656375746520776179706F696E7405
:103D500020763320636D6420696E76616C69642E11
:103D600020000000476F2F73746F7020636F6D6DBC
:103D7000616E6420697320696E76616C69642E20BF
:103D8000000000004578656375746520776179707F
:103D90006F696E74207633206661696C6564206497
:103DA000756520746F2067707320696E76616C6929
:103DB000642E20004578656375746520776179709D
:103DC0006F696E74207633206661696C6564206467
:103DD000756520746F20616374696F6E20747265FD
:103DE00065206D6F64652073746174757320696EEE
:103DF00076616C69642E2000457865637574652072
:103E0000776179706F696E74207633206661696CB2
:103E100065642064756520746F20616374696F6EDA
:103E2000207472656520726F6F742073746174758D
:103E30007320696E76616C69642E20004578656335
:103E400075746520776179706F696E7420763320A0
:103E50006661696C65642064756520746F206272A8
:103E600065616B20696E666F207472696767657241
:103E70002072756E20726573756C7420696E766140
:103E80006C69642E20000000576179706F696E7450
:103E900020706C616E206861732073746172746548
:103EA00064207768656E2072656365697665642055
:103EB000676F20636F6D6D616E642E2000000000DF
:103EC000576179706F696E7420706C616E206E6FCF
:103ED000742072756E6E696E67207768656E2072E9
:103EE000656365697665642073746F7020636F6DB8
:103EF0006D616E642E2000004578656375746520E1
:103F0000776179706F696E74207633206661696CB1
:103F100065642064756520746F20616374696F6ED9
:103F2000206E6F7420666F756E642E200000000096
:103F30004578656375746520776179706F696E7413
:103F4000207633206661696C656420647565207431
:103F50006F2074726967676572206E6F7420666F78
:103F6000756E642E200000004578656375746520C9
:103F7000776179706F696E74207633206661696C41
:103F800065642064756520746F2061637475617465
:103F90006F72206E6F7420666F756E642E20000045
:103FA000546865204944206F6620416374696F6ED0
:103FB000206973206E6F7420666F756E642E20000A
:103FC0004578656375746520776179706F696E7483
:103FD000207633206661696C6564206475652074A1
:103FE0006F206661726D206E6F20706573746963F7
:103FF0006964652E200000004661696C6564207468
:104000006F207061796C6F61642072657365727680
:104010006564206572726F7220636F64652E200084
:104020004578656375746520776179706F696E7422
:10403000207633206661696C656420647565207440
:104040006F2075736572207377697463682072637B
:10405000206D6F64652E20004661696C6564207474
:104060006F2073746172742061742063757272655D
:104070006E74207263206D6F64652E200000000056
:104080004578656375746520776179706F696E74C2
:10409000207633206661696C6564206475652074E0
:1040A0006F207472616A20696E76616C6964206643
:1040B0006C79207770206D6F64652E200000000001
:1040C0004578656375746520776179706F696E7482
:1040D000207633206661696C6564206475652074A0
:1040E0006F207472616A20696E76616C69642074F5
:1040F00075726E20646972206D6F64652E200000F9
:104100004578656375746520776179706F696E7441
:10411000207633206661696C65642064756520745F
:104120006F207472616A20696E76616C69642063C5
:10413000737973206D6F64652E2000004578656388
:1041400075746520776179706F696E74207633209D
:104150006661696C65642064756520746F20747293
:10416000616A20696E76616C696420686569676858
:1041700074206D6F64652E20000000004578656333
:1041800075746520776179706F696E74207633205D
:104190006661696C65642064756520746F20747253
:1041A000616A20696E76616C696420796177206D3F
:1041B0006F64652E20000000457865637574652086
:1041C000776179706F696E74207633206661696CEF
:1041D00065642064756520746F2075736572206155
:1041E00067726F2070616E6E6572207374617465A2
:1041F000206368616E67652E20000000466F636172
:104200006C2064697374616E6365206F66206361FE
:104210006D65726120666F63616C697A6520667591
:104220006E6374696F6E206578636565642076617E
:104230006C69642072616E67652E20004578656345
:1042400075746520776179706F696E74207633209C
:104250006661696C65642064756520746F206272A4
:1042600065616B20696E666F20616374696F6E2093
:1042700067726F7570206964206F7574206F662097
:1042800072616E67652E20004578656375746520E0
:10429000776179706F696E74207633206661696C1E
:1042A00065642064756520746F207472616A20767D
:1042B000656C206F7574206F662072616E67652E65
:1042C000200000004578656375746520776179701A
:1042D0006F696E74207633206661696C6564206452
:1042E000756520746F207472616A20777020676C26
:1042F0006F62616C2076656C206F7574206F66202C
:1043000072616E67652E200045786563757465205F
:10431000776179706F696E74207633206661696C9D
:1043200065642064756520746F207472616A206D05
:1043300061782076656C206F7574206F66207261DD
:104340006E67652E200000004578656375746520F2
:10435000776179706F696E74207633206661696C5D
:1043600065642064756520746F20616374696F6E85
:104370002067726F7570206E756D206F7574206F79
:10438000662072616E67652E2000000045786563C7
:1043900075746520776179706F696E74207633204B
:1043A0006661696C65642064756520746F20747241
:1043B000616A207770206E756D206F7574206F664E
:1043C0002072616E67652E200000000045786563ED
:1043D00075746520776179706F696E74207633200B
:1043E0006661696C65642064756520746F20627213
:1043F00065616B20696E666F20616374696F6E2002
:104400006C6F636174696F6E206F7574206F6620C6
:1044100072616E67652E200045786563757465204E
:10442000776179706F696E74207633206661696C8C
:1044300065642064756520746F207472616A206CF5
:104440006174206F72206C6F6E206F7574206F66C0
:104450002072616E67652E2000000000457865635C
:1044600075746520776179706F696E74207633207A
:104470006661696C65642064756520746F20747270
:10448000616A20627265616B206C6174206F7220BA
:104490006C6F6E206F7574206F662072616E676539
:1044A0002E2000004578656375746520776179700A
:1044B0006F696E74207633206661696C6564206470
:1044C000756520746F207472616A2064616D70205C
:1044D000646973206F7574206F662072616E676502
:1044E0002E200000457865637574652077617970CA
:1044F0006F696E74207633206661696C6564206430
:10450000756520746F207472616A20777020627202
:1045100065616B20696E666F2070726F677265737C
:1045200073206F7574206F662072616E67652E2030
:1045300000000000457865637574652077617970C7
:104540006F696E74207633206661696C65642064DF
:10455000756520746F207472616A207770207961AC
:1045600077206F7574206F662072616E67652E20EC
:104570000000000045786563757465207761797087
:104580006F696E74207633206661696C656420649F
:10459000756520746F207472616A20627265616B48
:1045A00020696E666F20777020796177206F75744F
:1045B000206F662072616E67652E20004578656306
:1045C00075746520776179706F696E742076332019
:1045D0006661696C65642064756520746F20616331
:1045E00074696F6E20696E646578206F7574206FD2
:1045F000662072616E67652E200000004578656355
:1046000075746520776179706F696E7420763320D8
:104610006661696C65642064756520746F207472CE
:10462000616A20777020627265616B20696E666FC7
:1046300020777020696E646578206F7574206F66CE
:104640002072616E67652E2000000000457865636A
:1046500075746520776179706F696E742076332088
:104660006661696C65642064756520746F2074727E
:10467000616A206C696220656D657267656E637939
:10468000206272616B652E20000000005961772066
:10469000616E676C65206973206C61676572206D5F
:1046A00061782079617720616E676C652E2000004B
:1046B0004578656375746520776179706F696E748C
:1046C000207633206661696C6564206475652074AA
:1046D0006F2072657475726E20686F6D652E200094
:1046E0004578656375746520776179706F696E745C
:1046F000207633206661696C65642064756520747A
:104700006F207374726F6E672077696E6420676FB5
:10471000686F6D652E2000004578656375746520AF
:10472000776179706F696E74207633206661696C89
:1047300065642064756520746F20757365722073DD
:10474000657420676F686F6D652E20004661696C27
:10475000656420746F20726571756573742077616C
:10476000796C696E652E20004578656375746520E7
:10477000776179706F696E74207633206661696C39
:1047800065642064756520746F207472616A2069A5
:104790006E76616C696420777020747970652E2064
:1047A0000000000045786563757465207761797055
:1047B0006F696E74207633206661696C656420646D
:1047C000756520746F20616374696F6E2074726503
:1047D00065206C61796572206E756D20746F6F2035
:1047E0006D6F72652E2000004578656375746520D5
:1047F000776179706F696E74207633206661696CB9
:1048000065642064756520746F207472616A207716
:104810007020627265616B20696E666F20696E76CA
:10482000616C6964206D697373696F6E2073746164
:1048300074652E20000000004661696C6564207478
:104840006F20726573756D65207761796C696E652F
:1048500020696E2063757272656E74207374617462
:10486000652E200043616E6E6F7420627265616B0D
:10487000207761796C696E6520696E20637572724C
:10488000656E742073746174652E20005468652011
:10489000696E74657276616C2074797065206973D5
:1048A0002067726561746572207468616E20746837
:1048B00065206D6178696D756D2076616C75652E0A
:1048C00020000000546865206173736F6369617430
:1048D000655F7479706520697320677265617465BE
:1048E00072207468616E20746865206D6178696DEE
:1048F000756D2076616C75652E20000045786563C6
:1049000075746520776179706F696E7420763320D5
:104910006661696C65642064756520746F206163ED
:1049200074696F6E206E6F6465206368696C6420C3
:1049300073756D206E6F7420657175616C206E6586
:104940007874206C617965722073697A652E200015
:104950004661696C656420746F2072756E206175A4
:10496000746F2074616B65206F66662E20000000F6
:104970004661696C656420746F207265717565733A
:10498000742074616B65206F66662E200000000045
:104990004578656375746520776179706F696E74A9
:1049A000207633206661696C6564206475652074C7
:1049B0006F207472616A20696E76616C696420622E
:1049C0007265616B20696E666F20666C61672E2070
:1049D0000000000043616E6E6F7420737461727426
:1049E000207761796C696E65207768656E207761E4
:1049F000796C696E652072756E6E696E672E200027
:104A00004578656375746520776179706F696E7438
:104A1000207633206661696C656420647565207456
:104A20006F207472616A206A6F62206578697420F1
:104A3000627574206D69732072756E6E696E672E73
:104A40002000000043616E6E6F7420627265616BBE
:104A5000207761796C696E65207768656E20776173
:104A6000796C696E65206E6F742072756E6E696EFA
:104A7000672E200043616E6E6F742073746F702018
:104A80007761796C696E65207768656E20776179EA
:104A90006C696E65206E6F742072756E6E696E67DC
:104AA0002E20000054686520657865637574696F11
:104AB0006E206F66204163747561746F7220697334
:104AC000206E6F7420737570706F72746564092046
:104AD000652E672E092074727920746F2073746FAD
:104AE000702063616D6572612073686F6F74696EA9
:104AF000672E20004578656375746520776179704D
:104B00006F696E74207633206661696C6564206419
:104B1000756520746F2064726F6E65206973206DF7
:104B20006F76696E672E2000457865637574652021
:104B3000776179706F696E74207633206661696C75
:104B400065642064756520746F2073757266616397
:104B50006520666F6C6C6F77206D61702077726F67
:104B60006E672E200000000045786563757465202F
:104B7000776179706F696E74207633206D69737315
:104B8000696F6E206964206E6F74206D6174636854
:104B90002E20000045786563757465207761797013
:104BA0006F696E742076332077706D7A2066696C39
:104BB00065206E6F74206D617463682E20000000A4
:104BC0004578656375746520776179706F696E7477
:104BD000207633206661696C656420647565207495
:104BE0006F20726320706974636820726F6C6C2030
:104BF000627265616B2E200045786563757465206F
:104C0000776179706F696E74207633206661696CA4
:104C100065642064756520746F2075736572206209
:104C20007265616B2E2000004578656375746520A0
:104C3000776179706F696E74207633206661696C74
:104C400065642064756520746F20686F6D65706F92
:104C5000696E74206E6F74206D6174636820727465
:104C60006B2E20004661696C20746F2073656E6442
:104C700020636D6420746F2067696D62616C2066CB
:104C80006F722067696D62616C2069732062757351
:104C900079206F72206E6F2067696D62616C2E20C3
:104CA0000000000043757272656E74206C6F636162
:104CB00074696F6E206163637572616379206973D3
:104CC000206C6F7720666F722062616420475053BA
:104CD000207369676E616C2E200000004661696C6C
:104CE000656420746F2063757272656E7420616EE6
:104CF00064207461726765742076656C206E6F74D1
:104D000020657175616C2E20000000004578656398
:104D100075746520776179706F696E7420763320C1
:104D20006661696C65642064756520746F207472B7
:104D3000616A20696E76616C696420796177206DA3
:104D40006F646520696E2076657274207365676D87
:104D50002E2000004661696C656420746F206167D5
:104D6000726F20706C616E2E2000000045786563C4
:104D700075746520776179706F696E742076332061
:104D80006661696C65642064756520746F20747257
:104D9000616A206F6E2067726F756E64206D6F742C
:104DA0006F72206973207475726E206F6E2E2000F2
:104DB0004578656375746520776179706F696E7485
:104DC000207633206661696C6564206475652074A3
:104DD0006F2064726F6E65206F6E2067726F756EE4
:104DE00064206D6F746F72206F6E2E2000000000C3
:104DF0004578656375746520776179706F696E7445
:104E0000207633206661696C656420647565207462
:104E10006F20616374696F6E20726573756D6520B4
:104E20006661696C656420666F7220696E76616C7C
:104E3000696420726573756D6520696E666F2E20DA
:104E400000000000457865637574652077617970AE
:104E50006F696E74207633206661696C65642064C6
:104E6000756520746F20726573756D6520696420A7
:104E70006E6F7420696E20627265616B20696E6668
:104E80006F2E2000457865637574652077617970B1
:104E90006F696E74207633206661696C6564206486
:104EA000756520746F206F6273746163616C207329
:104EB000746F702E200000004175746F5F7465720E
:104EC0006D696E6174655F77705F6E756D20697373
:104ED000206C61726765207468616E20696E74650C
:104EE0007276616C5F77705F6E756D20696E20728F
:104EF000656163685F776179706F696E745F747202
:104F000069676765722E2000496E74657276616C00
:104F10005F77705F6E756D206973206C6172676575
:104F2000207468616E2074686520646966666572C5
:104F3000656E6365206F662077705F73746172744D
:104F40005F696E64657820616E642077705F656E5E
:104F5000645F696E64657820696E2072656163685C
:104F60005F776179706F696E745F74726967676586
:104F7000722E200057705F656E645F696E6465789D
:104F8000206973206C657373207468616E2077707C
:104F90005F73746172745F696E64657820696E20F6
:104FA00072656163685F776179706F696E745F7451
:104FB0007269676765722E2000000000457865639E
:104FC00075746520776179706F696E74207633200F
:104FD0006661696C65642064756520746F20616426
:104FE0007362206572726F722E20000045786563CF
:104FF00075746520776179706F696E7420763320DF
:105000006661696C65642064756520746F206163F6
:1050100074696F6E2067726F75702076616C696459
:105020002072616E6765206572726F722E200000BB
:105030004C6F616420776179706F696E742076338C
:105040002077706D7A2066696C65206572726F7268
:105050002E2000004578656375746520776179704E
:105060006F696E74207633206661696C65642064B4
:10507000756520746F20666972206C61732077708B
:105080002074797065206572726F722E20000000A6
:105090004578656375746520776179706F696E74A2
:1050A000207633206661696C6564206475652074C0
:1050B0006F20616374696F6E2073746174757320FF
:1050C000747265652073697A65206572726F722EDD
:1050D00020000000457865637574652077617970FC
:1050E0006F696E74207633206661696C6564206434
:1050F000756520746F2064726F6E652063726974C9
:105100006963616C206572726F722E20000000006E
:105110004578656375746520776179706F696E7421
:10512000207633207761796C696E6520696E666FD1
:10513000206572726F722E20000000004578656352
:1051400075746520776179706F696E74207633208D
:105150006E6F20627265616B20696E666F2065728A
:10516000726F722E200000004661696C20746F20FF
:1051700073746F702067696D62616C20756E69660B
:105180006F726D206374726C206265636175736504
:1051900020696E646578206572726F722E2000003F
:1051A0004661696C656420746F2065786563757409
:1051B00065207061796C6F616420616374756174DE
:1051C0006F722E20000000005468652073697A65B4
:1051D000206F66206275666665722075736564204F
:1051E000746F206765742074686520696E666F202F
:1051F0006F6620416374696F6E206973206C6573FC
:1052000073207468616E207468652073697A652004
:105210006F6620416374696F6E2E204E6F726D61F0
:105220006C6C792075736572732063616E206E6F8C
:10523000742067657420746869732E200000000074
:105240004578656375746520776179706F696E74F0
:10525000207633206661696C65642064756520740E
:105260006F20616374696F6E2074726565206C6174
:10527000796572206E756D20746F6F206C65737325
:105280002E2000004578656375746520776179701C
:105290006F696E74207633206661696C6564206482
:1052A000756520746F2072746B20646973636F6E10
:1052B0006E6563742E200000457865637574652003
:1052C000776179706F696E74207633206661696CDE
:1052D00065642064756520746F207261646172205A
:1052E000646973636F6E6E6563742E200000000046
:1052F000466C69676874206D697373696F6E2063AB
:105300006F6E666C6963742C20756E61626C6520CB
:10531000746F206F627461696E20636F6E74726F58
:105320006C2061757468206F6620746865206169FF
:105330007263726166742E20000000004578656318
:1053400075746520776179706F696E74207633208B
:105350006661696C65642064756520746F2076668B
:10536000656E6365206C696D69742E200000000015
:105370004578656375746520776179706F696E74BF
:10538000207633206661696C6564206475652074DD
:105390006F20726164697573206C696D69742E2069
:1053A0000000000045786563757465207761797049
:1053B0006F696E74207633206661696C6564206461
:1053C000756520746F20686569676874206C696D05
:1053D00069742E20000000004578656375746520AF
:1053E000776179706F696E74207633206661696CBD
:1053F00065642064756520746F20616972706F72D6
:105400007420686569676874206C696D69742E2002
:1054100000000000457865637574652077617970D8
:105420006F696E74207633206661696C65642064F0
:10543000756520746F206C6F77206C696D69742EB0
:105440002000000045786563757465207761797088
:105450006F696E74207633206661696C65642064C0
:10546000756520746F20626F756E64617279206C4F
:10547000696D69742E200000457865637574652038
:10548000776179706F696E74207633206661696C1C
:1054900065642064756520746F207573657220657E
:1054A0007869742E2000000043757272656E742056
:1054B000706F736974696F6E206973206661722002
:1054C000617761792066726F6D2074686520666906
:1054D00072737420776179706F696E742E2000008A
:1054E0004578656375746520776179706F696E744E
:1054F000207633206661696C65642064756520746C
:105500006F206D6F6469667920616374696F6E20C6
:105510007374617475732066726F6D206E6F20698D
:105520006E7465727275707420746F20696E746524
:1055300072727570742E20004578656375746520ED
:10554000776179706F696E74207633206661696C5B
:1055500065642064756520746F2073697A652074B2
:105560006F6F206C6F6E67206F7220746F6F207387
:10557000686F72742E2000004661696C6564207447
:105580006F207265717565737420717569636B2026
:1055900074616B65206F6666206173736973742E26
:1055A000200000004661696C656420746F2072758C
:1055B0006E20717569636B2074616B656F66662020
:1055C0006173736973742E20000000004578656371
:1055D00075746520776179706F696E7420763320F9
:1055E0006661696C65642064756520746F20726300
:1055F000206C6F73742E20004661696C65642074A2
:105600006F207461726765742079617720616E67BD
:105610006C652062656361757365206F66207469CF
:105620006D656F75742E200045786563757465200F
:10563000776179706F696E74207633206661696C6A
:1056400065642064756520746F207472616A2069D6
:105650006E76616C696420737461727420696E6423
:1056600065782E200000000045786563757465201C
:10567000776179706F696E74207633206661696C2A
:1056800065642064756520746F2072746B206E6F82
:10569000742072656164792E2000000048656164A1
:1056A0005F6E6F6465206973206E756C6C206F721D
:1056B00020617474695F6E6F745F6865616C746893
:1056C00079206F72206779726F5F6E6F745F6865A3
:1056D000616C746879206F7220686F72697A5F7686
:1056E000656C5F6E6F74206865616C746879206F9B
:1056F0007220686F72697A5F6162735F706F735F47
:105700006E6F745F6865616C7468792E20000000AC
:105710004578656375746520776179706F696E741B
:1057200020763320636D64207375636365737366DD
:10573000756C6C792E200000457865637574652062
:10574000776179706F696E74207633206661696C59
:1057500065642064756520746F206C6F77657220B6
:10576000626174746572792E200000004661696C74
:1057700020746F2073656E6420666F63616C697A54
:105780006520636D6420746F2063616D65726120B4
:10579000666F72206E6F2063616D657261206F723B
:1057A0002063616D65726120697320627573792E63
:1057B000200000004661696C20746F2073656E6480
:1057C00020666F63757320636D6420746F2063615E
:1057D0006D65726120666F72206E6F2063616D650A
:1057E0007261206F722063616D6572612069732040
:1057F000627573792E2000004661696C20746F20F9
:1058000073656E642073686F7420636D6420746FB9
:105810002063616D65726120666F72206E6F206318
:10582000616D657261206F722063616D65726120C8
:10583000697320627573792E200000004661696CDF
:1058400020746F2073656E6420766964656F2073C1
:105850007461727420636D6420746F2063616D6580
:10586000726120666F72206E6F2063616D65726178
:10587000206F722063616D657261206973206275AB
:1058800073792E20000000004661696C20746F203F
:1058900073656E6420766964656F2073746F702021
:1058A000636D6420746F2063616D65726120666F43
:1058B00072206E6F2063616D657261206F7220636C
:1058C000616D657261206973206E6F7420627573FB
:1058D000792E20004578656375746520776179704D
:1058E0006F696E74207633206661696C656420642C
:1058F000756520746F20616374696F6E20747265C2
:105900006520656D7074792E200000004578656310
:1059100075746520776179706F696E7420763320B5
:105920006661696C65642064756520746F206163CD
:1059300074696F6E2074726565206C617965722080
:10594000656D7074792E20005468652074797065D7
:10595000204944206F662054726967676572206928
:105960007320696E76616C69642E204974206D69BC
:10597000676874206E6F7420646566696E65642064
:105980006F722074686520696E666F726D617469EC
:105990006F6E20697320656D7074792E2000000091
:1059A0005468652074797065204944206F662041F1
:1059B00063747561746F7220697320696E76616CAF
:1059C00069642E204974206D69676874206E6F7455
:1059D00020646566696E6564206F72207468652056
:1059E000696E666F726D6174696F6E206973206590
:1059F0006D7074792E2000005468652046756E63C2
:105A000074696F6E204944206F662041637475612C
:105A1000746F7220697320696E76616C69642E20E0
:105A20004974206D69676874206E6F7420646566C0
:105A3000696E6564206F722074686520696E666F98
:105A4000726D6174696F6E20697320656D70747911
:105A50002E2000002053756767657374696F6E2090
:105A60003A20000054686520696E646578206F668E
:105A700020666972737420616E6420656E6420779D
:105A80006179706F696E74206578706563746564A0
:105A900020746F20646F776E6C6F6164206973206F
:105AA0006E6F7420696E2072616E6765206F66206C
:105AB00073746F72656420696E2046432000000095
:105AC00054686520636F6E66696775726174696F8B
:105AD0006E20666F72626964207573696E672062FA
:105AE0007265616B2F726573746F726520415049E6
:105AF0002000000054686520636F6E6669677572E8
:105B00006174696F6E20666F726269642075736973
:105B10006E672070617573652F7265636F7665724D
:105B20007920415049200000546865207472616AF0
:105B30006563746F72792063726F73732074686524
:105B4000204E465A2000000054686520646F776E2E
:105B50006C6F616420616374696F6E20737461722D
:105B600074206964206973206269676765722074B4
:105B700068616E2074686520616374696F6E20656A
:105B80006E642069642000005573652072746B5F39
:105B90006461746109206275742072746B2069738A
:105BA000206E6F7420636F6E6E6563746564206F22
:105BB000722072746B5F6461746120697320696E16
:105BC00076616C696420000043757272656E7420A2
:105BD0006361706163697479206F6620736D6172AF
:105BE000742062617474657279206F7220766F6CB4
:105BF00074616765206F66206E6F6E2D736D6172C4
:105C0000742062617474657279206973206C6F7797
:105C10006572207468616E206C6576656C20312039
:105C20006F72206C6576656C2032207468726573C3
:105C3000686F6C6420000000576179706F696E7442
:105C400020706F736974696F6E20636F6F7264691F
:105C50006E6174652065786365656420726174693E
:105C60006F6E616C2072616E67652000576179709C
:105C70006F696E742064616D70696E67206469730A
:105C800074616E636520657863656564207365740F
:105C90002072616E67652000496E697469616C20CD
:105CA0007265666572656E636520706F696E7420DB
:105CB000706F736974696F6E20636F6F7264696E61
:105CC000617465206578636565642073657420720E
:105CD000616E676520000000576179706F696E74AE
:105CE000206D697373696F6E2076657273696F6E6C
:105CF0002063616E2774206D617463682077697416
:105D000068206669726D7761726520004E6F20624F
:105D10007265616B20706F696E74206973207265A3
:105D2000636F7264656420666F7220726573746F4E
:105D3000726520004E6F2063757272656E742074F8
:105D400072616A6563746F72792070726F6A6563DD
:105D50007420706F696E74206973207265636F724E
:105D600064656420666F7220726573746F7265205B
:105D7000000000004E6F206E657874207468652006
:105D80006E657874207472616A6563746F727920CD
:105D900070726F6A65637420706F696E74206973C6
:105DA000207265636F7264656420666F722072652D
:105DB00073746F72652000004E6F206E65787420DA
:105DC0007472616A6563746F72792070726F6A654C
:105DD000637420706F696E74206973207265636FDD
:105DE0007264656420666F7220726573746F726589
:105DF0002000000054686520796177207475726E08
:105E000020646972656374696F6E206F66207570B7
:105E10006C6F616420777020697320696E76616CA5
:105E200069642E2069742073686F756C64206265E4
:105E300020303A636C6F636B77697365206F7220F3
:105E4000313A616E74692D636C6F636B776973654A
:105E5000200000004E6F7420616C6C6F77656420C9
:105E6000746F206F627461696E2F72656C65617307
:105E700065206A6F79737469636B20636F6E7472E7
:105E80006F6C20617574686F7269747920776865CA
:105E90006E2064726F6E652069732074616B696E29
:105EA00067206F666620000054686520796177205E
:105EB0006D6F6465206F662075706C6F616420770C
:105EC0007020697320696E76616C69642E2072653A
:105ED000666572656E636520746F20776179706F97
:105EE000696E74325F7961775F6D6F64655F74208E
:105EF000646566696E656420696E206D6174685FB3
:105F0000776179706F696E745F706C616E6E6572C7
:105F10002E682000546865207770207479706520A1
:105F20006F662075706C6F616420777020697320D4
:105F3000696E76616C69642E207265666572656E45
:105F4000636520746F20776179706F696E745F7418
:105F50007970655F7420646566696E656420696E3A
:105F6000206D6174685F776179706F696E745F70BE
:105F70006C616E6E65722E682000000043616E20B9
:105F80006E6F7420646F776E6C6F6164206F722027
:105F9000676574206D696E2D6D6178206163746929
:105FA0006F6E20494420666F72206E6F20616374AB
:105FB000696F6E206974656D732073746F726564A8
:105FC00020696E20616374696F6E206B65726E6507
:105FD0006C200000546865206C6F63616C206372F4
:105FE000756973652076656C206F662075706C6FBF
:105FF00061642077702069732067726561746572CF
:10600000207468616E20676C6F62616C206D6178CE
:106010002076656C20000000546865206D61782052
:1060200076656C206F662075706C6F6420777020C9
:1060300069732067726561746572207468616E208F
:10604000676C6F62616C206D61782076656C2000F2
:10605000546865206C6F63616C2063727569736549
:106060002076656C206F662075706C6F6164207798
:10607000702069732067726561746572207468614D
:106080006E206C6F63616C206D61782076656C208A
:1060900000000000476C6F62616C5F6D61785F7635
:1060A000656C20697320677265617465722074681D
:1060B000616E207065726D69747465645F6D61787E
:1060C0005F76656C206F72206C65737320746861F5
:1060D0006E207065726D69747465645F6D696E5F62
:1060E00076656C2000000000476C6F62616C5F6336
:1060F00072756973655F76656C2069732067726578
:1061000061746572207468616E20676C6F62616C87
:106110005F6D61785F76656C2000000054686520D3
:106120006C656E677468206F6620746865206461B2
:10613000746120697320696C6C6567616C206261B1
:10614000736564206F6E207468652070726F746F61
:10615000636F6C20000000005468657265206973ED
:10616000206E6F20656E6F756768206D656D6F724C
:106170007920737061636520666F72206E65772089
:10618000416374696F6E204974656D2000000000E2
:10619000576179706F696E745F656E645F696E6474
:1061A000657820697320657175616C206F72206C51
:1061B00061726765207468616E20746F74616C5FD2
:1061C000776179706F696E745F6E756D2000000085
:1061D0004D696E5F696E697469616C5F7761797032
:1061E0006F696E745F6E756D206973206C65737373
:1061F000207468616E207065726D69747465645F87
:106200006D696E5F776179706F696E745F6E756DC1
:10621000200000004D696E5F696E697469616C5F92
:10622000776179706F696E745F6E756D2069732028
:106230006C61726765207468616E207065726D694B
:10624000747465645F6D61785F776179706F696E92
:10625000745F6E756D20000054686520636F6D6D0E
:10626000616E64206F6620627265616B2F72657368
:10627000746F7265206973206E6F7420657175612B
:106280006C20746F20616E79206F662074686520C1
:10629000636F6D6D616E6420656E756D200000002A
:1062A00054686520636F6D6D616E64206F66207049
:1062B000617573652F7265636F7665727920697396
:1062C000206E6F7420657175616C20746F20616E33
:1062D00079206F662074686520636F6D6D616E64F0
:1062E00020656E756D200000476F746F5F66697280
:1062F00073745F706F696E745F6D6F64652069732E
:10630000206F7574206F662072616E6765206F66FE
:1063100020776179706F696E745F676F746F5F6605
:10632000697273745F666C61675F745F656E756DCB
:106330002000000046696E69736865645F6163747C
:10634000696F6E206973206F7574206F66207261AB
:106350006E6765206F662077705F706C616E5F6638
:10636000696E6973685F616374696F6E5F745F659E
:106370006E756D200000000052635F6C6F73745F78
:10638000616374696F6E206973206F7574206F6626
:106390002072616E6765206F662077705F706C6138
:1063A0006E5F72635F6C6F73745F616374696F6E4D
:1063B0005F745F656E756D20000000005468652095
:1063C000696E646578206F662075706C6F616420FB
:1063D0007770206973206E6F7420636F6E74696EBE
:1063E0007565206166746572207468652073746FCA
:1063F000726520777020000043616E6E27742073F1
:1064000065742077705F6C696E655F65786974206C
:106410007479706520746F2077702000546865204F
:10642000737461727420696E646578206973206783
:10643000726561746572207468616E20656E642097
:10644000696E646578206F662075706C6F6164207A
:10645000777073200000000054686520656E64202A
:10646000696E646578206F662075706C6F64207744
:106470007073206973206772656174657220746837
:10648000616E20696E6974656420746F74616C203C
:106490006E756D626572732000000000546865209F
:1064A000777020686173206E6F742075706C6F61F7
:1064B00064656420796574200000000054686520DC
:1064C000696E697420696E666F206F662047726F0F
:1064D000756E642053746174696F6E206973206EE9
:1064E0006F742075706C6F616465642079657420C9
:1064F00000000000576179706F696E7420706F73CF
:106500006974696F6E206578636565642072616483
:10651000697573206C696D6974200000576179702A
:106520006F696E7420706F736974696F6E2065781F
:106530006365656420686569676874206C696D6966
:10654000742000005468652064616D70696E672076
:106550006469732069732067726561746572207461
:1065600068616E206F7220657175616C207468655A
:106570002064697374616E6365206F662061646A6C
:106580006163656E7420706F696E74200000000096
:1065900054686520776179706F696E7420706C61E2
:1065A0006E2068617320737461727465642077680B
:1065B000656E20696E697469616C697A696E6720BD
:1065C000776179706F696E742000000054686520EF
:1065D00057505F4C494E455F454E544552207770A9
:1065E0005F747970652073657420746F2061207703
:1065F00070207768696368206973206E6F742074F7
:10660000686520696E6974207374617274207761A3
:1066100079706F696E7420006E657720686F6D65A4
:10662000206C6F636174696F6E206973206D6F7287
:1066300065207468616E2032306B6D2061776179FE
:106640002066726F6D2063757272656E7420686F5C
:106650006D65206C6F6361746F6E284150502F52CE
:1066600043290000506C6561736520757365207265
:10667000696768742064657669636573284F53445D
:106680004B2F4D53444B29004E6F7420636F6E6E39
:10669000656374696F6E20746F20444A49204173AA
:1066A00073697374616E7420322E0000506C6561E2
:1066B000736520636865636B2074686520636F6E23
:1066C0006E656374696F6E20776974682072656D9A
:1066D0006F746520636F6E74726F6C2069732069CC
:1066E00066204F4B2E000000506C6561736520637F
:1066F0006865636B2074686520636F6E6E65637494
:10670000696F6E207769746820616972637261666F
:1067100074206973206966204F4B2E005265717595
:10672000657374656420746F70696320646F206E94
:106730006F7420686176652074696D657374616D2E
:106740007020646174612E20446964206E6F74202F
:10675000656E61626C652074696D657374616D70DE
:10676000207768656E207375627363726962652055
:10677000746F7069632E0000506C656173652074DE
:10678000727920746F206765742076616C7565205E
:106790006166746572207375627363726962696E93
:1067A0006720746F7069632E000000005265717578
:1067B000657374656420746F7069632068617665C1
:1067C000206E6F74206265656E20737562736372EC
:1067D000696265642E0000004D656D6F72792061FD
:1067E0006C6C6F636174696F6E206661696C65645F
:1067F0002E000000436F6E6E656374696F6E206FCC
:1068000066206368616E6E656C20697320636C6FCF
:106810007365642E20546865207065657220636816
:10682000616E6E656C20646F206E6F7420776F727E
:106830006B206F722061626E6F726D616C6C79207B
:10684000626520636C6F7365642E0000526571751C
:10685000657374656420746F706963206973206E5A
:106860006F7420737570706F727465642E00000011
:106870004F7065726174696F6E206973206E6F74FA
:1068800020737570706F727465642E0041206869A2
:1068900067686572207072696F72697479207461BB
:1068A000736B206973206265696E67206578656324
:1068B000757465642E0000005265717565737420EF
:1068C000706172616D6574657273206172652069B3
:1068D0006E76616C69642E00496E7075742070610B
:1068E00072616D65746572732061726520696E7680
:1068F000616C69642E0000004672657175656E6397
:1069000079206F6620746F70696320697320696EE7
:1069100076616C69642E0000457865637574652046
:10692000776179706F696E74207633206661696C67
:1069300065642064756520746F2073757266616389
:106940006520666F6C6C6F77206865696768742076
:10695000696E76616C69642E00000000506172619E
:106960006D657465727320617265206E6F74206648
:106970006F756E642E000000506C65617365206356
:106980006865636B207468652076616C69646974FE
:1069900079206F66207468652053442063617264B7
:1069A0002E000000506C6561736520696E73746120
:1069B0006C6C20534420636172642E00506C6561DE
:1069C0007365206D616B65207375726520746865F1
:1069D00020534420636172642068617320656E6F88
:1069E0007567682073706163652E00004F757420B1
:1069F0006F662072616E67652E000000506C6561E5
:106A0000736520636F6E6E65637420796F75722095
:106A100064726F6E6520746F20444A49204173731D
:106A2000697374616E742032207768696C652061C7
:106A3000637469766174696E6720746865206E6539
:106A40007720646576696365206174206669727376
:106A5000742074696D652E00506C656173652063E8
:106A60006865636B207468652076616C696469741D
:106A700079206F66207468652063616D657261209E
:106A80006669726D776172652E000000506C6561F9
:106A9000736520636865636B2073797374656D201B
:106AA000636F6E6669677572652E00004F70657260
:106AB0006174696F6E206973206E6F7420737570D6
:106AC000706F7274656420696E2063757272656E92
:106AD000742073746174652E000000004375727237
:106AE000656E742064657669636520646F206E6FDF
:106AF00074206861766520636F6E74726F6C2061BC
:106B00007574686F72697479206F66207468652087
:106B100067696D62616C2E00506C656173652063FE
:106B20006865636B20796F7572206170705F69644E
:106B3000206C6576656C2E00506C65617365207203
:106B400065706C6163656D656E74206261747465F7
:106B5000727920666F72206D616368696E6520616D
:106B60006E642074727920616761696E2E00000086
:106B7000506C6561736520636865636B207468653C
:106B800020746F70696320697320737570706F7201
:106B9000746564206F72206E6F74206F6E20637551
:106BA0007272656E742061697263726166742076B8
:106BB000657273696F6E2E00506C65617365206439
:106BC0006F206E6F7420726F7461746520746F77BC
:106BD00061726473206E65676174697665206469AB
:106BE00072656374696F6E2E00000000506C656101
:106BF000736520646F206E6F7420726F74617465AA
:106C000020746F776172647320706F736974697632
:106C10006520646972656374696F6E2E0000000000
:106C2000506C6561736520636F6E74616374203CA2
:106C300064657640646A692E636F6D3E20666F728C
:106C40002068656C702E0000506C65617365207261
:106C500065636865636B20616C6C20746865207285
:106C6000756E6E696E6720636F6E646974696F6EAE
:106C700073206F7220636F6E74616374203C64656F
:106C80007640646A692E636F6D3E20666F7220687D
:106C9000656C702E00000000506C656173652063A8
:106CA0006F6E7461637420444A4920666F72206875
:106CB000656C702E00000000506C65617365206388
:106CC0006865636B20696E70757420706172616DA8
:106CD0006574657273206F7220636F6E7461637484
:106CE00020444A4920666F722068656C702E00004F
:106CF000506C656173652073756273637269626558
:106D000020746F70696320656E61626C65642074C5
:106D1000696D657374616D702E000000506C656163
:106D200073652074727920616761696E206C61748B
:106D300065722E00506C656173652073746F7020EE
:106D400074686520686967686572207072696F721F
:106D5000697479207461736B206F7220747279206A
:106D6000616761696E206C617465722E00000000BD
:106D7000506C656173652074727920616761696E1A
:106D8000206166746572207265706C6163696E67FC
:106D9000205053444B20616461707465722E000072
:106DA0004861726477617265206572726F722E003D
:106DB0004163746976617465206C6576656C2065E5
:106DC00072726F722E00000053797374656D2065C6
:106DD00072726F722E000000556E6B6E6F776E20B0
:106DE0006572726F722E0000416374697661746916
:106DF0006F6E20706172616D65746572206572726C
:106E00006F722E00506C6561736520636865636BFB
:106E10002074686520706172616D6574657220749C
:106E20006F206765742069732069662073757070C0
:106E30006F7274656420696E20796F757220646565
:106E400076696365732E0000506C6561736520631D
:106E50006865636B2074686520706172616D65742C
:106E6000657220746F2073657420697320696620D1
:106E7000737570706F7274656420696E20796F75B8
:106E80007220646576696365732E00005B25733A32
:106E9000256429204572726F72206F626A6563747F
:106EA000207461626C6520646F206E6F7420617263
:106EB00072616E67652066726F6D20736D616C6CB8
:106EC00020746F206C61726765206F722074686532
:106ED000726520617265206475706C6963617465A8
:106EE000206572726F7220636F6465732E000000FC
:106EF000506C6561736520646F75626C652D6368A5
:106F000065636B207265717565737465642070616B
:106F100072616D65746572732E000000506C65615E
:106F2000736520696E7075742076616C6964207079
:106F30006172616D65746572732E0000506C6561DD
:106F4000736520636865636B20706172616D657441
:106F50006572732E00000000506C656173652063DC
:106F60006865636B207468652076616C6964697418
:106F700079206F6620746865206163746976617436
:106F8000696F6E20706172616D65746572732E0039
:106F90005061796C6F6164206D6F756E7420706FD5
:106FA000736974696F6E20646F206E6F74206D65F5
:106FB000657420726571756972656D656E74732E86
:106FC000000000005053444B20616461707465728E
:106FD00020646F206E6F74206D656574207265711A
:106FE000756972656D656E74732E0000506C656115
:106FF000736520726561642041504920616E642090
:107000007573657220646F63756D656E7461746904
:107010006F6E2C20656E737572696E6720696E7075
:10702000757420706172616D65746572732073612F
:10703000746973667920726571756972656D656EC4
:1070400074732E0048617665206578697374656491
:10705000207468652073616D65206F626A65637472
:107060002E000000444A4920417373697374616EB5
:10707000742032206E6F7420636F6E6E656374656A
:107080006420746F2074686520696E7465726E6523
:10709000742E0000506974636820617869732067FA
:1070A000696D62616C207265616368206E656761FD
:1070B00074697665206C696D69742E00526F6C6C12
:1070C00020617869732067696D62616C2072656107
:1070D0006368206E65676174697665206C696D69A7
:1070E000742E000059617720617869732067696D9B
:1070F00062616C207265616368206E6567617469A6
:107100007665206C696D69742E00000050697463A7
:107110006820617869732067696D62616C207265AF
:1071200061636820706F736974697665206C696D3E
:1071300069742E00526F6C6C2061786973206769E6
:107140006D62616C20726561636820706F73697431
:10715000697665206C696D69742E0000596177202D
:10716000617869732067696D62616C207265616323
:107170006820706F736974697665206C696D6974D5
:107180002E000000506C6561736520636865636B59
:1071900020796F7572204F53444B20766572736966
:1071A0006F6E2077686574686572206D61746368BE
:1071B000207468652064726F6E65206F72206E6F38
:1071C000742E0000444A49207365727665722072FD
:1071D0006566757365207468697320616374697688
:1071E0006174696F6E20726571756573742E00002D
:1071F000506C6561736520616374697661746520A4
:10720000746865206D6F64756C652066697273744F
:107210002E000000457865637574696F6E2074698F
:107220006D656F75742E0000506C65617365206428
:107230006F206E6F7420737562736372696265206C
:107240006120746F70696320726570656174656434
:107250006C792E00546F70696320697320737562B6
:1072600073637269626564207265706561746564D8
:107270006C792E00457865637574696F6E2073753F
:10728000636365737366756C6C792E00506C656111
:10729000736520646F206E6F7420636F6E74726FFD
:1072A0006C2067696D62616C2077697468206F7407
:1072B00068657220646576696365732074686174BB
:1072C0002068617665206869676820636F6E7472F4
:1072D0006F6C207072696F726974792073696D7553
:1072E0006C74616E656F75736C792E004C6F7720CE
:1072F000626174746572792E0000000053797374B2
:10730000656D20697320627573792E00506C65611C
:10731000736520636865636B20796F757220696E91
:1073200070757420636F6D6D616E6420776869633A
:1073300068206F6E6C7920737570706F7274203076
:107340002F310000475053206C6576656C203C203F
:1073500034000000436865636B2063757272656E6C
:10736000742063616D657261207374617465206956
:107370007320696620617070726F707269617465E4
:1073800020666F742074686520434D44000000003F
:107390004E6F7420616C6C6F77656420746F206F22
:1073A000627461696E2F72656C65617365206A6FC6
:1073B00079737469636B20636F6E74726F6C206194
:1073C0007574686F72697479207768656E2072636E
:1073D000206973206E6F7420696E20505F4D4F449A
:1073E00045000000506C65617365207377697463B4
:1073F0006820524320746F20505F4D4F4445000079
:1074000052435F4E4545445F4D4F44455F46000043
:107410005468652072657175657374696E67206460
:107420006576696365206973206E6F7420616C6C8A
:107430006F77656420746F206F627461696E2F725C
:10744000656C65617365206A6F79737469636B201D
:10745000636F6E74726F6C20617574686F7269749B
:10746000792C206F6E6C7920737570706F72742038
:107470004F53444B2F4D53444B000000506C6561FB
:10748000736520636F6E6669726D207374617465D5
:10749000206F66207468652070656572206368617E
:1074A0006E6E656C20616E642072656163636570E9
:1074B000742074686520636F6E6E656374696F6EA7
:1074C0002072657175657374206F66204D53444B4F
:1074D0002F4F53444B00000052435F4E4545445FDD
:1074E0004D4F44455F50000052435F4D4F44455F50
:1074F0004552524F52000000494F435F4F425441A2
:10750000494E5F434F4E54524F4C5F4552524F527B
:1075100000000000626164204750530052454C4512
:107520004153455F434F4E54524F4C5F5355434375
:10753000455353004F425441494E5F434F4E5452BE
:107540004F4C5F53554343455353000052454C4500
:107550004153455F434F4E54524F4C5F494E5F502D
:10756000524F4752455353004F425441494E5F4397
:107570004F4E54524F4C5F494E5F50524F47524509
:10758000535300005468652079617720636F6D6DF7
:10759000616E64206F662075706C6F616420777017
:1075A000206973206E6F7420696E2072616E67654A
:1075B0002E207468652072616E676520666F722088
:1075C0004D523A5B2D313830203138305D000000AB
:1075D0005468652064697374616E636520626574C4
:1075E000777765656E2074776F2061646A61636583
:1075F0006E7420776179706F696E7473206973207F
:107600006E6F7420696E5B302E356D2C20353030F6
:10761000306D5D005468652074696D652073746118
:107620006D70206F66207468652063616D6572619E
:10763000206973206E6F742073796E630000000000
:1076400043616D65726120706172616D2067657460
:10765000206661696C6564005468652063757272A8
:10766000656E742073746174757320697320706122
:10767000757365640000000043616D657261206D83
:107680006F64756C65206973206E6F74206163741C
:107690006976617465640000686F6D65206C6F6366
:1076A0006174696F6E206973206E6F7420696E69F2
:1076B00074656400436F6D6D616E64206E6F74203D
:1076C000737570706F7274656400000043616D655E
:1076D0007261206661696C656420746F20736574E3
:1076E0002074686520706172616D657465727320C5
:1076F00069742072656365697665640052657365B7
:107700007276656400000000696E76616C696420C1
:10771000726571756573742069640000656D6572CA
:1077200067656E63792073746F70206D6F746F720C
:1077300020636D6420696E76616C696400000000EE
:1077400054686520736571206E756D626572206F77
:1077500066204669726D776172652064617461208C
:10776000697320696E76616C696400004669726DA8
:1077700077617265207479706520697320696E760F
:10778000616C696400000000506C6561736520697C
:107790006E7075742076616C6964206C656E6774B8
:1077A0006820636F6D6D616E640000005472792013
:1077B000616761696E206F7220636865636B207416
:1077C0006865206669726D77617265206F722063EB
:1077D0006F6D6D616E640000496E76616C69642046
:1077E000696E70757420636F6D6D616E640000006A
:1077F000496E76616C6964206C656E677468206F91
:107800006620696E70757420636F6D6D616E6400C3
:10781000506C6561736520666C7920776865726568
:107820002074686520475053207369676E616C202F
:10783000697320676F6F64004572726F72206163B5
:1078400063657373696E67207468652053442043D1
:107850006172640043616D65726120686173206EBE
:107860006F205344204361726400000052657365C9
:1078700072766564206572726F7220636F64650052
:10788000696E76616C696420686D7320636F6465EE
:10789000000000006475706C696361746520686D38
:1078A0007320636F64650000506C656173652063CD
:1078B0006865636B20746865205243206D6F646552
:1078C000000000006C6F7720766F6C746167650054
:1078D000737065656420746F6F206C6172676500FA
:1078E00043616D6572612069732062757379206FE1
:1078F000722074686520636F6D6D616E64206973BA
:10790000206E6F7420737570706F72746564206977
:107910006E207468652043616D6572612773206312
:10792000757272656E742073746174650000000076
:10793000506C6561736520636865636B2068617373
:10794000682076616C756520616E6420706172617B
:107950006D2076616C756500506C6561736520649F
:107960006F206974206265666F7265206F72206196
:10797000667465722074616B696E67206F6666005D
:107980006E6F77206D6F746F72206973206F6666FB
:1079900000000000506C6561736520646F2069749D
:1079A000206265666F7265206F7220616674657211
:1079B000206C616E64696E67000000004E6F742079
:1079C000616C6C6F77656420746F206F627461699D
:1079D0006E2F72656C65617365206A6F7973746967
:1079E000636B20636F6E74726F6C20617574686F67
:1079F00072697479207768656E2064726F6E652095
:107A00006973206C616E64696E6700006E6F20643C
:107A100065736372697074696F6E207768656E2034
:107A20007265676973746572206172726573742D13
:107A3000666C79696E6700006E756C6C20706F699A
:107A40006E746572207768656E20726567697374FD
:107A500065722F6C6F676F757420617272657374D5
:107A60002D666C79696E6700656D657267656E631A
:107A7000792073746F70206D6F746F7220766572E9
:107A800073696F6E206E6F74206D6174636800009F
:107A9000506C6561736520636865636B207468650D
:107AA0002076616C6964697479206F6620746865FA
:107AB00020706172616D65746572206C656E6774AB
:107AC000680000005468652043616D65726127732A
:107AD00020534420436172642069732066756C6C86
:107AE0000000000072656164206F72207772697413
:107AF0006520696E76616C696420706172616D00E9
:107B00005468652063757272656E74207374617455
:107B100075732069732062726F6B656E00000000E0
:107B20006E6F77206D6F746F72206973206F6E00B7
:107B3000416374697661746520612077726F6E6746
:107B4000206F73646B2076657273696F6E0000003E
:107B5000696E76616C69642047505320636F6F7261
:107B600064696E617465207768656E207365742042
:107B7000415050206F7220524320746F2062652064
:107B8000686F6D65206C6F636174696F6E000000D3
:107B9000506C656173652077616974696E672066F2
:107BA0006F72206169726372616674207265636FBF
:107BB0007264696E6720686F6D65206C6F636174B5
:107BC000696F6E00696E2073696D756C6174696FA1
:107BD0006E0000004E6F20617574686F72697A6183
:107BE00074696F6E000000004E6F7420616C6C6FE2
:107BF00077656420746F206F627461696E2F72659F
:107C00006C65617365206A6F79737469636B206357
:107C10006F6E74726F6C20617574686F72697479BD
:107C2000207768656E2064726F6E652069732065C9
:107C30007865637574696E67207263206C6F737406
:107C400020616374696F6E0073657420686F6D6581
:107C5000206C6F636174696F6E206661696C2C20A3
:107C6000756E6B6E6F776E20726561736F6E00005C
:107C7000506C6561736520736C6F7720646F776EED
:107C800000000000436865636B20746865207661BE
:107C90006C6964697479206F66207468652070610E
:107CA00072616D6574657200686D7320636F6465E1
:107CB000206973206E6F7420696E2077686974651F
:107CC000206C69737420666F7220616C6C6F7769C9
:107CD0006E672073746F70206D6F746F7220696EA1
:107CE0002074686520616972000000006169726338
:107CF0007261667420697320696E20616972000088
:107D00006169726372616674206973206E6F74209A
:107D1000696E206169720000556E646566696E6502
:107D200064206572726F7200416374697661746574
:107D30002061206E657720646576696365206572D1
:107D4000726F720041637469766174696F6E206549
:107D50006E636F6465206572726F7200466972733C
:107D60007420776179706F696E7420747970652002
:107D70006572726F7200000043616D657261206808
:107D800061726477617265206572726F72000000C3
:107D900043616D65726120666C61736820777269FA
:107DA0007465206572726F72000000004669726D22
:107DB0007761726520636865636B206572726F72AC
:107DC0000000000043616D65726120737973746512
:107DD0006D206572726F7200556E6B6E6F776E20DC
:107DE00073797374656D206572726F7200000000A4
:107DF00043616D6572612073656E736F7220657289
:107E0000726F72004E6F20726967687473206572BA
:107E1000726F72004163746976617465206B657975
:107E2000206572726F72000063616E206E6F742045
:107E30007374617274206D6F746F720043616D654D
:107E4000726120726563656976656420696E76612A
:107E50006C696420706172616D6574657273000095
:107E6000506C6561736520636865636B2074686539
:107E70002076616C6964697479206F662074686526
:107E80002061637469766174696F6E2070617261DC
:107E90006D657465727300007265676973746572ED
:107EA0002F6C6F676F75742F6578656375746520C7
:107EB0006172726573742D666C79696E6720737573
:107EC00063636573730000004F627461696E2F52C3
:107ED000656C65617365206A6F79737469636B2083
:107EE000617574686F726974792073756363657303
:107EF00073000000497420697320746F6F20636CF5
:107F00006F73652066726F6D2074776F2061646A8D
:107F10006163656E7420776179706F696E74730048
:107F20004E6F7420696E2070617573656420737480
:107F300061747573000000004E6F7420696E2062DA
:107F40007265616B2073746174757300506C656148
:107F5000736520636865636B206D6F746F72207347
:107F60007461747573000000506C65617365206303
:107F70006865636B20616972637261667420666C08
:107F800069676874207374617475730043616D650B
:107F900072612063616E6E6F74206E6F74207570F5
:107FA000677261646520696E2063757272656E74B4
:107FB0002073746174757300696E76616C696420F6
:107FC000686D7320636F646520666F726D61740005
:107FD000506C6561736520616374697661746520B6
:107FE0007468726F7567682074686520444A492018
:107FF000417373697374616E742032207769746899
:1080000020496E7465726E6574000000686F6D655E
:1080100020706F696E74206E6F7420736574000039
:10802000446973636F6E6E6563742077697468204A
:10803000616972637261667400000000546869735C
:108040002065727220636F646520696E6469636184
:1080500074652063616D657261206661696C20746E
:108060006F206578656320636F72657373706F6EE0
:1080700064696E6720636D640920616E64207468B2
:1080800065206C6F7720382062697400506C6561E0
:1080900073652073657420686F6D6520706F696EFD
:1080A00074000000686D7320636F6465206973203D
:1080B0006E6F7420696E206172726573742D666CC8
:1080C00079696E67207768697465206C69737400DC
:1080D000506C6561736520657869742073696D758E
:1080E0006C6174696F6E20666972737400000000C1
:1080F000506C65617365206F627461696E206A6F90
:1081000079737469636B20617574686F72697479CF
:10811000206669727374000043616D657261277334
:1081200020657865637574696F6E206F662074686A
:10813000697320616374696F6E206861732074696C
:108140006D6564206F75740052656D6F74652043B2
:108150006F6E74726F6C20697320646973636F6EE5
:108160006E6563746564206E6F77000045786563A3
:1081700075746520776179706F696E74207632202E
:10818000636D64207375636365737366756C6C7976
:1081900000000000506C656173652066696E69734C
:1081A000682061637469766174696F6E20666972B4
:1081B00073746C7900000000506C65617365206316
:1081C00068616E6765206261747465727900000091
:1081D00043616D65726127732065786563757469A5
:1081E0006F6E206F66207468697320616374696FB5
:1081F0006E206973206F7574206F66206D656D6FDA
:1082000072790000436865636B2074686520666955
:10821000726D77617265206F7220636F6D6D616E34
:10822000642076616C696469747900004E6F742013
:10823000616C6C6F77656420746F2072656C65612A
:108240007365206A6F79737469636B20636F6E74F2
:10825000726F6C20617574686F72697479207768C9
:10826000656E2064726F6E6520686173206E6F208A
:108270006A6F79737469636B20617574686F726972
:10828000747900005B25733A2564292063616C636F
:10829000756C617465207265616C74696D652062CE
:1082A000616E64776964746820696E20666C6F77AC
:1082B00020636F6E74726F6C6C6572206572726F82
:1082C000723A2030782530386C6C582E000000004F
:1082D0005B25733A2564292073656E64206461749C
:1082E000612066726F6D20686F6F6B2066756E63BC
:1082F00074696F6E206572726F722C2073697A6573
:10830000206F66206461746120746F206265207341
:10831000656E742069732025642C207265616C2061
:1083200073656E642073697A652069732025642EF5
:10833000000000005B25733A2564292067657420DE
:10834000627566666572206572726F722C20736941
:108350007A65206F66206461746120746F206265A5
:1083600020676F7474656E2069732025642C2072F9
:1083700065616C206765742073697A652069732074
:1083800025642E005B25733A25642920446F6E27EF
:108390007420737570706F72742074686973206DC7
:1083A0006F64756C65206F6E2074686973206169F5
:1083B00072637261667420616E64206D6F756E7495
:1083C00020706F736974696F6E0000005B25733AEB
:1083D00025642920446F6E277420737570706F7246
:1083E00074206669726577616C6C2066756E637463
:1083F000696F6E206F6E20746869732061697263A3
:108400007261667420616E64206D6F756E74207089
:108410006F736974696F6E005B25733A2564292058
:10842000737562736372696265206F746865722028
:1084300063616D6572612073797374656D20737407
:10844000617465206661696C3A20726573202564E9
:108450002C207375625265732025642E0000000085
:108460005B25733A256429207375627363726962B0
:1084700065206F746865722063616D657261206C40
:10848000656E7320706172616D65746572732066CC
:1084900061696C3A207265732025642C20737562C3
:1084A0005265732025642E005B25733A25642920CC
:1084B00050726570617265206465766369652072CB
:1084C0006567697374657220696E666F3A206368C8
:1084D000616E6E6520747970653A2025642C205693
:1084E00049443A5049443D253034583A25303458AF
:1084F000000000005B25733A2564292070726F64C8
:10850000756374206964656E74697479207061792B
:108510006C6F6164206E65676F7469617465207645
:10852000657273696F6E2061636B206572726F7222
:108530003A30782530386C6C580000005B25733A6F
:108540002564292070726F64756374206964656E98
:1085500074697479207061796C6F6164206E6567ED
:108560006F74696174652064657620696E666F203A
:1085700061636B206572726F723A30782530386CA7
:108580006C5800005B25733A256429205061796C92
:108590006F6164206E65676F7469617465207573BF
:1085A000652064656661756C7420697020636F6E08
:1085B00066696720666F7220636F6D7061746962AF
:1085C000696C6974790000005B25733A2564292081
:1085D000436F6E76657274206E65676F746961743F
:1085E000696F6E20706F736974696F6E20746F208D
:1085F0007265616C20706F736974696F6E2066615B
:10860000696C65642C206572726F7220636F64659B
:108610002030782530385800646576496E666F4D95
:10862000736771005B25733A256429206E616D655F
:108630000920202020202020202020202020202051
:1086400020657865637574696F6E2074696D652047
:10865000286D73290920206D617820657865637520
:1086600074696F6E2074696D6520286D7329000030
:108670005B25733A2564292066696E642072656CF7
:1086800061746976652074696D6573206F66206416
:10869000617461206C656E67746820756E69742002
:1086A0006572726F723A2030782530386C6C582EB3
:1086B000000000005B25733A25642920446A69574D
:1086C00069646765744A736F6E5061727365725F37
:1086D00057696467657454797065537472546F4553
:1086E0006E756D206572726F722C207374617420C8
:1086F0003D2030782530386C6C5800007363616C15
:10870000650000005B25733A256429204A736F6E6B
:108710002066696C653A2063616E27742066696E15
:1087200064203C7769646765745F747970653E2086
:108730006974656D20696E2077696467657420636C
:108740006F6E6669670000005B25733A2564292017
:108750004A736F6E2066696C653A2063616E277498
:108760002066696E64203C7769646765745F696E32
:108770006465783E206974656D20696E2077696450
:1087800067657420636F6E6669670000737769744C
:1087900063680000627574746F6E00006C697374B6
:1087A00000000000696E745F696E7075745F626FBF
:1087B000780000005B25733A2564292043757272A6
:1087C000656E746C7920737570706F72747320614C
:1087D000206D6178696D756D206F66203130207372
:1087E0007562736372697074696F6E2063616C6C1B
:1087F0006261636B2062792073616D6520746F70B4
:1088000069632E005B25733A2564292043616E203D
:108810006E6F7420737570706F72742066726571FC
:1088200075656E637920313030487A2C20323030D3
:10883000487A20616E6420343030487A206F6E2090
:10884000746869732061697263726166742E0000D6
:108850005B25733A256429205468697320746F700E
:10886000696320686173206E6F7420626520737580
:1088700062736372696265642E20506C6561736512
:10888000207573652027446A694663537562736374
:1088900072697074696F6E5F537562736372696237
:1088A00065546F7069632720746F207375627363FA
:1088B000726962652069742E000000005B25733ABE
:1088C0002564292052656376207075626C6973682F
:1088D000206461746120696E666F2C20746F70690A
:1088E000635F6C656E3A20256420746F7069633A2B
:1088F0002025732C20686F73742025642025642C38
:108900002073697A653A2025640000005B25733A7C
:108910002564292043757272656E746C79207375B5
:1089200070706F7274732061206D6178696D756D00
:10893000206F66202564207375627363726970749A
:10894000696F6E2063616C6C6261636B7320627926
:108950002073616D6520746F7069632E00000000E4
:108960005B25733A256429205374617274207375F2
:108970006273637269626520746F706963206E61EF
:108980006D65203D2025732C20746F70696320690C
:108990006E646578203D20256420404167656E74D3
:1089A00020307825303458005B25733A256429201F
:1089B000426567696E20756E737562736372696272
:1089C0006520746F706963206E616D65203D2025A0
:1089D0007320746F70696320696E646578203D2030
:1089E0002564204030782530345800005B25733AE8
:1089F00025642920506C656173652067657420705B
:108A00006F736974696F6E206F6620457874656E48
:108A100073696F6E20506F72742056322062792015
:108A20006E65676F74696174696F6E2072657375C6
:108A30006C74000039394E005B25733A2564292097
:108A4000676574206D6F756E7420706F73697469DB
:108A50006F6E206279206E65676F74696174696FEB
:108A60006E20726573756C74206661696C65642C28
:108A7000206572726F7220307825303858000000FF
:108A8000384E58005B25733A2564292067657420A9
:108A900073657269616C206E756D626572206F66B8
:108AA0002073646B206164617074657220666F72FC
:108AB00020706879736963616C20706F7369746981
:108AC0006F6E3A20256400006E6F6E650000000036
:108AD0005B25733A256429205265636569766520B4
:108AE00073656320636D643A2025642C207375627E
:108AF0002D636D643A2025642C7665723A202564D6
:108B00002C20666C61673A2025642C207365737392
:108B1000696F6E5F69643A2025642C207265763A2D
:108B2000202564005B25733A256429204964656E1D
:108B30007469667920616972637261667420736515
:108B40007269616C206E756D626572203D20252E04
:108B50003136732C204669726D77617265203D2035
:108B600025642E25642E25642E2564005B25733A2A
:108B700025642920416E74692072656720646174E0
:108B80006120737562736372697470696F6E2063BC
:108B90006F6D6D616E642068616E646C65722065D6
:108BA00072726F723A203078253038582E000000EB
:108BB0005B25733A25642920636865636B207768B9
:108BC000657468657220746F7069632068617320D2
:108BD0006265656E20737562736372696265642E87
:108BE000204572726F723A2030782530386C6C589C
:108BF0002E0000005B25733A25642920506C6561C6
:108C0000736520617474656D707420746F2063687F
:108C1000616E676520746865206672657175656E42
:108C2000637920746F2061732073616D65206173B7
:108C3000206120737562736372696265642070617C
:108C4000636B6167652E00005B25733A25642920FC
:108C5000257325732573202844657461696C733A04
:108C60002920546F706963206D61792062652069E5
:108C70006E76616C69642C20706C6561736520632D
:108C80006865636B20696E70757420706172616DC8
:108C900065746572732E00005B25733A2564292084
:108CA0007073646B277320646473207665727369D4
:108CB0006F6E20697320646966666572656E7420E4
:108CC00066726F6D205541562C207073646B27734C
:108CD000206464732076657273696F6E20697320F7
:108CE00025642C2055415620646473207665727388
:108CF000696F6E2069732025642E6E6F772063681C
:108D0000616E6765207073646B27732064647320E1
:108D100076657269736F6E20746F2025642E000073
:108D20005B25733A25642920436865636B696E6728
:108D30002076657273696F6E206973206E6F742080
:108D400079657420737570706F72746564206F6ECE
:108D50002074686520444453204167656E74203355
:108D60002E302E005B25733A256429204661696CFC
:108D7000656420746F20757064617465207065721D
:108D8000696F64206F6620746F7069633A20257381
:108D90002C2072657475726E20636F646520307864
:108DA000253038582C207273705F636F64652025FE
:108DB000640000005B25733A256429204661696CD4
:108DC000656420746F2073756273637269626520D5
:108DD000746F20746F7069633A2025732C2072655C
:108DE0007475726E20636F64652030782530385852
:108DF0002C207273705F636F64652025640000002F
:108E00005B25733A256429204661696C656420748A
:108E10006F2073746F7020746F2073756273637248
:108E200069626520746F20746F7069633A202573DE
:108E30002C2072657475726E20636F6465203078C3
:108E4000253038582C207273705F636F646520255D
:108E5000640000005B25733A25642920446F776E17
:108E60006C6F61642066696C65206F626A6563740B
:108E700020696E666F2C20696E646578203D202520
:108E80006420206472697665203D20256420747911
:108E90007065203D202564206F6666736574203DF3
:108EA0002025642073697A65203D20256400000038
:108EB0005B25733A2564292043616E206E6F742010
:108EC00066696E6420746F70696328307825303865
:108ED000582920696E20746865207061636B616732
:108EE000652C20756E61626C6520746F20646F2044
:108EF00063757474696E67005B25733A2564292075
:108F00007265736574207075626C69736865722030
:108F10007375636365737366756C6C79203A206E44
:108F2000616D653D3078253032582C20766572733E
:108F3000696F6E3D30782530385800005B25733AF4
:108F400025642920766572696679207075626C697E
:108F500073686572207375636365737366756C6C93
:108F600079203A206E616D653D3078253032582C7D
:108F70002076657273696F6E3D3078253038580001
:108F80005B25733A256429205265636569766520FF
:108F900064617461206F6620746F7069632025645A
:108FA0002063616C6C6261636B20657865637574C6
:108FB00065206661696C3A2030782530386C6C58D1
:108FC0002E20506C6561736520636865636B206358
:108FD0006F72726573706F6E64696E672063616C27
:108FE0006C6261636B2066756E6374696F6E2E00D0
:108FF0005B25733A2564292043616E6E6F74206689
:10900000696E642074686520646174612073697A94
:1090100065206F6620746F7069632830782530385A
:10902000582920696E2074686520746F7069632008
:1090300070617261207461626C6500007C9004084C
:109040000000002058410000A010000860940408AF
:1090500000C00120A8030000A010000860940408CC
:1090600058410020CC7C0100FCC50208C0950408D2
:10907000A8C30120783A0000FCC5020801FF01FFE7
:1090800001FF01FF01FF01FF01FF01FF01FF01FFE0
:1090900001FF01FF01FF01FF01FF01FF01FF01FFD0
:1090A00001FF01FF01FF01FF01FF01FF01FF01FFC0
:1090B00001FF01FF01FF01FF01FF01FF01FF01FFB0
:1090C00001FF01FF01FF01FF01FF01FF01FF01FFA0
:1090D00001FF01FF01FF01FF01FF01FF01FF01FF90
:1090E00001FF01FF01FF511EB4150408AC041AA4CE
:1090F000041A9C041E041604080C041AB00423D994
:109100000E1E97640308300C2359081EB32203086F
:10911000580C1A420C1E0C2B03081C0C23FC091EB5
:109120004E330308440C23120A1E4A3D03086C0CFC
:109130001A88181E5C4703087C0C1AE10C1EE450C8
:109140000308940C1AD20C15C55A03085324F41AB8
:10915000AA01014C1AC46432E01E81A50208210450
:10916000180CADA40208A5A70208E9A802B60122BE
:10917000021001045421212282130F1063616D65D6
:10918000726188491890095F6D616E616765720050
:1091900008110267696D62616C4A0318F9300008B2
:1091A000110666635F737562B80C0F666C69676859
:1091B000745F6374724D05140C686D7300081104BC
:1091C0007769646765749F05737065616B7171057C
:1091D0001407777033000910087570677261646551
:1091E000E00B0974696D655F73796E63F00A0A704C
:1091F0006F736974696F6EFF0B706F776572EF1133
:10920000F00A0D6C69766576696577F8080E706509
:10921000726365704A0514106D6F701E116C6F7764
:109220005FDCA765645F63686C0E1112686967682C
:1092300019125212531A010612333A020C1A03067B
:109240001A73123A53123A53121A53120110320E71
:109250001812F1620108CD690108E567010841684B
:10926000010819041AF50C0114136DBC3308012907
:109270000429068BC1BA103202ABC9B82021AB89D0
:10928000B710120213C5B6395829103204691041BB
:109290001AFF018B25C01001151201A303054BDB3A
:1092A00059066A01700110134DDF140821DE4C08C5
:1092B00049E2581A89081A2114012C5AA93013F5C9
:1092C000E8140845E44C0839EC1013E9EF0C1408D5
:1092D00011E74C69F4180A154D02084D4A0208B905
:1092E000041A8904180A7D4C0208594B02086104CB
:1092F0008113E1D114088DCD4C0889D54C1375DB51
:109300000C1008ADD0583954180D5A01085D56019B
:1093100008F5580108750809167C32023203320438
:1093200032053206320729313209320A320B320C49
:10933000320D320E320F3210321132132A14C03174
:109340003216321732183219321A321B321C321DC1
:10935000321E321F32203221322232123223322484
:1093600032253226322732283229322A322B322C29
:10937000322D423012C32B012F483A3A4B01111EB5
:10938000DD3D010801DE1ADC205A02080124021F1B
:1093900001021F02021F03021F04021F05021F0613
:1093A000021F07021F08021F09021F0A021F0B02E9
:1093B0001F0C021F0D021F0E021F0F021F10021FA3
:1093C00011021F13021F14021F15021F16021F177E
:1093D000021F18021F19021F1A021F1B021F1C0264
:1093E0001F1D021F1E021F1F021F20021F21021F1E
:1093F00022021F12021F23021F24021F25021F2602
:10940000021F27021F28021F29021F2A021F2B02E8
:109410001F2C021F2D02273032011EA5F50208392C
:10942000041E1DF6020819041AF50C1AE9081A851B
:10943000042A21041910455CC301201A6808802100
:1094400005210108591E01083D160108A51B010848
:10945000E91F0108491D0108951301088D1A01082B
:1094600001141E9DC502084104363908030808137B
:10947000E8343320010264103C100240042971F1E9
:109480001E381F040828041A30041A20041A400445
:109490001A48041A44041A4C0441DA8138323C3622
:1094A000A02C04080232431A900C32039A440C3266
:1094B0004D1AD00C32049A4F0C324E1AB80C3207A7
:1094C00032591AC00C3205325B1A880C32063263EC
:1094D0001AC80C297D1ADE4D690C1AE80C1A980C72
:1094E00032093264690C32671AB00C5A0A0C5AA855
:1094F0000C0111D9C801184B545AF8012806231839
:10950000860408286955698769088202622019E77C
:1095100061BA040731528092050A1310DF69085AB4
:10952000E8496960CC40420F60ACCA9A3B3C9E104F
:10953000C2012006401A7010697C13C1FF1408F99B
:10954000F9481008010501087901010829090108F5
:1095500055FDD31A89141AA5101A392041ADC88AAD
:109560000408041A80041A34045A2859180A8D5021
:109570000208654E020889041A7B041A15101B0D97
:109580004F101904C1180AE95F0108B15B01081DF9
:10959000081A09044113F84033202A1AFC0869A864
:1095A000C11817D5FC0208DDFA020841FD0208B512
:1095B000F9020821FF020871FE08191401100000C9
:040000050800018965
:00000001FF
